 0x05, 0x88, 0x22, 0x06, 0x6c, 0x69, 0x62, 0x14,
 0x70, 0x61, 0x72, 0x73, 0x65, 0x46, 0x6c, 0x6f,
 0x61, 0x74, 0x10, 0x70, 0x61, 0x72, 0x73, 0x65,
 0x49, 0x6e, 0x74, 0x02, 0x72, 0x14, 0x53, 0x69,
 0x6e, 0x67, 0x6c, 0x65, 0x4c, 0x69, 0x6e, 0x65,
 0x12, 0x4d, 0x75, 0x6c, 0x74, 0x69, 0x4c, 0x69,
 0x6e, 0x65, 0x10, 0x48, 0x54, 0x4d, 0x4c, 0x4f,
 0x70, 0x65, 0x6e, 0x12, 0x48, 0x54, 0x4d, 0x4c,
 0x43, 0x6c, 0x6f, 0x73, 0x65, 0x1e, 0x48, 0x61,
 0x73, 0x68, 0x62, 0x61, 0x6e, 0x67, 0x43, 0x6f,
 0x6d, 0x6d, 0x65, 0x6e, 0x74, 0x20, 0x55, 0x6e,
 0x65, 0x78, 0x70, 0x65, 0x63, 0x74, 0x65, 0x64,
 0x20, 0x74, 0x6f, 0x6b, 0x65, 0x6e, 0x2c, 0x55,
 0x6e, 0x65, 0x78, 0x70, 0x65, 0x63, 0x74, 0x65,
 0x64, 0x20, 0x74, 0x6f, 0x6b, 0x65, 0x6e, 0x3a,
 0x20, 0x27, 0x25, 0x30, 0x27, 0x6a, 0x4f, 0x63,
 0x74, 0x61, 0x6c, 0x20, 0x65, 0x73, 0x63, 0x61,
 0x70, 0x65, 0x20, 0x73, 0x65, 0x71, 0x75, 0x65,
 0x6e, 0x63, 0x65, 0x73, 0x20, 0x61, 0x72, 0x65,
 0x20, 0x6e, 0x6f, 0x74, 0x20, 0x61, 0x6c, 0x6c,
 0x6f, 0x77, 0x65, 0x64, 0x20, 0x69, 0x6e, 0x20,
 0x73, 0x74, 0x72, 0x69, 0x63, 0x74, 0x20, 0x6d,
 0x6f, 0x64, 0x65, 0x74, 0x4f, 0x63, 0x74, 0x61,
 0x6c, 0x20, 0x65, 0x73, 0x63, 0x61, 0x70, 0x65,
 0x20, 0x73, 0x65, 0x71, 0x75, 0x65, 0x6e, 0x63,
 0x65, 0x73, 0x20, 0x61, 0x72, 0x65, 0x20, 0x6e,
 0x6f, 0x74, 0x20, 0x61, 0x6c, 0x6c, 0x6f, 0x77,
 0x65, 0x64, 0x20, 0x69, 0x6e, 0x20, 0x74, 0x65,
 0x6d, 0x70, 0x6c, 0x61, 0x74, 0x65, 0x20, 0x73,
 0x74, 0x72, 0x69, 0x6e, 0x67, 0x73, 0x5a, 0x5c,
 0x38, 0x20, 0x61, 0x6e, 0x64, 0x20, 0x5c, 0x39,
 0x20, 0x61, 0x72, 0x65, 0x20, 0x6e, 0x6f, 0x74,
 0x20, 0x61, 0x6c, 0x6c, 0x6f, 0x77, 0x65, 0x64,
 0x20, 0x69, 0x6e, 0x20, 0x74, 0x65, 0x6d, 0x70,
 0x6c, 0x61, 0x74, 0x65, 0x20, 0x73, 0x74, 0x72,
 0x69, 0x6e, 0x67, 0x73, 0x4a, 0x50, 0x72, 0x69,
 0x76, 0x61, 0x74, 0x65, 0x20, 0x69, 0x64, 0x65,
 0x6e, 0x74, 0x69, 0x66, 0x69, 0x65, 0x72, 0x20,
 0x23, 0x25, 0x30, 0x20, 0x69, 0x73, 0x20, 0x6e,
 0x6f, 0x74, 0x20, 0x64, 0x65, 0x66, 0x69, 0x6e,
 0x65, 0x64, 0x3e, 0x49, 0x6c, 0x6c, 0x65, 0x67,
 0x61, 0x6c, 0x20, 0x55, 0x6e, 0x69, 0x63, 0x6f,
 0x64, 0x65, 0x20, 0x65, 0x73, 0x63, 0x61, 0x70,
 0x65, 0x20, 0x73, 0x65, 0x71, 0x75, 0x65, 0x6e,
 0x63, 0x65, 0x2a, 0x49, 0x6e, 0x76, 0x61, 0x6c,
 0x69, 0x64, 0x20, 0x63, 0x6f, 0x64, 0x65, 0x20,
 0x70, 0x6f, 0x69, 0x6e, 0x74, 0x20, 0x25, 0x30,
 0x46, 0x49, 0x6e, 0x76, 0x61, 0x6c, 0x69, 0x64,
 0x20, 0x68, 0x65, 0x78, 0x61, 0x64, 0x65, 0x63,
 0x69, 0x6d, 0x61, 0x6c, 0x20, 0x65, 0x73, 0x63,
 0x61, 0x70, 0x65, 0x20, 0x73, 0x65, 0x71, 0x75,
 0x65, 0x6e, 0x63, 0x65, 0x5a, 0x4f, 0x63, 0x74,
 0x61, 0x6c, 0x20, 0x6c, 0x69, 0x74, 0x65, 0x72,
 0x61, 0x6c, 0x73, 0x20, 0x61, 0x72, 0x65, 0x20,
 0x6e, 0x6f, 0x74, 0x20, 0x61, 0x6c, 0x6c, 0x6f,
 0x77, 0x65, 0x64, 0x20, 0x69, 0x6e, 0x20, 0x73,
 0x74, 0x72, 0x69, 0x63, 0x74, 0x20, 0x6d, 0x6f,
 0x64, 0x65, 0x92, 0x01, 0x44, 0x65, 0x63, 0x69,
 0x6d, 0x61, 0x6c, 0x20, 0x69, 0x6e, 0x74, 0x65,
 0x67, 0x65, 0x72, 0x20, 0x6c, 0x69, 0x74, 0x65,
 0x72, 0x61, 0x6c, 0x73, 0x20, 0x77, 0x69, 0x74,
 0x68, 0x20, 0x61, 0x20, 0x6c, 0x65, 0x61, 0x64,
 0x69, 0x6e, 0x67, 0x20, 0x7a, 0x65, 0x72, 0x6f,
 0x20, 0x61, 0x72, 0x65, 0x20, 0x66, 0x6f, 0x72,
 0x62, 0x69, 0x64, 0x64, 0x65, 0x6e, 0x20, 0x69,
 0x6e, 0x20, 0x73, 0x74, 0x72, 0x69, 0x63, 0x74,
 0x20, 0x6d, 0x6f, 0x64, 0x65, 0x36, 0x45, 0x78,
 0x70, 0x65, 0x63, 0x74, 0x65, 0x64, 0x20, 0x6e,
 0x75, 0x6d, 0x62, 0x65, 0x72, 0x20, 0x69, 0x6e,
 0x20, 0x72, 0x61, 0x64, 0x69, 0x78, 0x20, 0x25,
 0x30, 0x86, 0x01, 0x49, 0x6e, 0x76, 0x61, 0x6c,
 0x69, 0x64, 0x20, 0x6c, 0x65, 0x66, 0x74, 0x2d,
 0x68, 0x61, 0x6e, 0x64, 0x20, 0x73, 0x69, 0x64,
 0x65, 0x20, 0x61, 0x73, 0x73, 0x69, 0x67, 0x6e,
 0x6d, 0x65, 0x6e, 0x74, 0x20, 0x74, 0x6f, 0x20,
 0x61, 0x20, 0x64, 0x65, 0x73, 0x74, 0x72, 0x75,
 0x63, 0x74, 0x69, 0x62, 0x6c, 0x65, 0x20, 0x72,
 0x69, 0x67, 0x68, 0x74, 0x2d, 0x68, 0x61, 0x6e,
 0x64, 0x20, 0x73, 0x69, 0x64, 0x65, 0x52, 0x4e,
 0x6f, 0x6e, 0x2d, 0x6e, 0x75, 0x6d, 0x62, 0x65,
 0x72, 0x20, 0x66, 0x6f, 0x75, 0x6e, 0x64, 0x20,
 0x61, 0x66, 0x74, 0x65, 0x72, 0x20, 0x65, 0x78,
 0x70, 0x6f, 0x6e, 0x65, 0x6e, 0x74, 0x20, 0x69,
 0x6e, 0x64, 0x69, 0x63, 0x61, 0x74, 0x6f, 0x72,
 0x2a, 0x49, 0x6e, 0x76, 0x61, 0x6c, 0x69, 0x64,
 0x20, 0x42, 0x69, 0x67, 0x49, 0x6e, 0x74, 0x4c,
 0x69, 0x74, 0x65, 0x72, 0x61, 0x6c, 0x6a, 0x4e,
 0x6f, 0x20, 0x69, 0x64, 0x65, 0x6e, 0x74, 0x69,
 0x66, 0x69, 0x65, 0x72, 0x73, 0x20, 0x61, 0x6c,
 0x6c, 0x6f, 0x77, 0x65, 0x64, 0x20, 0x64, 0x69,
 0x72, 0x65, 0x63, 0x74, 0x6c, 0x79, 0x20, 0x61,
 0x66, 0x74, 0x65, 0x72, 0x20, 0x6e, 0x75, 0x6d,
 0x65, 0x72, 0x69, 0x63, 0x20, 0x6c, 0x69, 0x74,
 0x65, 0x72, 0x61, 0x6c, 0x68, 0x45, 0x73, 0x63,
 0x61, 0x70, 0x65, 0x73, 0x20, 0x5c, 0x38, 0x20,
 0x6f, 0x72, 0x20, 0x5c, 0x39, 0x20, 0x61, 0x72,
 0x65, 0x20, 0x6e, 0x6f, 0x74, 0x20, 0x73, 0x79,
 0x6e, 0x74, 0x61, 0x63, 0x74, 0x69, 0x63, 0x61,
 0x6c, 0x6c, 0x79, 0x20, 0x76, 0x61, 0x6c, 0x69,
 0x64, 0x20, 0x65, 0x73, 0x63, 0x61, 0x70, 0x65,
 0x73, 0x5e, 0x45, 0x73, 0x63, 0x61, 0x70, 0x65,
 0x73, 0x20, 0x5c, 0x38, 0x20, 0x6f, 0x72, 0x20,
 0x5c, 0x39, 0x20, 0x61, 0x72, 0x65, 0x20, 0x6e,
 0x6f, 0x74, 0x20, 0x61, 0x6c, 0x6c, 0x6f, 0x77,
 0x65, 0x64, 0x20, 0x69, 0x6e, 0x20, 0x73, 0x74,
 0x72, 0x69, 0x63, 0x74, 0x20, 0x6d, 0x6f, 0x64,
 0x65, 0x36, 0x55, 0x6e, 0x74, 0x65, 0x72, 0x6d,
 0x69, 0x6e, 0x61, 0x74, 0x65, 0x64, 0x20, 0x73,
 0x74, 0x72, 0x69, 0x6e, 0x67, 0x20, 0x6c, 0x69,
 0x74, 0x65, 0x72, 0x61, 0x6c, 0x3a, 0x55, 0x6e,
 0x74, 0x65, 0x72, 0x6d, 0x69, 0x6e, 0x61, 0x74,
 0x65, 0x64, 0x20, 0x74, 0x65, 0x6d, 0x70, 0x6c,
 0x61, 0x74, 0x65, 0x20, 0x6c, 0x69, 0x74, 0x65,
 0x72, 0x61, 0x6c, 0x52, 0x4d, 0x75, 0x6c, 0x74,
 0x69, 0x6c, 0x69, 0x6e, 0x65, 0x20, 0x63, 0x6f,
 0x6d, 0x6d, 0x65, 0x6e, 0x74, 0x20, 0x77, 0x61,
 0x73, 0x20, 0x6e, 0x6f, 0x74, 0x20, 0x63, 0x6c,
 0x6f, 0x73, 0x65, 0x64, 0x20, 0x70, 0x72, 0x6f,
 0x70, 0x65, 0x72, 0x6c, 0x79, 0x86, 0x01, 0x54,
 0x68, 0x65, 0x20, 0x69, 0x64, 0x65, 0x6e, 0x74,
 0x69, 0x66, 0x69, 0x65, 0x72, 0x20, 0x63, 0x6f,
 0x6e, 0x74, 0x61, 0x69, 0x6e, 0x65, 0x64, 0x20,
 0x64, 0x79, 0x6e, 0x61, 0x6d, 0x69, 0x63, 0x20,
 0x75, 0x6e, 0x69, 0x63, 0x6f, 0x64, 0x65, 0x20,
 0x65, 0x73, 0x63, 0x61, 0x70, 0x65, 0x20, 0x74,
 0x68, 0x61, 0x74, 0x20, 0x77, 0x61, 0x73, 0x20,
 0x6e, 0x6f, 0x74, 0x20, 0x63, 0x6c, 0x6f, 0x73,
 0x65, 0x64, 0x2c, 0x49, 0x6c, 0x6c, 0x65, 0x67,
 0x61, 0x6c, 0x20, 0x63, 0x68, 0x61, 0x72, 0x61,
 0x63, 0x74, 0x65, 0x72, 0x20, 0x27, 0x25, 0x30,
 0x27, 0x34, 0x4d, 0x69, 0x73, 0x73, 0x69, 0x6e,
 0x67, 0x20, 0x68, 0x65, 0x78, 0x61, 0x64, 0x65,
 0x63, 0x69, 0x6d, 0x61, 0x6c, 0x20, 0x64, 0x69,
 0x67, 0x69, 0x74, 0x73, 0x2c, 0x49, 0x6e, 0x76,
 0x61, 0x6c, 0x69, 0x64, 0x20, 0x69, 0x6d, 0x70,
 0x6c, 0x69, 0x63, 0x69, 0x74, 0x20, 0x6f, 0x63,
 0x74, 0x61, 0x6c, 0x48, 0x49, 0x6e, 0x76, 0x61,
 0x6c, 0x69, 0x64, 0x20, 0x6c, 0x69, 0x6e, 0x65,
 0x20, 0x62, 0x72, 0x65, 0x61, 0x6b, 0x20, 0x69,
 0x6e, 0x20, 0x73, 0x74, 0x72, 0x69, 0x6e, 0x67,
 0x20, 0x6c, 0x69, 0x74, 0x65, 0x72, 0x61, 0x6c,
 0x64, 0x4f, 0x6e, 0x6c, 0x79, 0x20, 0x75, 0x6e,
 0x69, 0x63, 0x6f, 0x64, 0x65, 0x20, 0x65, 0x73,
 0x63, 0x61, 0x70, 0x65, 0x73, 0x20, 0x61, 0x72,
 0x65, 0x20, 0x6c, 0x65, 0x67, 0x61, 0x6c, 0x20,
 0x69, 0x6e, 0x20, 0x69, 0x64, 0x65, 0x6e, 0x74,
 0x69, 0x66, 0x69, 0x65, 0x72, 0x20, 0x6e, 0x61,
 0x6d, 0x65, 0x73, 0x1a, 0x45, 0x78, 0x70, 0x65,
 0x63, 0x74, 0x65, 0x64, 0x20, 0x27, 0x25, 0x30,
 0x27, 0x48, 0x49, 0x6e, 0x76, 0x61, 0x6c, 0x69,
 0x64, 0x20, 0x6c, 0x65, 0x66, 0x74, 0x2d, 0x68,
 0x61, 0x6e, 0x64, 0x20, 0x73, 0x69, 0x64, 0x65,
 0x20, 0x69, 0x6e, 0x20, 0x61, 0x73, 0x73, 0x69,
 0x67, 0x6e, 0x6d, 0x65, 0x6e, 0x74, 0x4a, 0x49,
 0x6e, 0x76, 0x61, 0x6c, 0x69, 0x64, 0x20, 0x6c,
 0x65, 0x66, 0x74, 0x2d, 0x68, 0x61, 0x6e, 0x64,
 0x20, 0x73, 0x69, 0x64, 0x65, 0x20, 0x69, 0x6e,
 0x20, 0x61, 0x73, 0x79, 0x6e, 0x63, 0x20, 0x61,
 0x72, 0x72, 0x6f, 0x77, 0xe6, 0x01, 0x43, 0x61,
 0x6c, 0x6c, 0x73, 0x20, 0x74, 0x6f, 0x20, 0x73,
 0x75, 0x70, 0x65, 0x72, 0x20, 0x6d, 0x75, 0x73,
 0x74, 0x20, 0x62, 0x65, 0x20, 0x69, 0x6e, 0x20,
 0x74, 0x68, 0x65, 0x20, 0x22, 0x63, 0x6f, 0x6e,
 0x73, 0x74, 0x72, 0x75, 0x63, 0x74, 0x6f, 0x72,
 0x22, 0x20, 0x6d, 0x65, 0x74, 0x68, 0x6f, 0x64,
 0x20, 0x6f, 0x66, 0x20, 0x61, 0x20, 0x63, 0x6c,
 0x61, 0x73, 0x73, 0x20, 0x65, 0x78, 0x70, 0x72,
 0x65, 0x73, 0x73, 0x69, 0x6f, 0x6e, 0x20, 0x6f,
 0x72, 0x20, 0x63, 0x6c, 0x61, 0x73, 0x73, 0x20,
 0x64, 0x65, 0x63, 0x6c, 0x61, 0x72, 0x61, 0x74,
 0x69, 0x6f, 0x6e, 0x20, 0x74, 0x68, 0x61, 0x74,
 0x20, 0x68, 0x61, 0x73, 0x20, 0x61, 0x20, 0x73,
 0x75, 0x70, 0x65, 0x72, 0x63, 0x6c, 0x61, 0x73,
 0x73, 0x54, 0x4d, 0x65, 0x6d, 0x62, 0x65, 0x72,
 0x20, 0x61, 0x63, 0x63, 0x65, 0x73, 0x73, 0x20,
 0x6f, 0x6e, 0x20, 0x73, 0x75, 0x70, 0x65, 0x72,
 0x20, 0x6d, 0x75, 0x73, 0x74, 0x20, 0x62, 0x65,
 0x20, 0x69, 0x6e, 0x20, 0x61, 0x20, 0x6d, 0x65,
 0x74, 0x68, 0x6f, 0x64, 0x60, 0x41, 0x77, 0x61,
 0x69, 0x74, 0x20, 0x65, 0x78, 0x70, 0x72, 0x65,
 0x73, 0x73, 0x69, 0x6f, 0x6e, 0x20, 0x6e, 0x6f,
 0x74, 0x20, 0x61, 0x6c, 0x6c, 0x6f, 0x77, 0x65,
 0x64, 0x20, 0x69, 0x6e, 0x20, 0x66, 0x6f, 0x72,
 0x6d, 0x61, 0x6c, 0x20, 0x70, 0x61, 0x72, 0x61,
 0x6d, 0x65, 0x74, 0x65, 0x72, 0x60, 0x59, 0x69,
 0x65, 0x6c, 0x64, 0x20, 0x65, 0x78, 0x70, 0x72,
 0x65, 0x73, 0x73, 0x69, 0x6f, 0x6e, 0x20, 0x6e,
 0x6f, 0x74, 0x20, 0x61, 0x6c, 0x6c, 0x6f, 0x77,
 0x65, 0x64, 0x20, 0x69, 0x6e, 0x20, 0x66, 0x6f,
 0x72, 0x6d, 0x61, 0x6c, 0x20, 0x70, 0x61, 0x72,
 0x61, 0x6d, 0x65, 0x74, 0x65, 0x72, 0x46, 0x55,
 0x6e, 0x65, 0x78, 0x70, 0x65, 0x63, 0x74, 0x65,
 0x64, 0x20, 0x74, 0x6f, 0x6b, 0x65, 0x6e, 0x3a,
 0x20, 0x27, 0x65, 0x73, 0x63, 0x61, 0x70, 0x65,
 0x64, 0x20, 0x6b, 0x65, 0x79, 0x77, 0x6f, 0x72,
 0x64, 0x27, 0xd8, 0x01, 0x55, 0x6e, 0x61, 0x72,
 0x79, 0x20, 0x65, 0x78, 0x70, 0x72, 0x65, 0x73,
 0x73, 0x69, 0x6f, 0x6e, 0x73, 0x20, 0x61, 0x73,
 0x20, 0x74, 0x68, 0x65, 0x20, 0x6c, 0x65, 0x66,
 0x74, 0x20, 0x6f, 0x70, 0x65, 0x72, 0x61, 0x6e,
 0x64, 0x20, 0x6f, 0x66, 0x20, 0x61, 0x6e, 0x20,
 0x65, 0x78, 0x70, 0x6f, 0x6e, 0x65, 0x6e, 0x74,
 0x69, 0x61, 0x74, 0x69, 0x6f, 0x6e, 0x20, 0x65,
 0x78, 0x70, 0x72, 0x65, 0x73, 0x73, 0x69, 0x6f,
 0x6e, 0x20, 0x6d, 0x75, 0x73, 0x74, 0x20, 0x62,
 0x65, 0x20, 0x64, 0x69, 0x73, 0x61, 0x6d, 0x62,
 0x69, 0x67, 0x75, 0x61, 0x74, 0x65, 0x64, 0x20,
 0x77, 0x69, 0x74, 0x68, 0x20, 0x70, 0x61, 0x72,
 0x65, 0x6e, 0x74, 0x68, 0x65, 0x73, 0x65, 0x73,
 0x8e, 0x01, 0x41, 0x73, 0x79, 0x6e, 0x63, 0x20,
 0x66, 0x75, 0x6e, 0x63, 0x74, 0x69, 0x6f, 0x6e,
 0x73, 0x20, 0x63, 0x61, 0x6e, 0x20, 0x6f, 0x6e,
 0x6c, 0x79, 0x20, 0x62, 0x65, 0x20, 0x64, 0x65,
 0x63, 0x6c, 0x61, 0x72, 0x65, 0x64, 0x20, 0x61,
 0x74, 0x20, 0x74, 0x68, 0x65, 0x20, 0x74, 0x6f,
 0x70, 0x20, 0x6c, 0x65, 0x76, 0x65, 0x6c, 0x20,
 0x6f, 0x72, 0x20, 0x69, 0x6e, 0x73, 0x69, 0x64,
 0x65, 0x20, 0x61, 0x20, 0x62, 0x6c, 0x6f, 0x63,
 0x6b, 0x3e, 0x55, 0x6e, 0x74, 0x65, 0x72, 0x6d,
 0x69, 0x6e, 0x61, 0x74, 0x65, 0x64, 0x20, 0x72,
 0x65, 0x67, 0x75, 0x6c, 0x61, 0x72, 0x20, 0x65,
 0x78, 0x70, 0x72, 0x65, 0x73, 0x73, 0x69, 0x6f,
 0x6e, 0x44, 0x55, 0x6e, 0x65, 0x78, 0x70, 0x65,
 0x63, 0x74, 0x65, 0x64, 0x20, 0x72, 0x65, 0x67,
 0x75, 0x6c, 0x61, 0x72, 0x20, 0x65, 0x78, 0x70,
 0x72, 0x65, 0x73, 0x73, 0x69, 0x6f, 0x6e, 0x20,
 0x66, 0x6c, 0x61, 0x67, 0x4c, 0x44, 0x75, 0x70,
 0x6c, 0x69, 0x63, 0x61, 0x74, 0x65, 0x20, 0x72,
 0x65, 0x67, 0x75, 0x6c, 0x61, 0x72, 0x20, 0x65,
 0x78, 0x70, 0x72, 0x65, 0x73, 0x73, 0x69, 0x6f,
 0x6e, 0x20, 0x66, 0x6c, 0x61, 0x67, 0x20, 0x27,
 0x25, 0x30, 0x27, 0x58, 0x25, 0x30, 0x20, 0x66,
 0x75, 0x6e, 0x63, 0x74, 0x69, 0x6f, 0x6e, 0x73,
 0x20, 0x6d, 0x75, 0x73, 0x74, 0x20, 0x68, 0x61,
 0x76, 0x65, 0x20, 0x65, 0x78, 0x61, 0x63, 0x74,
 0x6c, 0x79, 0x20, 0x25, 0x31, 0x20, 0x61, 0x72,
 0x67, 0x75, 0x6d, 0x65, 0x6e, 0x74, 0x25, 0x32,
 0x6a, 0x53, 0x65, 0x74, 0x74, 0x65, 0x72, 0x20,
 0x66, 0x75, 0x6e, 0x63, 0x74, 0x69, 0x6f, 0x6e,
 0x20, 0x61, 0x72, 0x67, 0x75, 0x6d, 0x65, 0x6e,
 0x74, 0x20, 0x6d, 0x75, 0x73, 0x74, 0x20, 0x6e,
 0x6f, 0x74, 0x20, 0x62, 0x65, 0x20, 0x61, 0x20,
 0x72, 0x65, 0x73, 0x74, 0x20, 0x70, 0x61, 0x72,
 0x61, 0x6d, 0x65, 0x74, 0x65, 0x72, 0x5e, 0x25,
 0x30, 0x20, 0x64, 0x65, 0x63, 0x6c, 0x61, 0x72,
 0x61, 0x74, 0x69, 0x6f, 0x6e, 0x20, 0x6d, 0x75,
 0x73, 0x74, 0x20, 0x68, 0x61, 0x76, 0x65, 0x20,
 0x61, 0x20, 0x6e, 0x61, 0x6d, 0x65, 0x20, 0x69,
 0x6e, 0x20, 0x74, 0x68, 0x69, 0x73, 0x20, 0x63,
 0x6f, 0x6e, 0x74, 0x65, 0x78, 0x74, 0xae, 0x01,
 0x46, 0x75, 0x6e, 0x63, 0x74, 0x69, 0x6f, 0x6e,
 0x20, 0x6e, 0x61, 0x6d, 0x65, 0x20, 0x6d, 0x61,
 0x79, 0x20, 0x6e, 0x6f, 0x74, 0x20, 0x63, 0x6f,
 0x6e, 0x74, 0x61, 0x69, 0x6e, 0x20, 0x61, 0x6e,
 0x79, 0x20, 0x72, 0x65, 0x73, 0x65, 0x72, 0x76,
 0x65, 0x64, 0x20, 0x77, 0x6f, 0x72, 0x64, 0x73,
 0x20, 0x6f, 0x72, 0x20, 0x62, 0x65, 0x20, 0x65,
 0x76, 0x61, 0x6c, 0x20, 0x6f, 0x72, 0x20, 0x61,
 0x72, 0x67, 0x75, 0x6d, 0x65, 0x6e, 0x74, 0x73,
 0x20, 0x69, 0x6e, 0x20, 0x73, 0x74, 0x72, 0x69,
 0x63, 0x74, 0x20, 0x6d, 0x6f, 0x64, 0x65, 0x50,
 0x54, 0x68, 0x65, 0x20, 0x72, 0x65, 0x73, 0x74,
 0x20, 0x6f, 0x70, 0x65, 0x72, 0x61, 0x74, 0x6f,
 0x72, 0x20, 0x69, 0x73, 0x20, 0x6d, 0x69, 0x73,
 0x73, 0x69, 0x6e, 0x67, 0x20, 0x61, 0x6e, 0x20,
 0x61, 0x72, 0x67, 0x75, 0x6d, 0x65, 0x6e, 0x74,
 0x3c, 0x41, 0x20, 0x67, 0x65, 0x74, 0x74, 0x65,
 0x72, 0x20, 0x63, 0x61, 0x6e, 0x6e, 0x6f, 0x74,
 0x20, 0x62, 0x65, 0x20, 0x61, 0x20, 0x67, 0x65,
 0x6e, 0x65, 0x72, 0x61, 0x74, 0x6f, 0x72, 0x3c,
 0x41, 0x20, 0x73, 0x65, 0x74, 0x74, 0x65, 0x72,
 0x20, 0x63, 0x61, 0x6e, 0x6e, 0x6f, 0x74, 0x20,
 0x62, 0x65, 0x20, 0x61, 0x20, 0x67, 0x65, 0x6e,
 0x65, 0x72, 0x61, 0x74, 0x6f, 0x72, 0x7a, 0x41,
 0x20, 0x63, 0x6f, 0x6d, 0x70, 0x75, 0x74, 0x65,
 0x64, 0x20, 0x70, 0x72, 0x6f, 0x70, 0x65, 0x72,
 0x74, 0x79, 0x20, 0x6e, 0x61, 0x6d, 0x65, 0x20,
 0x6d, 0x75, 0x73, 0x74, 0x20, 0x62, 0x65, 0x20,
 0x66, 0x6f, 0x6c, 0x6c, 0x6f, 0x77, 0x65, 0x64,
 0x20, 0x62, 0x79, 0x20, 0x61, 0x20, 0x63, 0x6f,
 0x6c, 0x6f, 0x6e, 0x20, 0x6f, 0x72, 0x20, 0x70,
 0x61, 0x72, 0x65, 0x6e, 0xa0, 0x01, 0x4f, 0x62,
 0x6a, 0x65, 0x63, 0x74, 0x20, 0x6c, 0x69, 0x74,
 0x65, 0x72, 0x61, 0x6c, 0x20, 0x6b, 0x65, 0x79,
 0x73, 0x20, 0x74, 0x68, 0x61, 0x74, 0x20, 0x61,
 0x72, 0x65, 0x20, 0x73, 0x74, 0x72, 0x69, 0x6e,
 0x67, 0x73, 0x20, 0x6f, 0x72, 0x20, 0x6e, 0x75,
 0x6d, 0x62, 0x65, 0x72, 0x73, 0x20, 0x6d, 0x75,
 0x73, 0x74, 0x20, 0x62, 0x65, 0x20, 0x61, 0x20,
 0x6d, 0x65, 0x74, 0x68, 0x6f, 0x64, 0x20, 0x6f,
 0x72, 0x20, 0x68, 0x61, 0x76, 0x65, 0x20, 0x61,
 0x20, 0x63, 0x6f, 0x6c, 0x6f, 0x6e, 0x70, 0x46,
 0x6f, 0x75, 0x6e, 0x64, 0x20, 0x60, 0x2a, 0x20,
 0x61, 0x73, 0x79, 0x6e, 0x63, 0x20, 0x78, 0x28,
 0x29, 0x7b, 0x7d, 0x60, 0x20, 0x62, 0x75, 0x74,
 0x20, 0x74, 0x68, 0x69, 0x73, 0x20, 0x73, 0x68,
 0x6f, 0x75, 0x6c, 0x64, 0x20, 0x62, 0x65, 0x20,
 0x60, 0x61, 0x73, 0x79, 0x6e, 0x63, 0x20, 0x2a,
 0x20, 0x78, 0x28, 0x29, 0x7b, 0x7d, 0x60, 0x52,
 0x47, 0x65, 0x74, 0x74, 0x65, 0x72, 0x73, 0x20,
 0x61, 0x6e, 0x64, 0x20, 0x73, 0x65, 0x74, 0x74,
 0x65, 0x72, 0x73, 0x20, 0x63, 0x61, 0x6e, 0x20,
 0x6e, 0x6f, 0x74, 0x20, 0x62, 0x65, 0x20, 0x67,
 0x65, 0x6e, 0x65, 0x72, 0x61, 0x74, 0x6f, 0x72,
 0x73, 0x40, 0x27, 0x25, 0x30, 0x27, 0x20, 0x63,
 0x61, 0x6e, 0x20, 0x6e, 0x6f, 0x74, 0x20, 0x62,
 0x65, 0x20, 0x67, 0x65, 0x6e, 0x65, 0x72, 0x61,
 0x74, 0x6f, 0x72, 0x20, 0x6d, 0x65, 0x74, 0x68,
 0x6f, 0x64, 0x46, 0x4e, 0x6f, 0x20, 0x6c, 0x69,
 0x6e, 0x65, 0x20, 0x62, 0x72, 0x65, 0x61, 0x6b,
 0x20, 0x69, 0x73, 0x20, 0x61, 0x6c, 0x6c, 0x6f,
 0x77, 0x65, 0x64, 0x20, 0x61, 0x66, 0x74, 0x65,
 0x72, 0x20, 0x27, 0x3d, 0x3e, 0x27, 0x92, 0x01,
 0x54, 0x68, 0x65, 0x20, 0x6c, 0x65, 0x66, 0x74,
 0x2d, 0x68, 0x61, 0x6e, 0x64, 0x20, 0x73, 0x69,
 0x64, 0x65, 0x20, 0x6f, 0x66, 0x20, 0x74, 0x68,
 0x65, 0x20, 0x61, 0x72, 0x72, 0x6f, 0x77, 0x20,
 0x63, 0x61, 0x6e, 0x20, 0x6f, 0x6e, 0x6c, 0x79,
 0x20, 0x62, 0x65, 0x20, 0x64, 0x65, 0x73, 0x74,
 0x72, 0x75, 0x63, 0x74, 0x65, 0x64, 0x20, 0x74,
 0x68, 0x72, 0x6f, 0x75, 0x67, 0x68, 0x20, 0x61,
 0x73, 0x73, 0x69, 0x67, 0x6e, 0x6d, 0x65, 0x6e,
 0x74, 0x56, 0x54, 0x68, 0x65, 0x20, 0x62, 0x69,
 0x6e, 0x64, 0x69, 0x6e, 0x67, 0x20, 0x64, 0x65,
 0x63, 0x6c, 0x61, 0x72, 0x61, 0x74, 0x69, 0x6f,
 0x6e, 0x20, 0x69, 0x73, 0x20, 0x6e, 0x6f, 0x74,
 0x20, 0x64, 0x65, 0x73, 0x74, 0x72, 0x75, 0x63,
 0x74, 0x69, 0x62, 0x6c, 0x65, 0x62, 0x41, 0x73,
 0x79, 0x6e, 0x63, 0x20, 0x61, 0x72, 0x72, 0x6f,
 0x77, 0x20, 0x63, 0x61, 0x6e, 0x20, 0x6e, 0x6f,
 0x74, 0x20, 0x62, 0x65, 0x20, 0x66, 0x6f, 0x6c,
 0x6c, 0x6f, 0x77, 0x65, 0x64, 0x20, 0x62, 0x79,
 0x20, 0x6e, 0x65, 0x77, 0x20, 0x65, 0x78, 0x70,
 0x72, 0x65, 0x73, 0x73, 0x69, 0x6f, 0x6e, 0x70,
 0x43, 0x6c, 0x61, 0x73, 0x73, 0x65, 0x73, 0x20,
 0x6d, 0x61, 0x79, 0x20, 0x6e, 0x6f, 0x74, 0x20,
 0x68, 0x61, 0x76, 0x65, 0x20, 0x61, 0x20, 0x73,
 0x74, 0x61, 0x74, 0x69, 0x63, 0x20, 0x70, 0x72,
 0x6f, 0x70, 0x65, 0x72, 0x74, 0x79, 0x20, 0x6e,
 0x61, 0x6d, 0x65, 0x64, 0x20, 0x27, 0x70, 0x72,
 0x6f, 0x74, 0x6f, 0x74, 0x79, 0x70, 0x65, 0x27,
 0x42, 0x43, 0x6c, 0x61, 0x73, 0x73, 0x20, 0x63,
 0x6f, 0x6e, 0x73, 0x74, 0x72, 0x75, 0x63, 0x74,
 0x6f, 0x72, 0x20, 0x6d, 0x61, 0x79, 0x20, 0x6e,
 0x6f, 0x74, 0x20, 0x62, 0x65, 0x20, 0x61, 0x20,
 0x25, 0x30, 0x4a, 0x44, 0x75, 0x70, 0x6c, 0x69,
 0x63, 0x61, 0x74, 0x65, 0x20, 0x63, 0x6f, 0x6e,
 0x73, 0x74, 0x72, 0x75, 0x63, 0x74, 0x6f, 0x72,
 0x20, 0x6d, 0x65, 0x74, 0x68, 0x6f, 0x64, 0x20,
 0x69, 0x6e, 0x20, 0x63, 0x6c, 0x61, 0x73, 0x73,
 0x46, 0x49, 0x6e, 0x76, 0x61, 0x6c, 0x69, 0x64,
 0x20, 0x69, 0x6e, 0x63, 0x72, 0x65, 0x6d, 0x65,
 0x6e, 0x74, 0x2f, 0x64, 0x65, 0x63, 0x72, 0x65,
 0x6d, 0x65, 0x6e, 0x74, 0x20, 0x6f, 0x70, 0x65,
 0x72, 0x61, 0x6e, 0x64, 0x82, 0x01, 0x49, 0x6e,
 0x76, 0x61, 0x6c, 0x69, 0x64, 0x20, 0x75, 0x73,
 0x65, 0x20, 0x6f, 0x66, 0x20, 0x60, 0x6e, 0x65,
 0x77, 0x60, 0x20, 0x6b, 0x65, 0x79, 0x77, 0x6f,
 0x72, 0x64, 0x20, 0x6f, 0x6e, 0x20, 0x61, 0x6e,
 0x20, 0x69, 0x6e, 0x63, 0x72, 0x65, 0x6d, 0x65,
 0x6e, 0x74, 0x2f, 0x64, 0x65, 0x63, 0x72, 0x65,
 0x6d, 0x65, 0x6e, 0x74, 0x20, 0x65, 0x78, 0x70,
 0x72, 0x65, 0x73, 0x73, 0x69, 0x6f, 0x6e, 0x48,
 0x60, 0x3d, 0x3e, 0x60, 0x20, 0x69, 0x73, 0x20,
 0x61, 0x6e, 0x20, 0x69, 0x6e, 0x76, 0x61, 0x6c,
 0x69, 0x64, 0x20, 0x61, 0x73, 0x73, 0x69, 0x67,
 0x6e, 0x6d, 0x65, 0x6e, 0x74, 0x20, 0x74, 0x61,
 0x72, 0x67, 0x65, 0x74, 0x54, 0x52, 0x65, 0x73,
 0x74, 0x20, 0x65, 0x6c, 0x65, 0x6d, 0x65, 0x6e,
 0x74, 0x20, 0x6d, 0x61, 0x79, 0x20, 0x6e, 0x6f,
 0x74, 0x20, 0x68, 0x61, 0x76, 0x65, 0x20, 0x61,
 0x20, 0x74, 0x72, 0x61, 0x69, 0x6c, 0x69, 0x6e,
 0x67, 0x20, 0x63, 0x6f, 0x6d, 0x6d, 0x61, 0x4a,
 0x4d, 0x69, 0x73, 0x73, 0x69, 0x6e, 0x67, 0x20,
 0x69, 0x6e, 0x69, 0x74, 0x69, 0x61, 0x6c, 0x69,
 0x7a, 0x65, 0x72, 0x20, 0x69, 0x6e, 0x20, 0x25,
 0x30, 0x20, 0x64, 0x65, 0x63, 0x6c, 0x61, 0x72,
 0x61, 0x74, 0x69, 0x6f, 0x6e, 0x76, 0x27, 0x66,
 0x6f, 0x72, 0x2d, 0x25, 0x30, 0x27, 0x20, 0x6c,
 0x6f, 0x6f, 0x70, 0x20, 0x68, 0x65, 0x61, 0x64,
 0x20, 0x64, 0x65, 0x63, 0x6c, 0x61, 0x72, 0x61,
 0x74, 0x69, 0x6f, 0x6e, 0x73, 0x20, 0x63, 0x61,
 0x6e, 0x20, 0x6e, 0x6f, 0x74, 0x20, 0x68, 0x61,
 0x76, 0x65, 0x20, 0x61, 0x6e, 0x20, 0x69, 0x6e,
 0x69, 0x74, 0x69, 0x61, 0x6c, 0x69, 0x7a, 0x65,
 0x72, 0x82, 0x01, 0x49, 0x6e, 0x76, 0x61, 0x6c,
 0x69, 0x64, 0x20, 0x6c, 0x65, 0x66, 0x74, 0x2d,
 0x68, 0x61, 0x6e, 0x64, 0x20, 0x73, 0x69, 0x64,
 0x65, 0x20, 0x69, 0x6e, 0x20, 0x66, 0x6f, 0x72,
 0x2d, 0x25, 0x30, 0x20, 0x6c, 0x6f, 0x6f, 0x70,
 0x3a, 0x20, 0x4d, 0x75, 0x73, 0x74, 0x20, 0x68,
 0x61, 0x76, 0x65, 0x20, 0x61, 0x20, 0x73, 0x69,
 0x6e, 0x67, 0x6c, 0x65, 0x20, 0x62, 0x69, 0x6e,
 0x64, 0x69, 0x6e, 0x67, 0x4c, 0x49, 0x6e, 0x76,
 0x61, 0x6c, 0x69, 0x64, 0x20, 0x73, 0x68, 0x6f,
 0x72, 0x74, 0x68, 0x61, 0x6e, 0x64, 0x20, 0x70,
 0x72, 0x6f, 0x70, 0x65, 0x72, 0x74, 0x79, 0x20,
 0x69, 0x6e, 0x69, 0x74, 0x69, 0x61, 0x6c, 0x69,
 0x7a, 0x65, 0x72, 0x80, 0x01, 0x50, 0x72, 0x6f,
 0x70, 0x65, 0x72, 0x74, 0x79, 0x20, 0x6e, 0x61,
 0x6d, 0x65, 0x20, 0x5f, 0x5f, 0x70, 0x72, 0x6f,
 0x74, 0x6f, 0x5f, 0x5f, 0x20, 0x61, 0x70, 0x70,
 0x65, 0x61, 0x72, 0x73, 0x20, 0x6d, 0x6f, 0x72,
 0x65, 0x20, 0x74, 0x68, 0x61, 0x6e, 0x20, 0x6f,
 0x6e, 0x63, 0x65, 0x20, 0x69, 0x6e, 0x20, 0x6f,
 0x62, 0x6a, 0x65, 0x63, 0x74, 0x20, 0x6c, 0x69,
 0x74, 0x65, 0x72, 0x61, 0x6c, 0x56, 0x4c, 0x65,
 0x74, 0x20, 0x69, 0x73, 0x20, 0x64, 0x69, 0x73,
 0x61, 0x6c, 0x6c, 0x6f, 0x77, 0x65, 0x64, 0x20,
 0x61, 0x73, 0x20, 0x61, 0x20, 0x6c, 0x65, 0x78,
 0x69, 0x63, 0x61, 0x6c, 0x6c, 0x79, 0x20, 0x62,
 0x6f, 0x75, 0x6e, 0x64, 0x20, 0x6e, 0x61, 0x6d,
 0x65, 0x52, 0x49, 0x6e, 0x76, 0x61, 0x6c, 0x69,
 0x64, 0x20, 0x75, 0x73, 0x65, 0x20, 0x6f, 0x66,
 0x20, 0x27, 0x25, 0x30, 0x27, 0x20, 0x69, 0x6e,
 0x73, 0x69, 0x64, 0x65, 0x20, 0x6e, 0x65, 0x77,
 0x20, 0x65, 0x78, 0x70, 0x72, 0x65, 0x73, 0x73,
 0x69, 0x6f, 0x6e, 0x92, 0x01, 0x49, 0x6c, 0x6c,
 0x65, 0x67, 0x61, 0x6c, 0x20, 0x27, 0x75, 0x73,
 0x65, 0x20, 0x73, 0x74, 0x72, 0x69, 0x63, 0x74,
 0x27, 0x20, 0x64, 0x69, 0x72, 0x65, 0x63, 0x74,
 0x69, 0x76, 0x65, 0x20, 0x69, 0x6e, 0x20, 0x66,
 0x75, 0x6e, 0x63, 0x74, 0x69, 0x6f, 0x6e, 0x20,
 0x77, 0x69, 0x74, 0x68, 0x20, 0x6e, 0x6f, 0x6e,
 0x2d, 0x73, 0x69, 0x6d, 0x70, 0x6c, 0x65, 0x20,
 0x70, 0x61, 0x72, 0x61, 0x6d, 0x65, 0x74, 0x65,
 0x72, 0x20, 0x6c, 0x69, 0x73, 0x74, 0x8e, 0x01,
 0x49, 0x64, 0x65, 0x6e, 0x74, 0x69, 0x66, 0x69,
 0x65, 0x72, 0x20, 0x22, 0x6c, 0x65, 0x74, 0x22,
 0x20, 0x64, 0x69, 0x73, 0x61, 0x6c, 0x6c, 0x6f,
 0x77, 0x65, 0x64, 0x20, 0x61, 0x73, 0x20, 0x6c,
 0x65, 0x66, 0x74, 0x2d, 0x68, 0x61, 0x6e, 0x64,
 0x20, 0x73, 0x69, 0x64, 0x65, 0x20, 0x65, 0x78,
 0x70, 0x72, 0x65, 0x73, 0x73, 0x69, 0x6f, 0x6e,
 0x20, 0x69, 0x6e, 0x20, 0x73, 0x74, 0x72, 0x69,
 0x63, 0x74, 0x20, 0x6d, 0x6f, 0x64, 0x65, 0x34,
 0x49, 0x6c, 0x6c, 0x65, 0x67, 0x61, 0x6c, 0x20,
 0x63, 0x6f, 0x6e, 0x74, 0x69, 0x6e, 0x75, 0x65,
 0x20, 0x73, 0x74, 0x61, 0x74, 0x65, 0x6d, 0x65,
 0x6e, 0x74, 0x2e, 0x49, 0x6c, 0x6c, 0x65, 0x67,
 0x61, 0x6c, 0x20, 0x62, 0x72, 0x65, 0x61, 0x6b,
 0x20, 0x73, 0x74, 0x61, 0x74, 0x65, 0x6d, 0x65,
 0x6e, 0x74, 0x66, 0x43, 0x61, 0x6e, 0x6e, 0x6f,
 0x74, 0x20, 0x68, 0x61, 0x76, 0x65, 0x20, 0x60,
 0x6c, 0x65, 0x74, 0x5b, 0x2e, 0x2e, 0x2e, 0x5d,
 0x60, 0x20, 0x61, 0x73, 0x20, 0x61, 0x20, 0x76,
 0x61, 0x72, 0x20, 0x6e, 0x61, 0x6d, 0x65, 0x20,
 0x69, 0x6e, 0x20, 0x73, 0x74, 0x72, 0x69, 0x63,
 0x74, 0x20, 0x6d, 0x6f, 0x64, 0x65, 0x4e, 0x49,
 0x6e, 0x76, 0x61, 0x6c, 0x69, 0x64, 0x20, 0x64,
 0x65, 0x73, 0x74, 0x72, 0x75, 0x63, 0x74, 0x75,
 0x72, 0x69, 0x6e, 0x67, 0x20, 0x61, 0x73, 0x73,
 0x69, 0x67, 0x6e, 0x6d, 0x65, 0x6e, 0x74, 0x20,
 0x74, 0x61, 0x72, 0x67, 0x65, 0x74, 0x62, 0x52,
 0x65, 0x73, 0x74, 0x20, 0x70, 0x61, 0x72, 0x61,
 0x6d, 0x65, 0x74, 0x65, 0x72, 0x20, 0x6d, 0x61,
 0x79, 0x20, 0x6e, 0x6f, 0x74, 0x20, 0x68, 0x61,
 0x76, 0x65, 0x20, 0x61, 0x20, 0x64, 0x65, 0x66,
 0x61, 0x75, 0x6c, 0x74, 0x20, 0x69, 0x6e, 0x69,
 0x74, 0x69, 0x61, 0x6c, 0x69, 0x7a, 0x65, 0x72,
 0x58, 0x54, 0x68, 0x65, 0x20, 0x72, 0x65, 0x73,
 0x74, 0x20, 0x61, 0x72, 0x67, 0x75, 0x6d, 0x65,
 0x6e, 0x74, 0x20, 0x6d, 0x75, 0x73, 0x74, 0x20,
 0x74, 0x68, 0x65, 0x20, 0x62, 0x65, 0x20, 0x6c,
 0x61, 0x73, 0x74, 0x20, 0x70, 0x61, 0x72, 0x61,
 0x6d, 0x65, 0x74, 0x65, 0x72, 0x2a, 0x49, 0x6e,
 0x76, 0x61, 0x6c, 0x69, 0x64, 0x20, 0x72, 0x65,
 0x73, 0x74, 0x20, 0x61, 0x72, 0x67, 0x75, 0x6d,
 0x65, 0x6e, 0x74, 0xa4, 0x01, 0x49, 0x6e, 0x20,
 0x73, 0x74, 0x72, 0x69, 0x63, 0x74, 0x20, 0x6d,
 0x6f, 0x64, 0x65, 0x20, 0x63, 0x6f, 0x64, 0x65,
 0x2c, 0x20, 0x66, 0x75, 0x6e, 0x63, 0x74, 0x69,
 0x6f, 0x6e, 0x73, 0x20, 0x63, 0x61, 0x6e, 0x20,
 0x6f, 0x6e, 0x6c, 0x79, 0x20, 0x62, 0x65, 0x20,
 0x64, 0x65, 0x63, 0x6c, 0x61, 0x72, 0x65, 0x64,
 0x20, 0x61, 0x74, 0x20, 0x74, 0x6f, 0x70, 0x20,
 0x6c, 0x65, 0x76, 0x65, 0x6c, 0x20, 0x6f, 0x72,
 0x20, 0x69, 0x6e, 0x73, 0x69, 0x64, 0x65, 0x20,
 0x61, 0x20, 0x62, 0x6c, 0x6f, 0x63, 0x6b, 0xee,
 0x01, 0x49, 0x6e, 0x20, 0x6e, 0x6f, 0x6e, 0x2d,
 0x73, 0x74, 0x72, 0x69, 0x63, 0x74, 0x20, 0x6d,
 0x6f, 0x64, 0x65, 0x20, 0x63, 0x6f, 0x64, 0x65,
 0x2c, 0x20, 0x66, 0x75, 0x6e, 0x63, 0x74, 0x69,
 0x6f, 0x6e, 0x73, 0x20, 0x63, 0x61, 0x6e, 0x20,
 0x6f, 0x6e, 0x6c, 0x79, 0x20, 0x62, 0x65, 0x20,
 0x64, 0x65, 0x63, 0x6c, 0x61, 0x72, 0x65, 0x64,
 0x20, 0x61, 0x74, 0x20, 0x74, 0x6f, 0x70, 0x20,
 0x6c, 0x65, 0x76, 0x65, 0x6c, 0x2c, 0x20, 0x69,
 0x6e, 0x73, 0x69, 0x64, 0x65, 0x20, 0x61, 0x20,
 0x62, 0x6c, 0x6f, 0x63, 0x6b, 0x2c, 0x20, 0x6f,
 0x72, 0x20, 0x61, 0x73, 0x20, 0x74, 0x68, 0x65,
 0x20, 0x62, 0x6f, 0x64, 0x79, 0x20, 0x6f, 0x66,
 0x20, 0x61, 0x6e, 0x20, 0x69, 0x66, 0x20, 0x73,
 0x74, 0x61, 0x74, 0x65, 0x6d, 0x65, 0x6e, 0x74,
 0xfe, 0x01, 0x57, 0x69, 0x74, 0x68, 0x6f, 0x75,
 0x74, 0x20, 0x77, 0x65, 0x62, 0x20, 0x63, 0x6f,
 0x6d, 0x70, 0x61, 0x74, 0x69, 0x62, 0x69, 0x6c,
 0x69, 0x74, 0x79, 0x20, 0x65, 0x6e, 0x61, 0x62,
 0x6c, 0x65, 0x64, 0x20, 0x66, 0x75, 0x6e, 0x63,
 0x74, 0x69, 0x6f, 0x6e, 0x73, 0x20, 0x63, 0x61,
 0x6e, 0x20, 0x6e, 0x6f, 0x74, 0x20, 0x62, 0x65,
 0x20, 0x64, 0x65, 0x63, 0x6c, 0x61, 0x72, 0x65,
 0x64, 0x20, 0x61, 0x74, 0x20, 0x74, 0x6f, 0x70,
 0x20, 0x6c, 0x65, 0x76, 0x65, 0x6c, 0x2c, 0x20,
 0x69, 0x6e, 0x73, 0x69, 0x64, 0x65, 0x20, 0x61,
 0x20, 0x62, 0x6c, 0x6f, 0x63, 0x6b, 0x2c, 0x20,
 0x6f, 0x72, 0x20, 0x61, 0x73, 0x20, 0x74, 0x68,
 0x65, 0x20, 0x62, 0x6f, 0x64, 0x79, 0x20, 0x6f,
 0x66, 0x20, 0x61, 0x6e, 0x20, 0x69, 0x66, 0x20,
 0x73, 0x74, 0x61, 0x74, 0x65, 0x6d, 0x65, 0x6e,
 0x74, 0x74, 0x43, 0x6c, 0x61, 0x73, 0x73, 0x20,
 0x64, 0x65, 0x63, 0x6c, 0x61, 0x72, 0x61, 0x74,
 0x69, 0x6f, 0x6e, 0x20, 0x63, 0x61, 0x6e, 0x27,
 0x74, 0x20, 0x61, 0x70, 0x70, 0x65, 0x61, 0x72,
 0x20, 0x69, 0x6e, 0x20, 0x73, 0x69, 0x6e, 0x67,
 0x6c, 0x65, 0x2d, 0x73, 0x74, 0x61, 0x74, 0x65,
 0x6d, 0x65, 0x6e, 0x74, 0x20, 0x63, 0x6f, 0x6e,
 0x74, 0x65, 0x78, 0x74, 0x40, 0x49, 0x6e, 0x76,
 0x61, 0x6c, 0x69, 0x64, 0x20, 0x6c, 0x65, 0x66,
 0x74, 0x2d, 0x68, 0x61, 0x6e, 0x64, 0x20, 0x73,
 0x69, 0x64, 0x65, 0x20, 0x69, 0x6e, 0x20, 0x66,
 0x6f, 0x72, 0x2d, 0x25, 0x30, 0x38, 0x49, 0x6e,
 0x76, 0x61, 0x6c, 0x69, 0x64, 0x20, 0x61, 0x73,
 0x73, 0x69, 0x67, 0x6e, 0x6d, 0x65, 0x6e, 0x74,
 0x20, 0x69, 0x6e, 0x20, 0x66, 0x6f, 0x72, 0x2d,
 0x25, 0x30, 0x98, 0x01, 0x66, 0x6f, 0x72, 0x20,
 0x61, 0x77, 0x61, 0x69, 0x74, 0x20, 0x28, 0x2e,
 0x2e, 0x2e, 0x20, 0x6f, 0x66, 0x20, 0x2e, 0x2e,
 0x2e, 0x29, 0x20, 0x69, 0x73, 0x20, 0x6f, 0x6e,
 0x6c, 0x79, 0x20, 0x76, 0x61, 0x6c, 0x69, 0x64,
 0x20, 0x69, 0x6e, 0x20, 0x61, 0x73, 0x79, 0x6e,
 0x63, 0x20, 0x66, 0x75, 0x6e, 0x63, 0x74, 0x69,
 0x6f, 0x6e, 0x73, 0x20, 0x61, 0x6e, 0x64, 0x20,
 0x61, 0x73, 0x79, 0x6e, 0x63, 0x20, 0x67, 0x65,
 0x6e, 0x65, 0x72, 0x61, 0x74, 0x6f, 0x72, 0x73,
 0xac, 0x01, 0x54, 0x68, 0x65, 0x20, 0x66, 0x69,
 0x72, 0x73, 0x74, 0x20, 0x74, 0x6f, 0x6b, 0x65,
 0x6e, 0x20, 0x61, 0x66, 0x74, 0x65, 0x72, 0x20,
 0x74, 0x68, 0x65, 0x20, 0x74, 0x65, 0x6d, 0x70,
 0x6c, 0x61, 0x74, 0x65, 0x20, 0x65, 0x78, 0x70,
 0x72, 0x65, 0x73, 0x73, 0x69, 0x6f, 0x6e, 0x20,
 0x73, 0x68, 0x6f, 0x75, 0x6c, 0x64, 0x20, 0x62,
 0x65, 0x20, 0x61, 0x20, 0x63, 0x6f, 0x6e, 0x74,
 0x69, 0x6e, 0x75, 0x61, 0x74, 0x69, 0x6f, 0x6e,
 0x20, 0x6f, 0x66, 0x20, 0x74, 0x68, 0x65, 0x20,
 0x74, 0x65, 0x6d, 0x70, 0x6c, 0x61, 0x74, 0x65,
 0xb0, 0x01, 0x60, 0x6c, 0x65, 0x74, 0x60, 0x20,
 0x64, 0x65, 0x63, 0x6c, 0x61, 0x72, 0x61, 0x74,
 0x69, 0x6f, 0x6e, 0x20, 0x6e, 0x6f, 0x74, 0x20,
 0x61, 0x6c, 0x6c, 0x6f, 0x77, 0x65, 0x64, 0x20,
 0x68, 0x65, 0x72, 0x65, 0x20, 0x61, 0x6e, 0x64,
 0x20, 0x60, 0x6c, 0x65, 0x74, 0x60, 0x20, 0x63,
 0x61, 0x6e, 0x6e, 0x6f, 0x74, 0x20, 0x62, 0x65,
 0x20, 0x61, 0x20, 0x72, 0x65, 0x67, 0x75, 0x6c,
 0x61, 0x72, 0x20, 0x76, 0x61, 0x72, 0x20, 0x6e,
 0x61, 0x6d, 0x65, 0x20, 0x69, 0x6e, 0x20, 0x73,
 0x74, 0x72, 0x69, 0x63, 0x74, 0x20, 0x6d, 0x6f,
 0x64, 0x65, 0x80, 0x01, 0x60, 0x6c, 0x65, 0x74,
 0x20, 0x0a, 0x20, 0x5b, 0x60, 0x20, 0x69, 0x73,
 0x20, 0x61, 0x20, 0x72, 0x65, 0x73, 0x74, 0x72,
 0x69, 0x63, 0x74, 0x65, 0x64, 0x20, 0x70, 0x72,
 0x6f, 0x64, 0x75, 0x63, 0x74, 0x69, 0x6f, 0x6e,
 0x20, 0x61, 0x74, 0x20, 0x74, 0x68, 0x65, 0x20,
 0x73, 0x74, 0x61, 0x72, 0x74, 0x20, 0x6f, 0x66,
 0x20, 0x61, 0x20, 0x73, 0x74, 0x61, 0x74, 0x65,
 0x6d, 0x65, 0x6e, 0x74, 0x9a, 0x01, 0x43, 0x61,
 0x74, 0x63, 0x68, 0x20, 0x63, 0x6c, 0x61, 0x75,
 0x73, 0x65, 0x20, 0x72, 0x65, 0x71, 0x75, 0x69,
 0x72, 0x65, 0x73, 0x20, 0x65, 0x78, 0x61, 0x63,
 0x74, 0x6c, 0x79, 0x20, 0x6f, 0x6e, 0x65, 0x20,
 0x70, 0x61, 0x72, 0x61, 0x6d, 0x65, 0x74, 0x65,
 0x72, 0x2c, 0x20, 0x6e, 0x6f, 0x74, 0x20, 0x6d,
 0x6f, 0x72, 0x65, 0x20, 0x28, 0x61, 0x6e, 0x64,
 0x20, 0x6e, 0x6f, 0x20, 0x74, 0x72, 0x61, 0x69,
 0x6c, 0x69, 0x6e, 0x67, 0x20, 0x63, 0x6f, 0x6d,
 0x6d, 0x61, 0x29, 0x6c, 0x43, 0x61, 0x74, 0x63,
 0x68, 0x20, 0x63, 0x6c, 0x61, 0x75, 0x73, 0x65,
 0x20, 0x70, 0x61, 0x72, 0x61, 0x6d, 0x65, 0x74,
 0x65, 0x72, 0x20, 0x64, 0x6f, 0x65, 0x73, 0x20,
 0x6e, 0x6f, 0x74, 0x20, 0x73, 0x75, 0x70, 0x70,
 0x6f, 0x72, 0x74, 0x20, 0x64, 0x65, 0x66, 0x61,
 0x75, 0x6c, 0x74, 0x20, 0x76, 0x61, 0x6c, 0x75,
 0x65, 0x73, 0x44, 0x4d, 0x69, 0x73, 0x73, 0x69,
 0x6e, 0x67, 0x20, 0x63, 0x61, 0x74, 0x63, 0x68,
 0x20, 0x6f, 0x72, 0x20, 0x66, 0x69, 0x6e, 0x61,
 0x6c, 0x6c, 0x79, 0x20, 0x61, 0x66, 0x74, 0x65,
 0x72, 0x20, 0x74, 0x72, 0x79, 0x60, 0x4d, 0x6f,
 0x72, 0x65, 0x20, 0x74, 0x68, 0x61, 0x6e, 0x20,
 0x6f, 0x6e, 0x65, 0x20, 0x64, 0x65, 0x66, 0x61,
 0x75, 0x6c, 0x74, 0x20, 0x63, 0x6c, 0x61, 0x75,
 0x73, 0x65, 0x20, 0x69, 0x6e, 0x20, 0x73, 0x77,
 0x69, 0x74, 0x63, 0x68, 0x20, 0x73, 0x74, 0x61,
 0x74, 0x65, 0x6d, 0x65, 0x6e, 0x74, 0x36, 0x49,
 0x6c, 0x6c, 0x65, 0x67, 0x61, 0x6c, 0x20, 0x6e,
 0x65, 0x77, 0x6c, 0x69, 0x6e, 0x65, 0x20, 0x61,
 0x66, 0x74, 0x65, 0x72, 0x20, 0x74, 0x68, 0x72,
 0x6f, 0x77, 0x62, 0x53, 0x74, 0x72, 0x69, 0x63,
 0x74, 0x20, 0x6d, 0x6f, 0x64, 0x65, 0x20, 0x63,
 0x6f, 0x64, 0x65, 0x20, 0x6d, 0x61, 0x79, 0x20,
 0x6e, 0x6f, 0x74, 0x20, 0x69, 0x6e, 0x63, 0x6c,
 0x75, 0x64, 0x65, 0x20, 0x61, 0x20, 0x77, 0x69,
 0x74, 0x68, 0x20, 0x73, 0x74, 0x61, 0x74, 0x65,
 0x6d, 0x65, 0x6e, 0x74, 0x30, 0x49, 0x6c, 0x6c,
 0x65, 0x67, 0x61, 0x6c, 0x20, 0x72, 0x65, 0x74,
 0x75, 0x72, 0x6e, 0x20, 0x73, 0x74, 0x61, 0x74,
 0x65, 0x6d, 0x65, 0x6e, 0x74, 0x98, 0x01, 0x54,
 0x68, 0x65, 0x20, 0x6c, 0x65, 0x66, 0x74, 0x20,
 0x68, 0x61, 0x6e, 0x64, 0x20, 0x73, 0x69, 0x64,
 0x65, 0x20, 0x6f, 0x66, 0x20, 0x74, 0x68, 0x65,
 0x20, 0x66, 0x6f, 0x72, 0x2d, 0x68, 0x65, 0x61,
 0x64, 0x65, 0x72, 0x20, 0x62, 0x69, 0x6e, 0x64,
 0x69, 0x6e, 0x67, 0x20, 0x64, 0x65, 0x63, 0x6c,
 0x61, 0x72, 0x61, 0x74, 0x69, 0x6f, 0x6e, 0x20,
 0x69, 0x73, 0x20, 0x6e, 0x6f, 0x74, 0x20, 0x64,
 0x65, 0x73, 0x74, 0x72, 0x75, 0x63, 0x74, 0x69,
 0x62, 0x6c, 0x65, 0x72, 0x6e, 0x65, 0x77, 0x2e,
 0x74, 0x61, 0x72, 0x67, 0x65, 0x74, 0x20, 0x6f,
 0x6e, 0x6c, 0x79, 0x20, 0x61, 0x6c, 0x6c, 0x6f,
 0x77, 0x65, 0x64, 0x20, 0x77, 0x69, 0x74, 0x68,
 0x69, 0x6e, 0x20, 0x66, 0x75, 0x6e, 0x63, 0x74,
 0x69, 0x6f, 0x6e, 0x73, 0x20, 0x6f, 0x72, 0x20,
 0x73, 0x74, 0x61, 0x74, 0x69, 0x63, 0x20, 0x62,
 0x6c, 0x6f, 0x63, 0x6b, 0x73, 0x3c, 0x27, 0x23,
 0x27, 0x20, 0x6e, 0x6f, 0x74, 0x20, 0x66, 0x6f,
 0x6c, 0x6c, 0x6f, 0x77, 0x65, 0x64, 0x20, 0x62,
 0x79, 0x20, 0x69, 0x64, 0x65, 0x6e, 0x74, 0x69,
 0x66, 0x69, 0x65, 0x72, 0x1e, 0x49, 0x6e, 0x76,
 0x61, 0x6c, 0x69, 0x64, 0x20, 0x6b, 0x65, 0x79,
 0x77, 0x6f, 0x72, 0x64, 0x42, 0x43, 0x61, 0x6e,
 0x20, 0x6e, 0x6f, 0x74, 0x20, 0x75, 0x73, 0x65,
 0x20, 0x27, 0x6c, 0x65, 0x74, 0x27, 0x20, 0x61,
 0x73, 0x20, 0x61, 0x20, 0x63, 0x6c, 0x61, 0x73,
 0x73, 0x20, 0x6e, 0x61, 0x6d, 0x65, 0x66, 0x27,
 0x41, 0x20, 0x6c, 0x65, 0x78, 0x69, 0x63, 0x61,
 0x6c, 0x20, 0x64, 0x65, 0x63, 0x6c, 0x61, 0x72,
 0x61, 0x74, 0x69, 0x6f, 0x6e, 0x20, 0x63, 0x61,
 0x6e, 0x27, 0x74, 0x20, 0x64, 0x65, 0x66, 0x69,
 0x6e, 0x65, 0x20, 0x61, 0x20, 0x27, 0x6c, 0x65,
 0x74, 0x27, 0x20, 0x62, 0x69, 0x6e, 0x64, 0x69,
 0x6e, 0x67, 0x62, 0x43, 0x61, 0x6e, 0x20, 0x6e,
 0x6f, 0x74, 0x20, 0x75, 0x73, 0x65, 0x20, 0x60,
 0x6c, 0x65, 0x74, 0x60, 0x20, 0x61, 0x73, 0x20,
 0x76, 0x61, 0x72, 0x69, 0x61, 0x62, 0x6c, 0x65,
 0x20, 0x6e, 0x61, 0x6d, 0x65, 0x20, 0x69, 0x6e,
 0x20, 0x73, 0x74, 0x72, 0x69, 0x63, 0x74, 0x20,
 0x6d, 0x6f, 0x64, 0x65, 0x6a, 0x27, 0x25, 0x30,
 0x27, 0x20, 0x6d, 0x61, 0x79, 0x20, 0x6e, 0x6f,
 0x74, 0x20, 0x62, 0x65, 0x20, 0x75, 0x73, 0x65,
 0x64, 0x20, 0x61, 0x73, 0x20, 0x61, 0x6e, 0x20,
 0x69, 0x64, 0x65, 0x6e, 0x74, 0x69, 0x66, 0x69,
 0x65, 0x72, 0x20, 0x69, 0x6e, 0x20, 0x74, 0x68,
 0x69, 0x73, 0x20, 0x63, 0x6f, 0x6e, 0x74, 0x65,
 0x78, 0x74, 0x4c, 0x41, 0x77, 0x61, 0x69, 0x74,
 0x20, 0x69, 0x73, 0x20, 0x6f, 0x6e, 0x6c, 0x79,
 0x20, 0x76, 0x61, 0x6c, 0x69, 0x64, 0x20, 0x69,
 0x6e, 0x20, 0x61, 0x73, 0x79, 0x6e, 0x63, 0x20,
 0x66, 0x75, 0x6e, 0x63, 0x74, 0x69, 0x6f, 0x6e,
 0x73, 0x68, 0x54, 0x68, 0x65, 0x20, 0x25, 0x30,
 0x20, 0x6b, 0x65, 0x79, 0x77, 0x6f, 0x72, 0x64,
 0x20, 0x63, 0x61, 0x6e, 0x20, 0x6f, 0x6e, 0x6c,
 0x79, 0x20, 0x62, 0x65, 0x20, 0x75, 0x73, 0x65,
 0x64, 0x20, 0x77, 0x69, 0x74, 0x68, 0x20, 0x74,
 0x68, 0x65, 0x20, 0x6d, 0x6f, 0x64, 0x75, 0x6c,
 0x65, 0x20, 0x67, 0x6f, 0x61, 0x6c, 0x66, 0x55,
 0x6e, 0x69, 0x63, 0x6f, 0x64, 0x65, 0x20, 0x63,
 0x6f, 0x64, 0x65, 0x70, 0x6f, 0x69, 0x6e, 0x74,
 0x20, 0x6d, 0x75, 0x73, 0x74, 0x20, 0x6e, 0x6f,
 0x74, 0x20, 0x62, 0x65, 0x20, 0x67, 0x72, 0x65,
 0x61, 0x74, 0x65, 0x72, 0x20, 0x74, 0x68, 0x61,
 0x6e, 0x20, 0x30, 0x78, 0x31, 0x30, 0x46, 0x46,
 0x46, 0x46, 0x30, 0x25, 0x30, 0x20, 0x73, 0x6f,
 0x75, 0x72, 0x63, 0x65, 0x20, 0x6d, 0x75, 0x73,
 0x74, 0x20, 0x62, 0x65, 0x20, 0x73, 0x74, 0x72,
 0x69, 0x6e, 0x67, 0x72, 0x4f, 0x6e, 0x6c, 0x79,
 0x20, 0x61, 0x20, 0x69, 0x64, 0x65, 0x6e, 0x74,
 0x69, 0x66, 0x69, 0x65, 0x72, 0x20, 0x6f, 0x72,
 0x20, 0x73, 0x74, 0x72, 0x69, 0x6e, 0x67, 0x20,
 0x63, 0x61, 0x6e, 0x20, 0x62, 0x65, 0x20, 0x75,
 0x73, 0x65, 0x64, 0x20, 0x74, 0x6f, 0x20, 0x69,
 0x6e, 0x64, 0x69, 0x63, 0x61, 0x74, 0x65, 0x20,
 0x61, 0x6c, 0x69, 0x61, 0x73, 0x62, 0x4f, 0x6e,
 0x6c, 0x79, 0x20, 0x27, 0x2a, 0x27, 0x20, 0x6f,
 0x72, 0x20, 0x27, 0x7b, 0x2e, 0x2e, 0x2e, 0x7d,
 0x27, 0x20, 0x63, 0x61, 0x6e, 0x20, 0x62, 0x65,
 0x20, 0x69, 0x6d, 0x70, 0x6f, 0x72, 0x74, 0x65,
 0x64, 0x20, 0x61, 0x66, 0x74, 0x65, 0x72, 0x20,
 0x64, 0x65, 0x66, 0x61, 0x75, 0x6c, 0x74, 0x58,
 0x54, 0x72, 0x61, 0x69, 0x6c, 0x69, 0x6e, 0x67,
 0x20, 0x64, 0x65, 0x63, 0x6f, 0x72, 0x61, 0x74,
 0x6f, 0x72, 0x20, 0x6d, 0x61, 0x79, 0x20, 0x62,
 0x65, 0x20, 0x66, 0x6f, 0x6c, 0x6c, 0x6f, 0x77,
 0x65, 0x64, 0x20, 0x62, 0x79, 0x20, 0x6d, 0x65,
 0x74, 0x68, 0x6f, 0x64, 0x56, 0x44, 0x65, 0x63,
 0x6f, 0x72, 0x61, 0x74, 0x6f, 0x72, 0x73, 0x20,
 0x63, 0x61, 0x6e, 0x27, 0x74, 0x20, 0x62, 0x65,
 0x20, 0x75, 0x73, 0x65, 0x64, 0x20, 0x77, 0x69,
 0x74, 0x68, 0x20, 0x61, 0x20, 0x63, 0x6f, 0x6e,
 0x73, 0x74, 0x72, 0x75, 0x63, 0x74, 0x6f, 0x72,
 0x72, 0x43, 0x61, 0x6e, 0x20, 0x6e, 0x6f, 0x74,
 0x20, 0x75, 0x73, 0x65, 0x20, 0x60, 0x61, 0x77,
 0x61, 0x69, 0x74, 0x60, 0x20, 0x61, 0x73, 0x20,
 0x69, 0x64, 0x65, 0x6e, 0x74, 0x69, 0x66, 0x69,
 0x65, 0x72, 0x20, 0x69, 0x6e, 0x20, 0x6d, 0x6f,
 0x64, 0x75, 0x6c, 0x65, 0x20, 0x6f, 0x72, 0x20,
 0x61, 0x73, 0x79, 0x6e, 0x63, 0x20, 0x66, 0x75,
 0x6e, 0x63, 0x56, 0x43, 0x61, 0x6e, 0x20, 0x6e,
 0x6f, 0x74, 0x20, 0x75, 0x73, 0x65, 0x20, 0x60,
 0x61, 0x77, 0x61, 0x69, 0x74, 0x60, 0x20, 0x61,
 0x73, 0x20, 0x69, 0x64, 0x65, 0x6e, 0x74, 0x69,
 0x66, 0x69, 0x65, 0x72, 0x20, 0x69, 0x6e, 0x20,
 0x6d, 0x6f, 0x64, 0x75, 0x6c, 0x65, 0x7e, 0x48,
 0x54, 0x4d, 0x4c, 0x20, 0x63, 0x6f, 0x6d, 0x6d,
 0x65, 0x6e, 0x74, 0x73, 0x20, 0x61, 0x72, 0x65,
 0x20, 0x6f, 0x6e, 0x6c, 0x79, 0x20, 0x61, 0x6c,
 0x6c, 0x6f, 0x77, 0x65, 0x64, 0x20, 0x77, 0x69,
 0x74, 0x68, 0x20, 0x77, 0x65, 0x62, 0x20, 0x63,
 0x6f, 0x6d, 0x70, 0x61, 0x74, 0x69, 0x62, 0x69,
 0x6c, 0x69, 0x74, 0x79, 0x20, 0x28, 0x41, 0x6e,
 0x6e, 0x65, 0x78, 0x20, 0x42, 0x29, 0x8c, 0x01,
 0x54, 0x68, 0x65, 0x20, 0x69, 0x64, 0x65, 0x6e,
 0x74, 0x69, 0x66, 0x69, 0x65, 0x72, 0x20, 0x27,
 0x6c, 0x65, 0x74, 0x27, 0x20, 0x6d, 0x75, 0x73,
 0x74, 0x20, 0x6e, 0x6f, 0x74, 0x20, 0x62, 0x65,
 0x20, 0x69, 0x6e, 0x20, 0x65, 0x78, 0x70, 0x72,
 0x65, 0x73, 0x73, 0x69, 0x6f, 0x6e, 0x20, 0x70,
 0x6f, 0x73, 0x69, 0x74, 0x69, 0x6f, 0x6e, 0x20,
 0x69, 0x6e, 0x20, 0x73, 0x74, 0x72, 0x69, 0x63,
 0x74, 0x20, 0x6d, 0x6f, 0x64, 0x65, 0x6c, 0x43,
 0x61, 0x6e, 0x6e, 0x6f, 0x74, 0x20, 0x61, 0x73,
 0x73, 0x69, 0x67, 0x6e, 0x20, 0x74, 0x6f, 0x20,
 0x60, 0x65, 0x76, 0x61, 0x6c, 0x60, 0x20, 0x61,
 0x6e, 0x64, 0x20, 0x60, 0x61, 0x72, 0x67, 0x75,
 0x6d, 0x65, 0x6e, 0x74, 0x73, 0x60, 0x20, 0x69,
 0x6e, 0x20, 0x73, 0x74, 0x72, 0x69, 0x63, 0x74,
 0x20, 0x6d, 0x6f, 0x64, 0x65, 0x78, 0x54, 0x68,
 0x65, 0x20, 0x6c, 0x65, 0x66, 0x74, 0x2d, 0x68,
 0x61, 0x6e, 0x64, 0x20, 0x73, 0x69, 0x64, 0x65,
 0x20, 0x6f, 0x66, 0x20, 0x61, 0x20, 0x66, 0x6f,
 0x72, 0x2d, 0x6f, 0x66, 0x20, 0x6c, 0x6f, 0x6f,
 0x70, 0x20, 0x6d, 0x61, 0x79, 0x20, 0x6e, 0x6f,
 0x74, 0x20, 0x73, 0x74, 0x61, 0x72, 0x74, 0x20,
 0x77, 0x69, 0x74, 0x68, 0x20, 0x27, 0x6c, 0x65,
 0x74, 0x27, 0x80, 0x01, 0x42, 0x6c, 0x6f, 0x63,
 0x6b, 0x20, 0x62, 0x6f, 0x64, 0x79, 0x20, 0x61,
 0x72, 0x72, 0x6f, 0x77, 0x73, 0x20, 0x63, 0x61,
 0x6e, 0x20, 0x6e, 0x6f, 0x74, 0x20, 0x62, 0x65,
 0x20, 0x69, 0x6d, 0x6d, 0x65, 0x64, 0x69, 0x61,
 0x74, 0x65, 0x6c, 0x79, 0x20, 0x69, 0x6e, 0x76,
 0x6f, 0x6b, 0x65, 0x64, 0x20, 0x77, 0x69, 0x74,
 0x68, 0x6f, 0x75, 0x74, 0x20, 0x61, 0x20, 0x67,
 0x72, 0x6f, 0x75, 0x70, 0x82, 0x01, 0x42, 0x6c,
 0x6f, 0x63, 0x6b, 0x20, 0x62, 0x6f, 0x64, 0x79,
 0x20, 0x61, 0x72, 0x72, 0x6f, 0x77, 0x73, 0x20,
 0x63, 0x61, 0x6e, 0x20, 0x6e, 0x6f, 0x74, 0x20,
 0x62, 0x65, 0x20, 0x69, 0x6d, 0x6d, 0x65, 0x64,
 0x69, 0x61, 0x74, 0x65, 0x6c, 0x79, 0x20, 0x61,
 0x63, 0x63, 0x65, 0x73, 0x73, 0x65, 0x64, 0x20,
 0x77, 0x69, 0x74, 0x68, 0x6f, 0x75, 0x74, 0x20,
 0x61, 0x20, 0x67, 0x72, 0x6f, 0x75, 0x70, 0x48,
 0x55, 0x6e, 0x65, 0x78, 0x70, 0x65, 0x63, 0x74,
 0x65, 0x64, 0x20, 0x73, 0x74, 0x72, 0x69, 0x63,
 0x74, 0x20, 0x6d, 0x6f, 0x64, 0x65, 0x20, 0x72,
 0x65, 0x73, 0x65, 0x72, 0x76, 0x65, 0x64, 0x20,
 0x77, 0x6f, 0x72, 0x64, 0x56, 0x55, 0x6e, 0x65,
 0x78, 0x70, 0x65, 0x63, 0x74, 0x65, 0x64, 0x20,
 0x65, 0x76, 0x61, 0x6c, 0x20, 0x6f, 0x72, 0x20,
 0x61, 0x72, 0x67, 0x75, 0x6d, 0x65, 0x6e, 0x74,
 0x73, 0x20, 0x69, 0x6e, 0x20, 0x73, 0x74, 0x72,
 0x69, 0x63, 0x74, 0x20, 0x6d, 0x6f, 0x64, 0x65,
 0x5c, 0x44, 0x65, 0x63, 0x6f, 0x72, 0x61, 0x74,
 0x6f, 0x72, 0x73, 0x20, 0x6d, 0x75, 0x73, 0x74,
 0x20, 0x6e, 0x6f, 0x74, 0x20, 0x62, 0x65, 0x20,
 0x66, 0x6f, 0x6c, 0x6c, 0x6f, 0x77, 0x65, 0x64,
 0x20, 0x62, 0x79, 0x20, 0x61, 0x20, 0x73, 0x65,
 0x6d, 0x69, 0x63, 0x6f, 0x6c, 0x6f, 0x6e, 0x6e,
 0x43, 0x61, 0x6c, 0x6c, 0x69, 0x6e, 0x67, 0x20,
 0x64, 0x65, 0x6c, 0x65, 0x74, 0x65, 0x20, 0x6f,
 0x6e, 0x20, 0x65, 0x78, 0x70, 0x72, 0x65, 0x73,
 0x73, 0x69, 0x6f, 0x6e, 0x20, 0x6e, 0x6f, 0x74,
 0x20, 0x61, 0x6c, 0x6c, 0x6f, 0x77, 0x65, 0x64,
 0x20, 0x69, 0x6e, 0x20, 0x73, 0x74, 0x72, 0x69,
 0x63, 0x74, 0x20, 0x6d, 0x6f, 0x64, 0x65, 0x36,
 0x50, 0x61, 0x74, 0x74, 0x65, 0x72, 0x6e, 0x20,
 0x63, 0x61, 0x6e, 0x20, 0x6e, 0x6f, 0x74, 0x20,
 0x68, 0x61, 0x76, 0x65, 0x20, 0x61, 0x20, 0x74,
 0x61, 0x69, 0x6c, 0x7e, 0x43, 0x61, 0x6e, 0x20,
 0x6e, 0x6f, 0x74, 0x20, 0x68, 0x61, 0x76, 0x65,
 0x20, 0x61, 0x20, 0x60, 0x79, 0x69, 0x65, 0x6c,
 0x64, 0x60, 0x20, 0x65, 0x78, 0x70, 0x72, 0x65,
 0x73, 0x73, 0x69, 0x6f, 0x6e, 0x20, 0x6f, 0x6e,
 0x20, 0x74, 0x68, 0x65, 0x20, 0x6c, 0x65, 0x66,
 0x74, 0x20, 0x73, 0x69, 0x64, 0x65, 0x20, 0x6f,
 0x66, 0x20, 0x61, 0x20, 0x74, 0x65, 0x72, 0x6e,
 0x61, 0x72, 0x79, 0x70, 0x41, 0x6e, 0x20, 0x61,
 0x72, 0x72, 0x6f, 0x77, 0x20, 0x66, 0x75, 0x6e,
 0x63, 0x74, 0x69, 0x6f, 0x6e, 0x20, 0x63, 0x61,
 0x6e, 0x20, 0x6e, 0x6f, 0x74, 0x20, 0x68, 0x61,
 0x76, 0x65, 0x20, 0x61, 0x20, 0x70, 0x6f, 0x73,
 0x74, 0x66, 0x69, 0x78, 0x20, 0x75, 0x70, 0x64,
 0x61, 0x74, 0x65, 0x20, 0x6f, 0x70, 0x65, 0x72,
 0x61, 0x74, 0x6f, 0x72, 0x72, 0x49, 0x6e, 0x76,
 0x61, 0x6c, 0x69, 0x64, 0x20, 0x6f, 0x62, 0x6a,
 0x65, 0x63, 0x74, 0x20, 0x6c, 0x69, 0x74, 0x65,
 0x72, 0x61, 0x6c, 0x20, 0x6b, 0x65, 0x79, 0x20,
 0x63, 0x68, 0x61, 0x72, 0x61, 0x63, 0x74, 0x65,
 0x72, 0x20, 0x61, 0x66, 0x74, 0x65, 0x72, 0x20,
 0x67, 0x65, 0x6e, 0x65, 0x72, 0x61, 0x74, 0x6f,
 0x72, 0x20, 0x73, 0x74, 0x61, 0x72, 0x42, 0x50,
 0x72, 0x69, 0x76, 0x61, 0x74, 0x65, 0x20, 0x66,
 0x69, 0x65, 0x6c, 0x64, 0x73, 0x20, 0x63, 0x61,
 0x6e, 0x20, 0x6e, 0x6f, 0x74, 0x20, 0x62, 0x65,
 0x20, 0x64, 0x65, 0x6c, 0x65, 0x74, 0x65, 0x64,
 0x5e, 0x43, 0x6c, 0x61, 0x73, 0x73, 0x65, 0x73,
 0x20, 0x6d, 0x61, 0x79, 0x20, 0x6e, 0x6f, 0x74,
 0x20, 0x68, 0x61, 0x76, 0x65, 0x20, 0x61, 0x20,
 0x66, 0x69, 0x65, 0x6c, 0x64, 0x20, 0x63, 0x61,
 0x6c, 0x6c, 0x65, 0x64, 0x20, 0x63, 0x6f, 0x6e,
 0x73, 0x74, 0x72, 0x75, 0x63, 0x74, 0x6f, 0x72,
 0x70, 0x43, 0x6c, 0x61, 0x73, 0x73, 0x65, 0x73,
 0x20, 0x6d, 0x61, 0x79, 0x20, 0x6e, 0x6f, 0x74,
 0x20, 0x68, 0x61, 0x76, 0x65, 0x20, 0x61, 0x20,
 0x70, 0x72, 0x69, 0x76, 0x61, 0x74, 0x65, 0x20,
 0x65, 0x6c, 0x65, 0x6d, 0x65, 0x6e, 0x74, 0x20,
 0x6e, 0x61, 0x6d, 0x65, 0x64, 0x20, 0x63, 0x6f,
 0x6e, 0x73, 0x74, 0x72, 0x75, 0x63, 0x74, 0x6f,
 0x72, 0x86, 0x01, 0x41, 0x20, 0x63, 0x6c, 0x61,
 0x73, 0x73, 0x20, 0x66, 0x69, 0x65, 0x6c, 0x64,
 0x20, 0x69, 0x6e, 0x69, 0x74, 0x69, 0x61, 0x6c,
 0x69, 0x7a, 0x65, 0x72, 0x20, 0x6f, 0x72, 0x20,
 0x73, 0x74, 0x61, 0x74, 0x69, 0x63, 0x20, 0x62,
 0x6c, 0x6f, 0x63, 0x6b, 0x20, 0x6d, 0x61, 0x79,
 0x20, 0x6e, 0x6f, 0x74, 0x20, 0x63, 0x6f, 0x6e,
 0x74, 0x61, 0x69, 0x6e, 0x20, 0x61, 0x72, 0x67,
 0x75, 0x6d, 0x65, 0x6e, 0x74, 0x73, 0x84, 0x01,
 0x47, 0x65, 0x6e, 0x65, 0x72, 0x61, 0x74, 0x6f,
 0x72, 0x73, 0x20, 0x63, 0x61, 0x6e, 0x20, 0x6f,
 0x6e, 0x6c, 0x79, 0x20, 0x62, 0x65, 0x20, 0x64,
 0x65, 0x63, 0x6c, 0x61, 0x72, 0x65, 0x64, 0x20,
 0x61, 0x74, 0x20, 0x74, 0x68, 0x65, 0x20, 0x74,
 0x6f, 0x70, 0x20, 0x6c, 0x65, 0x76, 0x65, 0x6c,
 0x20, 0x6f, 0x72, 0x20, 0x69, 0x6e, 0x73, 0x69,
 0x64, 0x65, 0x20, 0x61, 0x20, 0x62, 0x6c, 0x6f,
 0x63, 0x6b, 0xa0, 0x01, 0x41, 0x73, 0x79, 0x6e,
 0x63, 0x20, 0x6d, 0x65, 0x74, 0x68, 0x6f, 0x64,
 0x73, 0x20, 0x61, 0x72, 0x65, 0x20, 0x61, 0x20,
 0x72, 0x65, 0x73, 0x74, 0x72, 0x69, 0x63, 0x74,
 0x65, 0x64, 0x20, 0x70, 0x72, 0x6f, 0x64, 0x75,
 0x63, 0x74, 0x69, 0x6f, 0x6e, 0x20, 0x61, 0x6e,
 0x64, 0x20, 0x63, 0x61, 0x6e, 0x6e, 0x6f, 0x74,
 0x20, 0x68, 0x61, 0x76, 0x65, 0x20, 0x61, 0x20,
 0x6e, 0x65, 0x77, 0x6c, 0x69, 0x6e, 0x65, 0x20,
 0x66, 0x6f, 0x6c, 0x6c, 0x6f, 0x77, 0x69, 0x6e,
 0x67, 0x20, 0x69, 0x74, 0x6e, 0x55, 0x6e, 0x65,
 0x78, 0x70, 0x65, 0x63, 0x74, 0x65, 0x64, 0x20,
 0x63, 0x68, 0x61, 0x72, 0x61, 0x63, 0x74, 0x65,
 0x72, 0x20, 0x61, 0x66, 0x74, 0x65, 0x72, 0x20,
 0x6f, 0x62, 0x6a, 0x65, 0x63, 0x74, 0x20, 0x6c,
 0x69, 0x74, 0x65, 0x72, 0x61, 0x6c, 0x20, 0x70,
 0x72, 0x6f, 0x70, 0x65, 0x72, 0x74, 0x79, 0x20,
 0x6e, 0x61, 0x6d, 0x65, 0x22, 0x49, 0x6e, 0x76,
 0x61, 0x6c, 0x69, 0x64, 0x20, 0x6b, 0x65, 0x79,
 0x20, 0x74, 0x6f, 0x6b, 0x65, 0x6e, 0x48, 0x4c,
 0x61, 0x62, 0x65, 0x6c, 0x20, 0x27, 0x25, 0x30,
 0x27, 0x20, 0x68, 0x61, 0x73, 0x20, 0x61, 0x6c,
 0x72, 0x65, 0x61, 0x64, 0x79, 0x20, 0x62, 0x65,
 0x65, 0x6e, 0x20, 0x64, 0x65, 0x63, 0x6c, 0x61,
 0x72, 0x65, 0x64, 0x7e, 0x63, 0x6f, 0x6e, 0x74,
 0x69, 0x6e, 0x75, 0x65, 0x20, 0x73, 0x74, 0x61,
 0x74, 0x65, 0x6d, 0x65, 0x6e, 0x74, 0x20, 0x6d,
 0x75, 0x73, 0x74, 0x20, 0x62, 0x65, 0x20, 0x6e,
 0x65, 0x73, 0x74, 0x65, 0x64, 0x20, 0x77, 0x69,
 0x74, 0x68, 0x69, 0x6e, 0x20, 0x61, 0x6e, 0x20,
 0x69, 0x74, 0x65, 0x72, 0x61, 0x74, 0x69, 0x6f,
 0x6e, 0x20, 0x73, 0x74, 0x61, 0x74, 0x65, 0x6d,
 0x65, 0x6e, 0x74, 0x28, 0x55, 0x6e, 0x64, 0x65,
 0x66, 0x69, 0x6e, 0x65, 0x64, 0x20, 0x6c, 0x61,
 0x62, 0x65, 0x6c, 0x20, 0x27, 0x25, 0x30, 0x27,
 0x72, 0x54, 0x72, 0x61, 0x69, 0x6c, 0x69, 0x6e,
 0x67, 0x20, 0x63, 0x6f, 0x6d, 0x6d, 0x61, 0x20,
 0x69, 0x73, 0x20, 0x64, 0x69, 0x73, 0x61, 0x6c,
 0x6c, 0x6f, 0x77, 0x65, 0x64, 0x20, 0x69, 0x6e,
 0x73, 0x69, 0x64, 0x65, 0x20, 0x69, 0x6d, 0x70,
 0x6f, 0x72, 0x74, 0x28, 0x2e, 0x2e, 0x2e, 0x29,
 0x20, 0x61, 0x72, 0x67, 0x75, 0x6d, 0x65, 0x6e,
 0x74, 0x73, 0x3c, 0x49, 0x6e, 0x76, 0x61, 0x6c,
 0x69, 0x64, 0x20, 0x62, 0x69, 0x6e, 0x64, 0x69,
 0x6e, 0x67, 0x20, 0x69, 0x6e, 0x20, 0x4a, 0x53,
 0x4f, 0x4e, 0x20, 0x69, 0x6d, 0x70, 0x6f, 0x72,
 0x74, 0x4c, 0x69, 0x6d, 0x70, 0x6f, 0x72, 0x74,
 0x28, 0x29, 0x20, 0x72, 0x65, 0x71, 0x75, 0x69,
 0x72, 0x65, 0x73, 0x20, 0x65, 0x78, 0x61, 0x63,
 0x74, 0x6c, 0x79, 0x20, 0x6f, 0x6e, 0x65, 0x20,
 0x61, 0x72, 0x67, 0x75, 0x6d, 0x65, 0x6e, 0x74,
 0x3e, 0x43, 0x61, 0x6e, 0x6e, 0x6f, 0x74, 0x20,
 0x75, 0x73, 0x65, 0x20, 0x6e, 0x65, 0x77, 0x20,
 0x77, 0x69, 0x74, 0x68, 0x20, 0x69, 0x6d, 0x70,
 0x6f, 0x72, 0x74, 0x28, 0x2e, 0x2e, 0x2e, 0x29,
 0x3c, 0x2e, 0x2e, 0x2e, 0x20, 0x69, 0x73, 0x20,
 0x6e, 0x6f, 0x74, 0x20, 0x61, 0x6c, 0x6c, 0x6f,
 0x77, 0x65, 0x64, 0x20, 0x69, 0x6e, 0x20, 0x69,
 0x6d, 0x70, 0x6f, 0x72, 0x74, 0x28, 0x29, 0x1a,
 0x45, 0x78, 0x70, 0x65, 0x63, 0x74, 0x65, 0x64,
 0x20, 0x27, 0x3d, 0x3e, 0x27, 0x2c, 0x44, 0x75,
 0x70, 0x6c, 0x69, 0x63, 0x61, 0x74, 0x65, 0x20,
 0x62, 0x69, 0x6e, 0x64, 0x69, 0x6e, 0x67, 0x20,
 0x27, 0x25, 0x30, 0x27, 0x40, 0x44, 0x75, 0x70,
 0x6c, 0x69, 0x63, 0x61, 0x74, 0x65, 0x20, 0x70,
 0x72, 0x69, 0x76, 0x61, 0x74, 0x65, 0x20, 0x69,
 0x64, 0x65, 0x6e, 0x74, 0x69, 0x66, 0x69, 0x65,
 0x72, 0x20, 0x23, 0x25, 0x30, 0x46, 0x43, 0x61,
 0x6e, 0x6e, 0x6f, 0x74, 0x20, 0x65, 0x78, 0x70,
 0x6f, 0x72, 0x74, 0x20, 0x61, 0x20, 0x64, 0x75,
 0x70, 0x6c, 0x69, 0x63, 0x61, 0x74, 0x65, 0x20,
 0x6e, 0x61, 0x6d, 0x65, 0x20, 0x27, 0x25, 0x30,
 0x27, 0x30, 0x44, 0x75, 0x70, 0x6c, 0x69, 0x63,
 0x61, 0x74, 0x65, 0x20, 0x25, 0x30, 0x20, 0x66,
 0x6f, 0x72, 0x2d, 0x62, 0x69, 0x6e, 0x64, 0x69,
 0x6e, 0x67, 0x8a, 0x01, 0x45, 0x78, 0x70, 0x6f,
 0x72, 0x74, 0x65, 0x64, 0x20, 0x62, 0x69, 0x6e,
 0x64, 0x69, 0x6e, 0x67, 0x20, 0x27, 0x25, 0x30,
 0x27, 0x20, 0x6e, 0x65, 0x65, 0x64, 0x73, 0x20,
 0x74, 0x6f, 0x20, 0x72, 0x65, 0x66, 0x65, 0x72,
 0x20, 0x74, 0x6f, 0x20, 0x61, 0x20, 0x74, 0x6f,
 0x70, 0x2d, 0x6c, 0x65, 0x76, 0x65, 0x6c, 0x20,
 0x64, 0x65, 0x63, 0x6c, 0x61, 0x72, 0x65, 0x64,
 0x20, 0x76, 0x61, 0x72, 0x69, 0x61, 0x62, 0x6c,
 0x65, 0x30, 0x55, 0x6e, 0x65, 0x78, 0x70, 0x65,
 0x63, 0x74, 0x65, 0x64, 0x20, 0x70, 0x72, 0x69,
 0x76, 0x61, 0x74, 0x65, 0x20, 0x66, 0x69, 0x65,
 0x6c, 0x64, 0x82, 0x01, 0x4e, 0x75, 0x6d, 0x65,
 0x72, 0x69, 0x63, 0x20, 0x73, 0x65, 0x70, 0x61,
 0x72, 0x61, 0x74, 0x6f, 0x72, 0x73, 0x20, 0x61,
 0x72, 0x65, 0x20, 0x6e, 0x6f, 0x74, 0x20, 0x61,
 0x6c, 0x6c, 0x6f, 0x77, 0x65, 0x64, 0x20, 0x61,
 0x74, 0x20, 0x74, 0x68, 0x65, 0x20, 0x65, 0x6e,
 0x64, 0x20, 0x6f, 0x66, 0x20, 0x6e, 0x75, 0x6d,
 0x65, 0x72, 0x69, 0x63, 0x20, 0x6c, 0x69, 0x74,
 0x65, 0x72, 0x61, 0x6c, 0x73, 0x66, 0x4f, 0x6e,
 0x6c, 0x79, 0x20, 0x6f, 0x6e, 0x65, 0x20, 0x75,
 0x6e, 0x64, 0x65, 0x72, 0x73, 0x63, 0x6f, 0x72,
 0x65, 0x20, 0x69, 0x73, 0x20, 0x61, 0x6c, 0x6c,
 0x6f, 0x77, 0x65, 0x64, 0x20, 0x61, 0x73, 0x20,
 0x6e, 0x75, 0x6d, 0x65, 0x72, 0x69, 0x63, 0x20,
 0x73, 0x65, 0x70, 0x61, 0x72, 0x61, 0x74, 0x6f,
 0x72, 0x7a, 0x4a, 0x53, 0x58, 0x20, 0x76, 0x61,
 0x6c, 0x75, 0x65, 0x20, 0x73, 0x68, 0x6f, 0x75,
 0x6c, 0x64, 0x20, 0x62, 0x65, 0x20, 0x65, 0x69,
 0x74, 0x68, 0x65, 0x72, 0x20, 0x61, 0x6e, 0x20,
 0x65, 0x78, 0x70, 0x72, 0x65, 0x73, 0x73, 0x69,
 0x6f, 0x6e, 0x20, 0x6f, 0x72, 0x20, 0x61, 0x20,
 0x71, 0x75, 0x6f, 0x74, 0x65, 0x64, 0x20, 0x4a,
 0x53, 0x58, 0x20, 0x74, 0x65, 0x78, 0x74, 0x5a,
 0x45, 0x78, 0x70, 0x65, 0x63, 0x74, 0x65, 0x64,
 0x20, 0x63, 0x6f, 0x72, 0x72, 0x65, 0x73, 0x70,
 0x6f, 0x6e, 0x64, 0x69, 0x6e, 0x67, 0x20, 0x4a,
 0x53, 0x58, 0x20, 0x63, 0x6c, 0x6f, 0x73, 0x69,
 0x6e, 0x67, 0x20, 0x74, 0x61, 0x67, 0x20, 0x66,
 0x6f, 0x72, 0x20, 0x25, 0x30, 0x72, 0x41, 0x64,
 0x6a, 0x61, 0x63, 0x65, 0x6e, 0x74, 0x20, 0x4a,
 0x53, 0x58, 0x20, 0x65, 0x6c, 0x65, 0x6d, 0x65,
 0x6e, 0x74, 0x73, 0x20, 0x6d, 0x75, 0x73, 0x74,
 0x20, 0x62, 0x65, 0x20, 0x77, 0x72, 0x61, 0x70,
 0x70, 0x65, 0x64, 0x20, 0x69, 0x6e, 0x20, 0x61,
 0x6e, 0x20, 0x65, 0x6e, 0x63, 0x6c, 0x6f, 0x73,
 0x69, 0x6e, 0x67, 0x20, 0x74, 0x61, 0x67, 0x7a,
 0x4a, 0x53, 0x58, 0x20, 0x61, 0x74, 0x74, 0x72,
 0x69, 0x62, 0x75, 0x74, 0x65, 0x73, 0x20, 0x6d,
 0x75, 0x73, 0x74, 0x20, 0x6f, 0x6e, 0x6c, 0x79,
 0x20, 0x62, 0x65, 0x20, 0x61, 0x73, 0x73, 0x69,
 0x67, 0x6e, 0x65, 0x64, 0x20, 0x61, 0x20, 0x6e,
 0x6f, 0x6e, 0x2d, 0x65, 0x6d, 0x70, 0x74, 0x79,
 0x20, 0x27, 0x65, 0x78, 0x70, 0x72, 0x65, 0x73,
 0x73, 0x69, 0x6f, 0x6e, 0x27, 0x3c, 0x27, 0x25,
 0x30, 0x27, 0x20, 0x68, 0x61, 0x73, 0x20, 0x61,
 0x6c, 0x72, 0x65, 0x61, 0x64, 0x79, 0x20, 0x62,
 0x65, 0x65, 0x6e, 0x20, 0x64, 0x65, 0x63, 0x6c,
 0x61, 0x72, 0x65, 0x64, 0x48, 0x27, 0x25, 0x30,
 0x27, 0x20, 0x73, 0x68, 0x61, 0x64, 0x6f, 0x77,
 0x65, 0x64, 0x20, 0x61, 0x20, 0x63, 0x61, 0x74,
 0x63, 0x68, 0x20, 0x63, 0x6c, 0x61, 0x75, 0x73,
 0x65, 0x20, 0x62, 0x69, 0x6e, 0x64, 0x69, 0x6e,
 0x67, 0x44, 0x44, 0x6f, 0x74, 0x20, 0x70, 0x72,
 0x6f, 0x70, 0x65, 0x72, 0x74, 0x79, 0x20, 0x6d,
 0x75, 0x73, 0x74, 0x20, 0x62, 0x65, 0x20, 0x61,
 0x6e, 0x20, 0x69, 0x64, 0x65, 0x6e, 0x74, 0x69,
 0x66, 0x69, 0x65, 0x72, 0x68, 0x45, 0x6e, 0x63,
 0x6f, 0x75, 0x6e, 0x74, 0x65, 0x72, 0x65, 0x64,
 0x20, 0x69, 0x6e, 0x76, 0x61, 0x6c, 0x69, 0x64,
 0x20, 0x69, 0x6e, 0x70, 0x75, 0x74, 0x20, 0x61,
 0x66, 0x74, 0x65, 0x72, 0x20, 0x73, 0x70, 0x72,
 0x65, 0x61, 0x64, 0x2f, 0x72, 0x65, 0x73, 0x74,
 0x20, 0x61, 0x72, 0x67, 0x75, 0x6d, 0x65, 0x6e,
 0x74, 0x22, 0x43, 0x61, 0x74, 0x63, 0x68, 0x20,
 0x77, 0x69, 0x74, 0x68, 0x6f, 0x75, 0x74, 0x20,
 0x74, 0x72, 0x79, 0x26, 0x46, 0x69, 0x6e, 0x61,
 0x6c, 0x6c, 0x79, 0x20, 0x77, 0x69, 0x74, 0x68,
 0x6f, 0x75, 0x74, 0x20, 0x74, 0x72, 0x79, 0x66,
 0x45, 0x78, 0x70, 0x65, 0x63, 0x74, 0x65, 0x64,
 0x20, 0x63, 0x6f, 0x72, 0x72, 0x65, 0x73, 0x70,
 0x6f, 0x6e, 0x64, 0x69, 0x6e, 0x67, 0x20, 0x63,
 0x6c, 0x6f, 0x73, 0x69, 0x6e, 0x67, 0x20, 0x74,
 0x61, 0x67, 0x20, 0x66, 0x6f, 0x72, 0x20, 0x4a,
 0x53, 0x58, 0x20, 0x66, 0x72, 0x61, 0x67, 0x6d,
 0x65, 0x6e, 0x74, 0xd8, 0x01, 0x43, 0x6f, 0x61,
 0x6c, 0x65, 0x73, 0x63, 0x69, 0x6e, 0x67, 0x20,
 0x61, 0x6e, 0x64, 0x20, 0x6c, 0x6f, 0x67, 0x69,
 0x63, 0x61, 0x6c, 0x20, 0x6f, 0x70, 0x65, 0x72,
 0x61, 0x74, 0x6f, 0x72, 0x73, 0x20, 0x75, 0x73,
 0x65, 0x64, 0x20, 0x74, 0x6f, 0x67, 0x65, 0x74,
 0x68, 0x65, 0x72, 0x20, 0x69, 0x6e, 0x20, 0x74,
 0x68, 0x65, 0x20, 0x73, 0x61, 0x6d, 0x65, 0x20,
 0x65, 0x78, 0x70, 0x72, 0x65, 0x73, 0x73, 0x69,
 0x6f, 0x6e, 0x20, 0x6d, 0x75, 0x73, 0x74, 0x20,
 0x62, 0x65, 0x20, 0x64, 0x69, 0x73, 0x61, 0x6d,
 0x62, 0x69, 0x67, 0x75, 0x61, 0x74, 0x65, 0x64,
 0x20, 0x77, 0x69, 0x74, 0x68, 0x20, 0x70, 0x61,
 0x72, 0x65, 0x6e, 0x74, 0x68, 0x65, 0x73, 0x65,
 0x73, 0x52, 0x49, 0x6e, 0x76, 0x61, 0x6c, 0x69,
 0x64, 0x20, 0x74, 0x61, 0x67, 0x67, 0x65, 0x64,
 0x20, 0x74, 0x65, 0x6d, 0x70, 0x6c, 0x61, 0x74,
 0x65, 0x20, 0x6f, 0x6e, 0x20, 0x6f, 0x70, 0x74,
 0x69, 0x6f, 0x6e, 0x61, 0x6c, 0x20, 0x63, 0x68,
 0x61, 0x69, 0x6e, 0x54, 0x49, 0x6e, 0x76, 0x61,
 0x6c, 0x69, 0x64, 0x20, 0x6f, 0x70, 0x74, 0x69,
 0x6f, 0x6e, 0x61, 0x6c, 0x20, 0x63, 0x68, 0x61,
 0x69, 0x6e, 0x20, 0x66, 0x72, 0x6f, 0x6d, 0x20,
 0x73, 0x75, 0x70, 0x65, 0x72, 0x20, 0x70, 0x72,
 0x6f, 0x70, 0x65, 0x72, 0x74, 0x79, 0x54, 0x49,
 0x6e, 0x76, 0x61, 0x6c, 0x69, 0x64, 0x20, 0x6f,
 0x70, 0x74, 0x69, 0x6f, 0x6e, 0x61, 0x6c, 0x20,
 0x63, 0x68, 0x61, 0x69, 0x6e, 0x20, 0x66, 0x72,
 0x6f, 0x6d, 0x20, 0x6e, 0x65, 0x77, 0x20, 0x65,
 0x78, 0x70, 0x72, 0x65, 0x73, 0x73, 0x69, 0x6f,
 0x6e, 0x52, 0x43, 0x61, 0x6e, 0x6e, 0x6f, 0x74,
 0x20, 0x75, 0x73, 0x65, 0x20, 0x22, 0x69, 0x6d,
 0x70, 0x6f, 0x72, 0x74, 0x2e, 0x6d, 0x65, 0x74,
 0x61, 0x22, 0x20, 0x6f, 0x75, 0x74, 0x73, 0x69,
 0x64, 0x65, 0x20, 0x61, 0x20, 0x6d, 0x6f, 0x64,
 0x75, 0x6c, 0x65, 0x74, 0x4c, 0x65, 0x61, 0x64,
 0x69, 0x6e, 0x67, 0x20, 0x64, 0x65, 0x63, 0x6f,
 0x72, 0x61, 0x74, 0x6f, 0x72, 0x73, 0x20, 0x6d,
 0x75, 0x73, 0x74, 0x20, 0x62, 0x65, 0x20, 0x61,
 0x74, 0x74, 0x61, 0x63, 0x68, 0x65, 0x64, 0x20,
 0x74, 0x6f, 0x20, 0x61, 0x20, 0x63, 0x6c, 0x61,
 0x73, 0x73, 0x20, 0x64, 0x65, 0x63, 0x6c, 0x61,
 0x72, 0x61, 0x74, 0x69, 0x6f, 0x6e, 0x70, 0x41,
 0x6e, 0x20, 0x65, 0x78, 0x70, 0x6f, 0x72, 0x74,
 0x20, 0x6e, 0x61, 0x6d, 0x65, 0x20, 0x63, 0x61,
 0x6e, 0x6e, 0x6f, 0x74, 0x20, 0x69, 0x6e, 0x63,
 0x6c, 0x75, 0x64, 0x65, 0x20, 0x61, 0x20, 0x6c,
 0x6f, 0x6e, 0x65, 0x20, 0x73, 0x75, 0x72, 0x72,
 0x6f, 0x67, 0x61, 0x74, 0x65, 0x2c, 0x20, 0x66,
 0x6f, 0x75, 0x6e, 0x64, 0x20, 0x25, 0x30, 0x8a,
 0x01, 0x41, 0x20, 0x73, 0x74, 0x72, 0x69, 0x6e,
 0x67, 0x20, 0x6c, 0x69, 0x74, 0x65, 0x72, 0x61,
 0x6c, 0x20, 0x63, 0x61, 0x6e, 0x6e, 0x6f, 0x74,
 0x20, 0x62, 0x65, 0x20, 0x75, 0x73, 0x65, 0x64,
 0x20, 0x61, 0x73, 0x20, 0x61, 0x6e, 0x20, 0x65,
 0x78, 0x70, 0x6f, 0x72, 0x74, 0x65, 0x64, 0x20,
 0x62, 0x69, 0x6e, 0x64, 0x69, 0x6e, 0x67, 0x20,
 0x77, 0x69, 0x74, 0x68, 0x6f, 0x75, 0x74, 0x20,
 0x60, 0x66, 0x72, 0x6f, 0x6d, 0x60, 0x52, 0x50,
 0x72, 0x69, 0x76, 0x61, 0x74, 0x65, 0x20, 0x66,
 0x69, 0x65, 0x6c, 0x64, 0x73, 0x20, 0x63, 0x61,
 0x6e, 0x27, 0x74, 0x20, 0x62, 0x65, 0x20, 0x61,
 0x63, 0x63, 0x65, 0x73, 0x73, 0x65, 0x64, 0x20,
 0x6f, 0x6e, 0x20, 0x73, 0x75, 0x70, 0x65, 0x72,
 0x70, 0x54, 0x68, 0x65, 0x20, 0x6f, 0x6e, 0x6c,
 0x79, 0x20, 0x76, 0x61, 0x6c, 0x69, 0x64, 0x20,
 0x6d, 0x65, 0x74, 0x61, 0x20, 0x70, 0x72, 0x6f,
 0x70, 0x65, 0x72, 0x74, 0x79, 0x20, 0x66, 0x6f,
 0x72, 0x20, 0x69, 0x6d, 0x70, 0x6f, 0x72, 0x74,
 0x20, 0x69, 0x73, 0x20, 0x27, 0x69, 0x6d, 0x70,
 0x6f, 0x72, 0x74, 0x2e, 0x6d, 0x65, 0x74, 0x61,
 0x27, 0x62, 0x27, 0x69, 0x6d, 0x70, 0x6f, 0x72,
 0x74, 0x2e, 0x6d, 0x65, 0x74, 0x61, 0x27, 0x20,
 0x6d, 0x75, 0x73, 0x74, 0x20, 0x6e, 0x6f, 0x74,
 0x20, 0x63, 0x6f, 0x6e, 0x74, 0x61, 0x69, 0x6e,
 0x20, 0x65, 0x73, 0x63, 0x61, 0x70, 0x65, 0x64,
 0x20, 0x63, 0x68, 0x61, 0x72, 0x61, 0x63, 0x74,
 0x65, 0x72, 0x73, 0x72, 0x63, 0x61, 0x6e, 0x6e,
 0x6f, 0x74, 0x20, 0x75, 0x73, 0x65, 0x20, 0x22,
 0x61, 0x77, 0x61, 0x69, 0x74, 0x22, 0x20, 0x61,
 0x73, 0x20, 0x69, 0x64, 0x65, 0x6e, 0x74, 0x69,
 0x66, 0x69, 0x65, 0x72, 0x20, 0x69, 0x6e, 0x73,
 0x69, 0x64, 0x65, 0x20, 0x61, 0x6e, 0x20, 0x61,
 0x73, 0x79, 0x6e, 0x63, 0x20, 0x66, 0x75, 0x6e,
 0x63, 0x74, 0x69, 0x6f, 0x6e, 0x46, 0x63, 0x61,
 0x6e, 0x6e, 0x6f, 0x74, 0x20, 0x75, 0x73, 0x65,
 0x20, 0x22, 0x61, 0x77, 0x61, 0x69, 0x74, 0x22,
 0x20, 0x69, 0x6e, 0x20, 0x73, 0x74, 0x61, 0x74,
 0x69, 0x63, 0x20, 0x62, 0x6c, 0x6f, 0x63, 0x6b,
 0x73, 0x02, 0x4c, 0x1a, 0x65, 0x6e, 0x64, 0x20,
 0x6f, 0x66, 0x20, 0x73, 0x6f, 0x75, 0x72, 0x63,
 0x65, 0x14, 0x69, 0x64, 0x65, 0x6e, 0x74, 0x69,
 0x66, 0x69, 0x65, 0x72, 0x24, 0x72, 0x65, 0x67,
 0x75, 0x6c, 0x61, 0x72, 0x20, 0x65, 0x78, 0x70,
 0x72, 0x65, 0x73, 0x73, 0x69, 0x6f, 0x6e, 0x2a,
 0x74, 0x65, 0x6d, 0x70, 0x6c, 0x61, 0x74, 0x65,
 0x20, 0x63, 0x6f, 0x6e, 0x74, 0x69, 0x6e, 0x75,
 0x61, 0x74, 0x69, 0x6f, 0x6e, 0x1a, 0x74, 0x65,
 0x6d, 0x70, 0x6c, 0x61, 0x74, 0x65, 0x20, 0x74,
 0x61, 0x69, 0x6c, 0x04, 0x3d, 0x3e, 0x02, 0x28,
 0x02, 0x7b, 0x02, 0x2e, 0x06, 0x2e, 0x2e, 0x2e,
 0x02, 0x7d, 0x02, 0x29, 0x02, 0x3b, 0x02, 0x2c,
 0x02, 0x5b, 0x02, 0x5d, 0x02, 0x3a, 0x02, 0x3f,
 0x02, 0x27, 0x02, 0x22, 0x04, 0x2b, 0x2b, 0x04,
 0x2d, 0x2d, 0x02, 0x3d, 0x06, 0x3c, 0x3c, 0x3d,
 0x06, 0x3e, 0x3e, 0x3d, 0x08, 0x3e, 0x3e, 0x3e,
 0x3d, 0x06, 0x2a, 0x2a, 0x3d, 0x04, 0x2b, 0x3d,
 0x04, 0x2d, 0x3d, 0x04, 0x2a, 0x3d, 0x04, 0x2f,
 0x3d, 0x04, 0x25, 0x3d, 0x04, 0x5e, 0x3d, 0x04,
 0x7c, 0x3d, 0x04, 0x26, 0x3d, 0x06, 0x7c, 0x7c,
 0x3d, 0x06, 0x26, 0x26, 0x3d, 0x06, 0x3f, 0x3f,
 0x3d, 0x02, 0x21, 0x02, 0x7e, 0x02, 0x2b, 0x02,
 0x2d, 0x02, 0x25, 0x02, 0x2f, 0x04, 0x2a, 0x2a,
 0x04, 0x26, 0x26, 0x04, 0x7c, 0x7c, 0x06, 0x3d,
 0x3d, 0x3d, 0x06, 0x21, 0x3d, 0x3d, 0x04, 0x3d,
 0x3d, 0x04, 0x21, 0x3d, 0x04, 0x3c, 0x3d, 0x04,
 0x3e, 0x3d, 0x02, 0x3c, 0x02, 0x3e, 0x04, 0x3c,
 0x3c, 0x04, 0x3e, 0x3e, 0x06, 0x3e, 0x3e, 0x3e,
 0x02, 0x26, 0x02, 0x7c, 0x02, 0x5e, 0x10, 0x61,
 0x63, 0x63, 0x65, 0x73, 0x73, 0x6f, 0x72, 0x1e,
 0x65, 0x73, 0x63, 0x61, 0x70, 0x65, 0x64, 0x20,
 0x6b, 0x65, 0x79, 0x77, 0x6f, 0x72, 0x64, 0x3e,
 0x65, 0x73, 0x63, 0x61, 0x70, 0x65, 0x64, 0x20,
 0x66, 0x75, 0x74, 0x75, 0x72, 0x65, 0x20, 0x72,
 0x65, 0x73, 0x65, 0x72, 0x76, 0x65, 0x64, 0x20,
 0x6b, 0x65, 0x79, 0x77, 0x6f, 0x72, 0x64, 0x24,
 0x72, 0x65, 0x73, 0x65, 0x72, 0x76, 0x65, 0x64,
 0x20, 0x69, 0x66, 0x20, 0x73, 0x74, 0x72, 0x69,
 0x63, 0x74, 0x02, 0x23, 0x1a, 0x42, 0x69, 0x67,
 0x49, 0x6e, 0x74, 0x4c, 0x69, 0x74, 0x65, 0x72,
 0x61, 0x6c, 0x04, 0x3f, 0x3f, 0x04, 0x3f, 0x2e,
 0x14, 0x57, 0x68, 0x69, 0x74, 0x65, 0x53, 0x70,
 0x61, 0x63, 0x65, 0x0e, 0x49, 0x6c, 0x6c, 0x65,
 0x67, 0x61, 0x6c, 0x1c, 0x4c, 0x69, 0x6e, 0x65,
 0x54, 0x65, 0x72, 0x6d, 0x69, 0x6e, 0x61, 0x74,
 0x6f, 0x72, 0x18, 0x50, 0x72, 0x69, 0x76, 0x61,
 0x74, 0x65, 0x46, 0x69, 0x65, 0x6c, 0x64, 0x10,
 0x54, 0x65, 0x6d, 0x70, 0x6c, 0x61, 0x74, 0x65,
 0x02, 0x40, 0x10, 0x4c, 0x69, 0x6e, 0x65, 0x46,
 0x65, 0x65, 0x64, 0x0e, 0x45, 0x73, 0x63, 0x61,
 0x70, 0x65, 0x64, 0x0e, 0x4a, 0x53, 0x58, 0x54,
 0x65, 0x78, 0x74, 0x02, 0xc6, 0x0a, 0x41, 0x45,
 0x6c, 0x69, 0x67, 0x06, 0x41, 0x4d, 0x50, 0x02,
 0xc1, 0x0c, 0x41, 0x61, 0x63, 0x75, 0x74, 0x65,
 0x03, 0x02, 0x01, 0x0c, 0x41, 0x62, 0x72, 0x65,
 0x76, 0x65, 0x02, 0xc2, 0x0a, 0x41, 0x63, 0x69,
 0x72, 0x63, 0x03, 0x10, 0x04, 0x06, 0x41, 0x63,
 0x79, 0x05, 0x35, 0xd8, 0x04, 0xdd, 0x06, 0x41,
 0x66, 0x72, 0x02, 0xc0, 0x0c, 0x41, 0x67, 0x72,
 0x61, 0x76, 0x65, 0x03, 0x91, 0x03, 0x0a, 0x41,
 0x6c, 0x70, 0x68, 0x61, 0x03, 0x00, 0x01, 0x0a,
 0x41, 0x6d, 0x61, 0x63, 0x72, 0x03, 0x53, 0x2a,
 0x06, 0x41, 0x6e, 0x64, 0x03, 0x04, 0x01, 0x0a,
 0x41, 0x6f, 0x67, 0x6f, 0x6e, 0x05, 0x35, 0xd8,
 0x38, 0xdd, 0x08, 0x41, 0x6f, 0x70, 0x66, 0x03,
 0x61, 0x20, 0x1a, 0x41, 0x70, 0x70, 0x6c, 0x79,
 0x46, 0x75, 0x6e, 0x63, 0x74, 0x69, 0x6f, 0x6e,
 0x02, 0xc5, 0x0a, 0x41, 0x72, 0x69, 0x6e, 0x67,
 0x05, 0x35, 0xd8, 0x9c, 0xdc, 0x08, 0x41, 0x73,
 0x63, 0x72, 0x03, 0x54, 0x22, 0x0c, 0x41, 0x73,
 0x73, 0x69, 0x67, 0x6e, 0x02, 0xc3, 0x0c, 0x41,
 0x74, 0x69, 0x6c, 0x64, 0x65, 0x02, 0xc4, 0x08,
 0x41, 0x75, 0x6d, 0x6c, 0x03, 0x16, 0x22, 0x12,
 0x42, 0x61, 0x63, 0x6b, 0x73, 0x6c, 0x61, 0x73,
 0x68, 0x03, 0xe7, 0x2a, 0x08, 0x42, 0x61, 0x72,
 0x76, 0x03, 0x06, 0x23, 0x0c, 0x42, 0x61, 0x72,
 0x77, 0x65, 0x64, 0x03, 0x11, 0x04, 0x06, 0x42,
 0x63, 0x79, 0x03, 0x35, 0x22, 0x0e, 0x42, 0x65,
 0x63, 0x61, 0x75, 0x73, 0x65, 0x03, 0x2c, 0x21,
 0x14, 0x42, 0x65, 0x72, 0x6e, 0x6f, 0x75, 0x6c,
 0x6c, 0x69, 0x73, 0x03, 0x92, 0x03, 0x08, 0x42,
 0x65, 0x74, 0x61, 0x05, 0x35, 0xd8, 0x05, 0xdd,
 0x06, 0x42, 0x66, 0x72, 0x05, 0x35, 0xd8, 0x39,
 0xdd, 0x08, 0x42, 0x6f, 0x70, 0x66, 0x03, 0xd8,
 0x02, 0x0a, 0x42, 0x72, 0x65, 0x76, 0x65, 0x08,
 0x42, 0x73, 0x63, 0x72, 0x03, 0x4e, 0x22, 0x0c,
 0x42, 0x75, 0x6d, 0x70, 0x65, 0x71, 0x03, 0x27,
 0x04, 0x08, 0x43, 0x48, 0x63, 0x79, 0x02, 0xa9,
 0x08, 0x43, 0x4f, 0x50, 0x59, 0x03, 0x06, 0x01,
 0x0c, 0x43, 0x61, 0x63, 0x75, 0x74, 0x65, 0x03,
 0xd2, 0x22, 0x06, 0x43, 0x61, 0x70, 0x03, 0x45,
 0x21, 0x28, 0x43, 0x61, 0x70, 0x69, 0x74, 0x61,
 0x6c, 0x44, 0x69, 0x66, 0x66, 0x65, 0x72, 0x65,
 0x6e, 0x74, 0x69, 0x61, 0x6c, 0x44, 0x03, 0x2d,
 0x21, 0x0e, 0x43, 0x61, 0x79, 0x6c, 0x65, 0x79,
 0x73, 0x03, 0x0c, 0x01, 0x0c, 0x43, 0x63, 0x61,
 0x72, 0x6f, 0x6e, 0x02, 0xc7, 0x0c, 0x43, 0x63,
 0x65, 0x64, 0x69, 0x6c, 0x03, 0x08, 0x01, 0x0a,
 0x43, 0x63, 0x69, 0x72, 0x63, 0x03, 0x30, 0x22,
 0x0e, 0x43, 0x63, 0x6f, 0x6e, 0x69, 0x6e, 0x74,
 0x03, 0x0a, 0x01, 0x08, 0x43, 0x64, 0x6f, 0x74,
 0x02, 0xb8, 0x0e, 0x43, 0x65, 0x64, 0x69, 0x6c,
 0x6c, 0x61, 0x02, 0xb7, 0x12, 0x43, 0x65, 0x6e,
 0x74, 0x65, 0x72, 0x44, 0x6f, 0x74, 0x06, 0x43,
 0x66, 0x72, 0x03, 0xa7, 0x03, 0x06, 0x43, 0x68,
 0x69, 0x03, 0x99, 0x22, 0x12, 0x43, 0x69, 0x72,
 0x63, 0x6c, 0x65, 0x44, 0x6f, 0x74, 0x03, 0x96,
 0x22, 0x16, 0x43, 0x69, 0x72, 0x63, 0x6c, 0x65,
 0x4d, 0x69, 0x6e, 0x75, 0x73, 0x03, 0x95, 0x22,
 0x14, 0x43, 0x69, 0x72, 0x63, 0x6c, 0x65, 0x50,
 0x6c, 0x75, 0x73, 0x03, 0x97, 0x22, 0x16, 0x43,
 0x69, 0x72, 0x63, 0x6c, 0x65, 0x54, 0x69, 0x6d,
 0x65, 0x73, 0x03, 0x32, 0x22, 0x30, 0x43, 0x6c,
 0x6f, 0x63, 0x6b, 0x77, 0x69, 0x73, 0x65, 0x43,
 0x6f, 0x6e, 0x74, 0x6f, 0x75, 0x72, 0x49, 0x6e,
 0x74, 0x65, 0x67, 0x72, 0x61, 0x6c, 0x03, 0x1d,
 0x20, 0x2a, 0x43, 0x6c, 0x6f, 0x73, 0x65, 0x43,
 0x75, 0x72, 0x6c, 0x79, 0x44, 0x6f, 0x75, 0x62,
 0x6c, 0x65, 0x51, 0x75, 0x6f, 0x74, 0x65, 0x03,
 0x19, 0x20, 0x1e, 0x43, 0x6c, 0x6f, 0x73, 0x65,
 0x43, 0x75, 0x72, 0x6c, 0x79, 0x51, 0x75, 0x6f,
 0x74, 0x65, 0x03, 0x37, 0x22, 0x0a, 0x43, 0x6f,
 0x6c, 0x6f, 0x6e, 0x03, 0x74, 0x2a, 0x0c, 0x43,
 0x6f, 0x6c, 0x6f, 0x6e, 0x65, 0x03, 0x61, 0x22,
 0x12, 0x43, 0x6f, 0x6e, 0x67, 0x72, 0x75, 0x65,
 0x6e, 0x74, 0x03, 0x2f, 0x22, 0x0c, 0x43, 0x6f,
 0x6e, 0x69, 0x6e, 0x74, 0x03, 0x2e, 0x22, 0x1e,
 0x43, 0x6f, 0x6e, 0x74, 0x6f, 0x75, 0x72, 0x49,
 0x6e, 0x74, 0x65, 0x67, 0x72, 0x61, 0x6c, 0x03,
 0x02, 0x21, 0x08, 0x43, 0x6f, 0x70, 0x66, 0x03,
 0x10, 0x22, 0x12, 0x43, 0x6f, 0x70, 0x72, 0x6f,
 0x64, 0x75, 0x63, 0x74, 0x03, 0x33, 0x22, 0x3e,
 0x43, 0x6f, 0x75, 0x6e, 0x74, 0x65, 0x72, 0x43,
 0x6c, 0x6f, 0x63, 0x6b, 0x77, 0x69, 0x73, 0x65,
 0x43, 0x6f, 0x6e, 0x74, 0x6f, 0x75, 0x72, 0x49,
 0x6e, 0x74, 0x65, 0x67, 0x72, 0x61, 0x6c, 0x03,
 0x2f, 0x2a, 0x0a, 0x43, 0x72, 0x6f, 0x73, 0x73,
 0x05, 0x35, 0xd8, 0x9e, 0xdc, 0x08, 0x43, 0x73,
 0x63, 0x72, 0x03, 0xd3, 0x22, 0x06, 0x43, 0x75,
 0x70, 0x03, 0x4d, 0x22, 0x0c, 0x43, 0x75, 0x70,
 0x43, 0x61, 0x70, 0x04, 0x44, 0x44, 0x03, 0x11,
 0x29, 0x10, 0x44, 0x44, 0x6f, 0x74, 0x72, 0x61,
 0x68, 0x64, 0x03, 0x02, 0x04, 0x08, 0x44, 0x4a,
 0x63, 0x79, 0x03, 0x05, 0x04, 0x08, 0x44, 0x53,
 0x63, 0x79, 0x03, 0x0f, 0x04, 0x08, 0x44, 0x5a,
 0x63, 0x79, 0x03, 0x21, 0x20, 0x0c, 0x44, 0x61,
 0x67, 0x67, 0x65, 0x72, 0x03, 0xa1, 0x21, 0x08,
 0x44, 0x61, 0x72, 0x72, 0x03, 0xe4, 0x2a, 0x0a,
 0x44, 0x61, 0x73, 0x68, 0x76, 0x03, 0x0e, 0x01,
 0x0c, 0x44, 0x63, 0x61, 0x72, 0x6f, 0x6e, 0x03,
 0x14, 0x04, 0x06, 0x44, 0x63, 0x79, 0x03, 0x07,
 0x22, 0x06, 0x44, 0x65, 0x6c, 0x03, 0x94, 0x03,
 0x0a, 0x44, 0x65, 0x6c, 0x74, 0x61, 0x05, 0x35,
 0xd8, 0x07, 0xdd, 0x06, 0x44, 0x66, 0x72, 0x02,
 0xb4, 0x20, 0x44, 0x69, 0x61, 0x63, 0x72, 0x69,
 0x74, 0x69, 0x63, 0x61, 0x6c, 0x41, 0x63, 0x75,
 0x74, 0x65, 0x03, 0xd9, 0x02, 0x1c, 0x44, 0x69,
 0x61, 0x63, 0x72, 0x69, 0x74, 0x69, 0x63, 0x61,
 0x6c, 0x44, 0x6f, 0x74, 0x03, 0xdd, 0x02, 0x2c,
 0x44, 0x69, 0x61, 0x63, 0x72, 0x69, 0x74, 0x69,
 0x63, 0x61, 0x6c, 0x44, 0x6f, 0x75, 0x62, 0x6c,
 0x65, 0x41, 0x63, 0x75, 0x74, 0x65, 0x02, 0x60,
 0x20, 0x44, 0x69, 0x61, 0x63, 0x72, 0x69, 0x74,
 0x69, 0x63, 0x61, 0x6c, 0x47, 0x72, 0x61, 0x76,
 0x65, 0x03, 0xdc, 0x02, 0x20, 0x44, 0x69, 0x61,
 0x63, 0x72, 0x69, 0x74, 0x69, 0x63, 0x61, 0x6c,
 0x54, 0x69, 0x6c, 0x64, 0x65, 0x03, 0xc4, 0x22,
 0x0e, 0x44, 0x69, 0x61, 0x6d, 0x6f, 0x6e, 0x64,
 0x03, 0x46, 0x21, 0x1a, 0x44, 0x69, 0x66, 0x66,
 0x65, 0x72, 0x65, 0x6e, 0x74, 0x69, 0x61, 0x6c,
 0x44, 0x05, 0x35, 0xd8, 0x3b, 0xdd, 0x08, 0x44,
 0x6f, 0x70, 0x66, 0x02, 0xa8, 0x06, 0x44, 0x6f,
 0x74, 0x03, 0xdc, 0x20, 0x0c, 0x44, 0x6f, 0x74,
 0x44, 0x6f, 0x74, 0x03, 0x50, 0x22, 0x10, 0x44,
 0x6f, 0x74, 0x45, 0x71, 0x75, 0x61, 0x6c, 0x2a,
 0x44, 0x6f, 0x75, 0x62, 0x6c, 0x65, 0x43, 0x6f,
 0x6e, 0x74, 0x6f, 0x75, 0x72, 0x49, 0x6e, 0x74,
 0x65, 0x67, 0x72, 0x61, 0x6c, 0x12, 0x44, 0x6f,
 0x75, 0x62, 0x6c, 0x65, 0x44, 0x6f, 0x74, 0x03,
 0xd3, 0x21, 0x1e, 0x44, 0x6f, 0x75, 0x62, 0x6c,
 0x65, 0x44, 0x6f, 0x77, 0x6e, 0x41, 0x72, 0x72,
 0x6f, 0x77, 0x03, 0xd0, 0x21, 0x1e, 0x44, 0x6f,
 0x75, 0x62, 0x6c, 0x65, 0x4c, 0x65, 0x66, 0x74,
 0x41, 0x72, 0x72, 0x6f, 0x77, 0x03, 0xd4, 0x21,
 0x28, 0x44, 0x6f, 0x75, 0x62, 0x6c, 0x65, 0x4c,
 0x65, 0x66, 0x74, 0x52, 0x69, 0x67, 0x68, 0x74,
 0x41, 0x72, 0x72, 0x6f, 0x77, 0x1a, 0x44, 0x6f,
 0x75, 0x62, 0x6c, 0x65, 0x4c, 0x65, 0x66, 0x74,
 0x54, 0x65, 0x65, 0x03, 0xf8, 0x27, 0x26, 0x44,
 0x6f, 0x75, 0x62, 0x6c, 0x65, 0x4c, 0x6f, 0x6e,
 0x67, 0x4c, 0x65, 0x66, 0x74, 0x41, 0x72, 0x72,
 0x6f, 0x77, 0x03, 0xfa, 0x27, 0x30, 0x44, 0x6f,
 0x75, 0x62, 0x6c, 0x65, 0x4c, 0x6f, 0x6e, 0x67,
 0x4c, 0x65, 0x66, 0x74, 0x52, 0x69, 0x67, 0x68,
 0x74, 0x41, 0x72, 0x72, 0x6f, 0x77, 0x03, 0xf9,
 0x27, 0x28, 0x44, 0x6f, 0x75, 0x62, 0x6c, 0x65,
 0x4c, 0x6f, 0x6e, 0x67, 0x52, 0x69, 0x67, 0x68,
 0x74, 0x41, 0x72, 0x72, 0x6f, 0x77, 0x03, 0xd2,
 0x21, 0x20, 0x44, 0x6f, 0x75, 0x62, 0x6c, 0x65,
 0x52, 0x69, 0x67, 0x68, 0x74, 0x41, 0x72, 0x72,
 0x6f, 0x77, 0x03, 0xa8, 0x22, 0x1c, 0x44, 0x6f,
 0x75, 0x62, 0x6c, 0x65, 0x52, 0x69, 0x67, 0x68,
 0x74, 0x54, 0x65, 0x65, 0x03, 0xd1, 0x21, 0x1a,
 0x44, 0x6f, 0x75, 0x62, 0x6c, 0x65, 0x55, 0x70,
 0x41, 0x72, 0x72, 0x6f, 0x77, 0x03, 0xd5, 0x21,
 0x22, 0x44, 0x6f, 0x75, 0x62, 0x6c, 0x65, 0x55,
 0x70, 0x44, 0x6f, 0x77, 0x6e, 0x41, 0x72, 0x72,
 0x6f, 0x77, 0x03, 0x25, 0x22, 0x22, 0x44, 0x6f,
 0x75, 0x62, 0x6c, 0x65, 0x56, 0x65, 0x72, 0x74,
 0x69, 0x63, 0x61, 0x6c, 0x42, 0x61, 0x72, 0x03,
 0x93, 0x21, 0x12, 0x44, 0x6f, 0x77, 0x6e, 0x41,
 0x72, 0x72, 0x6f, 0x77, 0x03, 0x13, 0x29, 0x18,
 0x44, 0x6f, 0x77, 0x6e, 0x41, 0x72, 0x72, 0x6f,
 0x77, 0x42, 0x61, 0x72, 0x03, 0xf5, 0x21, 0x20,
 0x44, 0x6f, 0x77, 0x6e, 0x41, 0x72, 0x72, 0x6f,
 0x77, 0x55, 0x70, 0x41, 0x72, 0x72, 0x6f, 0x77,
 0x03, 0x11, 0x03, 0x12, 0x44, 0x6f, 0x77, 0x6e,
 0x42, 0x72, 0x65, 0x76, 0x65, 0x03, 0x50, 0x29,
 0x26, 0x44, 0x6f, 0x77, 0x6e, 0x4c, 0x65, 0x66,
 0x74, 0x52, 0x69, 0x67, 0x68, 0x74, 0x56, 0x65,
 0x63, 0x74, 0x6f, 0x72, 0x03, 0x5e, 0x29, 0x22,
 0x44, 0x6f, 0x77, 0x6e, 0x4c, 0x65, 0x66, 0x74,
 0x54, 0x65, 0x65, 0x56, 0x65, 0x63, 0x74, 0x6f,
 0x72, 0x03, 0xbd, 0x21, 0x1c, 0x44, 0x6f, 0x77,
 0x6e, 0x4c, 0x65, 0x66, 0x74, 0x56, 0x65, 0x63,
 0x74, 0x6f, 0x72, 0x03, 0x56, 0x29, 0x22, 0x44,
 0x6f, 0x77, 0x6e, 0x4c, 0x65, 0x66, 0x74, 0x56,
 0x65, 0x63, 0x74, 0x6f, 0x72, 0x42, 0x61, 0x72,
 0x03, 0x5f, 0x29, 0x24, 0x44, 0x6f, 0x77, 0x6e,
 0x52, 0x69, 0x67, 0x68, 0x74, 0x54, 0x65, 0x65,
 0x56, 0x65, 0x63, 0x74, 0x6f, 0x72, 0x03, 0xc1,
 0x21, 0x1e, 0x44, 0x6f, 0x77, 0x6e, 0x52, 0x69,
 0x67, 0x68, 0x74, 0x56, 0x65, 0x63, 0x74, 0x6f,
 0x72, 0x03, 0x57, 0x29, 0x24, 0x44, 0x6f, 0x77,
 0x6e, 0x52, 0x69, 0x67, 0x68, 0x74, 0x56, 0x65,
 0x63, 0x74, 0x6f, 0x72, 0x42, 0x61, 0x72, 0x03,
 0xa4, 0x22, 0x0e, 0x44, 0x6f, 0x77, 0x6e, 0x54,
 0x65, 0x65, 0x03, 0xa7, 0x21, 0x18, 0x44, 0x6f,
 0x77, 0x6e, 0x54, 0x65, 0x65, 0x41, 0x72, 0x72,
 0x6f, 0x77, 0x12, 0x44, 0x6f, 0x77, 0x6e, 0x61,
 0x72, 0x72, 0x6f, 0x77, 0x05, 0x35, 0xd8, 0x9f,
 0xdc, 0x08, 0x44, 0x73, 0x63, 0x72, 0x03, 0x10,
 0x01, 0x0c, 0x44, 0x73, 0x74, 0x72, 0x6f, 0x6b,
 0x03, 0x4a, 0x01, 0x06, 0x45, 0x4e, 0x47, 0x02,
 0xd0, 0x06, 0x45, 0x54, 0x48, 0x02, 0xc9, 0x0c,
 0x45, 0x61, 0x63, 0x75, 0x74, 0x65, 0x03, 0x1a,
 0x01, 0x0c, 0x45, 0x63, 0x61, 0x72, 0x6f, 0x6e,
 0x02, 0xca, 0x0a, 0x45, 0x63, 0x69, 0x72, 0x63,
 0x03, 0x2d, 0x04, 0x06, 0x45, 0x63, 0x79, 0x03,
 0x16, 0x01, 0x08, 0x45, 0x64, 0x6f, 0x74, 0x05,
 0x35, 0xd8, 0x08, 0xdd, 0x06, 0x45, 0x66, 0x72,
 0x02, 0xc8, 0x0c, 0x45, 0x67, 0x72, 0x61, 0x76,
 0x65, 0x03, 0x08, 0x22, 0x0e, 0x45, 0x6c, 0x65,
 0x6d, 0x65, 0x6e, 0x74, 0x03, 0x12, 0x01, 0x0a,
 0x45, 0x6d, 0x61, 0x63, 0x72, 0x03, 0xfb, 0x25,
 0x20, 0x45, 0x6d, 0x70, 0x74, 0x79, 0x53, 0x6d,
 0x61, 0x6c, 0x6c, 0x53, 0x71, 0x75, 0x61, 0x72,
 0x65, 0x03, 0xab, 0x25, 0x28, 0x45, 0x6d, 0x70,
 0x74, 0x79, 0x56, 0x65, 0x72, 0x79, 0x53, 0x6d,
 0x61, 0x6c, 0x6c, 0x53, 0x71, 0x75, 0x61, 0x72,
 0x65, 0x03, 0x18, 0x01, 0x0a, 0x45, 0x6f, 0x67,
 0x6f, 0x6e, 0x05, 0x35, 0xd8, 0x3c, 0xdd, 0x08,
 0x45, 0x6f, 0x70, 0x66, 0x03, 0x95, 0x03, 0x0e,
 0x45, 0x70, 0x73, 0x69, 0x6c, 0x6f, 0x6e, 0x03,
 0x75, 0x2a, 0x0a, 0x45, 0x71, 0x75, 0x61, 0x6c,
 0x03, 0x42, 0x22, 0x14, 0x45, 0x71, 0x75, 0x61,
 0x6c, 0x54, 0x69, 0x6c, 0x64, 0x65, 0x03, 0xcc,
 0x21, 0x16, 0x45, 0x71, 0x75, 0x69, 0x6c, 0x69,
 0x62, 0x72, 0x69, 0x75, 0x6d, 0x03, 0x30, 0x21,
 0x08, 0x45, 0x73, 0x63, 0x72, 0x03, 0x73, 0x2a,
 0x08, 0x45, 0x73, 0x69, 0x6d, 0x03, 0x97, 0x03,
 0x06, 0x45, 0x74, 0x61, 0x02, 0xcb, 0x08, 0x45,
 0x75, 0x6d, 0x6c, 0x03, 0x03, 0x22, 0x0c, 0x45,
 0x78, 0x69, 0x73, 0x74, 0x73, 0x03, 0x47, 0x21,
 0x18, 0x45, 0x78, 0x70, 0x6f, 0x6e, 0x65, 0x6e,
 0x74, 0x69, 0x61, 0x6c, 0x45, 0x03, 0x24, 0x04,
 0x06, 0x46, 0x63, 0x79, 0x05, 0x35, 0xd8, 0x09,
 0xdd, 0x06, 0x46, 0x66, 0x72, 0x03, 0xfc, 0x25,
 0x22, 0x46, 0x69, 0x6c, 0x6c, 0x65, 0x64, 0x53,
 0x6d, 0x61, 0x6c, 0x6c, 0x53, 0x71, 0x75, 0x61,
 0x72, 0x65, 0x03, 0xaa, 0x25, 0x2a, 0x46, 0x69,
 0x6c, 0x6c, 0x65, 0x64, 0x56, 0x65, 0x72, 0x79,
 0x53, 0x6d, 0x61, 0x6c, 0x6c, 0x53, 0x71, 0x75,
 0x61, 0x72, 0x65, 0x05, 0x35, 0xd8, 0x3d, 0xdd,
 0x08, 0x46, 0x6f, 0x70, 0x66, 0x03, 0x00, 0x22,
 0x0c, 0x46, 0x6f, 0x72, 0x41, 0x6c, 0x6c, 0x03,
 0x31, 0x21, 0x14, 0x46, 0x6f, 0x75, 0x72, 0x69,
 0x65, 0x72, 0x74, 0x72, 0x66, 0x08, 0x46, 0x73,
 0x63, 0x72, 0x03, 0x03, 0x04, 0x08, 0x47, 0x4a,
 0x63, 0x79, 0x04, 0x47, 0x54, 0x03, 0x93, 0x03,
 0x0a, 0x47, 0x61, 0x6d, 0x6d, 0x61, 0x03, 0xdc,
 0x03, 0x0c, 0x47, 0x61, 0x6d, 0x6d, 0x61, 0x64,
 0x03, 0x1e, 0x01, 0x0c, 0x47, 0x62, 0x72, 0x65,
 0x76, 0x65, 0x03, 0x22, 0x01, 0x0c, 0x47, 0x63,
 0x65, 0x64, 0x69, 0x6c, 0x03, 0x1c, 0x01, 0x0a,
 0x47, 0x63, 0x69, 0x72, 0x63, 0x03, 0x13, 0x04,
 0x06, 0x47, 0x63, 0x79, 0x03, 0x20, 0x01, 0x08,
 0x47, 0x64, 0x6f, 0x74, 0x05, 0x35, 0xd8, 0x0a,
 0xdd, 0x06, 0x47, 0x66, 0x72, 0x03, 0xd9, 0x22,
 0x04, 0x47, 0x67, 0x05, 0x35, 0xd8, 0x3e, 0xdd,
 0x08, 0x47, 0x6f, 0x70, 0x66, 0x03, 0x65, 0x22,
 0x18, 0x47, 0x72, 0x65, 0x61, 0x74, 0x65, 0x72,
 0x45, 0x71, 0x75, 0x61, 0x6c, 0x03, 0xdb, 0x22,
 0x20, 0x47, 0x72, 0x65, 0x61, 0x74, 0x65, 0x72,
 0x45, 0x71, 0x75, 0x61, 0x6c, 0x4c, 0x65, 0x73,
 0x73, 0x03, 0x67, 0x22, 0x20, 0x47, 0x72, 0x65,
 0x61, 0x74, 0x65, 0x72, 0x46, 0x75, 0x6c, 0x6c,
 0x45, 0x71, 0x75, 0x61, 0x6c, 0x03, 0xa2, 0x2a,
 0x1c, 0x47, 0x72, 0x65, 0x61, 0x74, 0x65, 0x72,
 0x47, 0x72, 0x65, 0x61, 0x74, 0x65, 0x72, 0x03,
 0x77, 0x22, 0x16, 0x47, 0x72, 0x65, 0x61, 0x74,
 0x65, 0x72, 0x4c, 0x65, 0x73, 0x73, 0x03, 0x7e,
 0x2a, 0x22, 0x47, 0x72, 0x65, 0x61, 0x74, 0x65,
 0x72, 0x53, 0x6c, 0x61, 0x6e, 0x74, 0x45, 0x71,
 0x75, 0x61, 0x6c, 0x03, 0x73, 0x22, 0x18, 0x47,
 0x72, 0x65, 0x61, 0x74, 0x65, 0x72, 0x54, 0x69,
 0x6c, 0x64, 0x65, 0x05, 0x35, 0xd8, 0xa2, 0xdc,
 0x08, 0x47, 0x73, 0x63, 0x72, 0x03, 0x6b, 0x22,
 0x04, 0x47, 0x74, 0x03, 0x2a, 0x04, 0x0c, 0x48,
 0x41, 0x52, 0x44, 0x63, 0x79, 0x03, 0xc7, 0x02,
 0x0a, 0x48, 0x61, 0x63, 0x65, 0x6b, 0x06, 0x48,
 0x61, 0x74, 0x03, 0x24, 0x01, 0x0a, 0x48, 0x63,
 0x69, 0x72, 0x63, 0x03, 0x0c, 0x21, 0x06, 0x48,
 0x66, 0x72, 0x03, 0x0b, 0x21, 0x18, 0x48, 0x69,
 0x6c, 0x62, 0x65, 0x72, 0x74, 0x53, 0x70, 0x61,
 0x63, 0x65, 0x03, 0x0d, 0x21, 0x08, 0x48, 0x6f,
 0x70, 0x66, 0x03, 0x00, 0x25, 0x1c, 0x48, 0x6f,
 0x72, 0x69, 0x7a, 0x6f, 0x6e, 0x74, 0x61, 0x6c,
 0x4c, 0x69, 0x6e, 0x65, 0x08, 0x48, 0x73, 0x63,
 0x72, 0x03, 0x26, 0x01, 0x0c, 0x48, 0x73, 0x74,
 0x72, 0x6f, 0x6b, 0x18, 0x48, 0x75, 0x6d, 0x70,
 0x44, 0x6f, 0x77, 0x6e, 0x48, 0x75, 0x6d, 0x70,
 0x03, 0x4f, 0x22, 0x12, 0x48, 0x75, 0x6d, 0x70,
 0x45, 0x71, 0x75, 0x61, 0x6c, 0x03, 0x15, 0x04,
 0x08, 0x49, 0x45, 0x63, 0x79, 0x03, 0x32, 0x01,
 0x0a, 0x49, 0x4a, 0x6c, 0x69, 0x67, 0x03, 0x01,
 0x04, 0x08, 0x49, 0x4f, 0x63, 0x79, 0x02, 0xcd,
 0x0c, 0x49, 0x61, 0x63, 0x75, 0x74, 0x65, 0x02,
 0xce, 0x0a, 0x49, 0x63, 0x69, 0x72, 0x63, 0x03,
 0x18, 0x04, 0x06, 0x49, 0x63, 0x79, 0x03, 0x30,
 0x01, 0x08, 0x49, 0x64, 0x6f, 0x74, 0x03, 0x11,
 0x21, 0x06, 0x49, 0x66, 0x72, 0x02, 0xcc, 0x0c,
 0x49, 0x67, 0x72, 0x61, 0x76, 0x65, 0x04, 0x49,
 0x6d, 0x03, 0x2a, 0x01, 0x0a, 0x49, 0x6d, 0x61,
 0x63, 0x72, 0x03, 0x48, 0x21, 0x14, 0x49, 0x6d,
 0x61, 0x67, 0x69, 0x6e, 0x61, 0x72, 0x79, 0x49,
 0x0e, 0x49, 0x6d, 0x70, 0x6c, 0x69, 0x65, 0x73,
 0x03, 0x2c, 0x22, 0x06, 0x49, 0x6e, 0x74, 0x03,
 0x2b, 0x22, 0x10, 0x49, 0x6e, 0x74, 0x65, 0x67,
 0x72, 0x61, 0x6c, 0x03, 0xc2, 0x22, 0x18, 0x49,
 0x6e, 0x74, 0x65, 0x72, 0x73, 0x65, 0x63, 0x74,
 0x69, 0x6f, 0x6e, 0x03, 0x63, 0x20, 0x1c, 0x49,
 0x6e, 0x76, 0x69, 0x73, 0x69, 0x62, 0x6c, 0x65,
 0x43, 0x6f, 0x6d, 0x6d, 0x61, 0x03, 0x62, 0x20,
 0x1c, 0x49, 0x6e, 0x76, 0x69, 0x73, 0x69, 0x62,
 0x6c, 0x65, 0x54, 0x69, 0x6d, 0x65, 0x73, 0x03,
 0x2e, 0x01, 0x0a, 0x49, 0x6f, 0x67, 0x6f, 0x6e,
 0x05, 0x35, 0xd8, 0x40, 0xdd, 0x08, 0x49, 0x6f,
 0x70, 0x66, 0x03, 0x99, 0x03, 0x08, 0x49, 0x6f,
 0x74, 0x61, 0x03, 0x10, 0x21, 0x08, 0x49, 0x73,
 0x63, 0x72, 0x03, 0x28, 0x01, 0x0c, 0x49, 0x74,
 0x69, 0x6c, 0x64, 0x65, 0x03, 0x06, 0x04, 0x0a,
 0x49, 0x75, 0x6b, 0x63, 0x79, 0x02, 0xcf, 0x08,
 0x49, 0x75, 0x6d, 0x6c, 0x03, 0x34, 0x01, 0x0a,
 0x4a, 0x63, 0x69, 0x72, 0x63, 0x03, 0x19, 0x04,
 0x06, 0x4a, 0x63, 0x79, 0x05, 0x35, 0xd8, 0x0d,
 0xdd, 0x06, 0x4a, 0x66, 0x72, 0x05, 0x35, 0xd8,
 0x41, 0xdd, 0x08, 0x4a, 0x6f, 0x70, 0x66, 0x05,
 0x35, 0xd8, 0xa5, 0xdc, 0x08, 0x4a, 0x73, 0x63,
 0x72, 0x03, 0x08, 0x04, 0x0c, 0x4a, 0x73, 0x65,
 0x72, 0x63, 0x79, 0x03, 0x04, 0x04, 0x0a, 0x4a,
 0x75, 0x6b, 0x63, 0x79, 0x03, 0x25, 0x04, 0x08,
 0x4b, 0x48, 0x63, 0x79, 0x03, 0x0c, 0x04, 0x08,
 0x4b, 0x4a, 0x63, 0x79, 0x03, 0x9a, 0x03, 0x0a,
 0x4b, 0x61, 0x70, 0x70, 0x61, 0x03, 0x36, 0x01,
 0x0c, 0x4b, 0x63, 0x65, 0x64, 0x69, 0x6c, 0x03,
 0x1a, 0x04, 0x06, 0x4b, 0x63, 0x79, 0x05, 0x35,
 0xd8, 0x0e, 0xdd, 0x06, 0x4b, 0x66, 0x72, 0x05,
 0x35, 0xd8, 0x42, 0xdd, 0x08, 0x4b, 0x6f, 0x70,
 0x66, 0x05, 0x35, 0xd8, 0xa6, 0xdc, 0x08, 0x4b,
 0x73, 0x63, 0x72, 0x03, 0x09, 0x04, 0x08, 0x4c,
 0x4a, 0x63, 0x79, 0x04, 0x4c, 0x54, 0x03, 0x39,
 0x01, 0x0c, 0x4c, 0x61, 0x63, 0x75, 0x74, 0x65,
 0x03, 0x9b, 0x03, 0x0c, 0x4c, 0x61, 0x6d, 0x62,
 0x64, 0x61, 0x03, 0xea, 0x27, 0x08, 0x4c, 0x61,
 0x6e, 0x67, 0x03, 0x12, 0x21, 0x14, 0x4c, 0x61,
 0x70, 0x6c, 0x61, 0x63, 0x65, 0x74, 0x72, 0x66,
 0x03, 0x9e, 0x21, 0x08, 0x4c, 0x61, 0x72, 0x72,
 0x03, 0x3d, 0x01, 0x0c, 0x4c, 0x63, 0x61, 0x72,
 0x6f, 0x6e, 0x03, 0x3b, 0x01, 0x0c, 0x4c, 0x63,
 0x65, 0x64, 0x69, 0x6c, 0x03, 0x1b, 0x04, 0x06,
 0x4c, 0x63, 0x79, 0x03, 0xe8, 0x27, 0x20, 0x4c,
 0x65, 0x66, 0x74, 0x41, 0x6e, 0x67, 0x6c, 0x65,
 0x42, 0x72, 0x61, 0x63, 0x6b, 0x65, 0x74, 0x03,
 0x90, 0x21, 0x12, 0x4c, 0x65, 0x66, 0x74, 0x41,
 0x72, 0x72, 0x6f, 0x77, 0x03, 0xe4, 0x21, 0x18,
 0x4c, 0x65, 0x66, 0x74, 0x41, 0x72, 0x72, 0x6f,
 0x77, 0x42, 0x61, 0x72, 0x03, 0xc6, 0x21, 0x26,
 0x4c, 0x65, 0x66, 0x74, 0x41, 0x72, 0x72, 0x6f,
 0x77, 0x52, 0x69, 0x67, 0x68, 0x74, 0x41, 0x72,
 0x72, 0x6f, 0x77, 0x03, 0x08, 0x23, 0x16, 0x4c,
 0x65, 0x66, 0x74, 0x43, 0x65, 0x69, 0x6c, 0x69,
 0x6e, 0x67, 0x03, 0xe6, 0x27, 0x22, 0x4c, 0x65,
 0x66, 0x74, 0x44, 0x6f, 0x75, 0x62, 0x6c, 0x65,
 0x42, 0x72, 0x61, 0x63, 0x6b, 0x65, 0x74, 0x03,
 0x61, 0x29, 0x22, 0x4c, 0x65, 0x66, 0x74, 0x44,
 0x6f, 0x77, 0x6e, 0x54, 0x65, 0x65, 0x56, 0x65,
 0x63, 0x74, 0x6f, 0x72, 0x03, 0xc3, 0x21, 0x1c,
 0x4c, 0x65, 0x66, 0x74, 0x44, 0x6f, 0x77, 0x6e,
 0x56, 0x65, 0x63, 0x74, 0x6f, 0x72, 0x03, 0x59,
 0x29, 0x22, 0x4c, 0x65, 0x66, 0x74, 0x44, 0x6f,
 0x77, 0x6e, 0x56, 0x65, 0x63, 0x74, 0x6f, 0x72,
 0x42, 0x61, 0x72, 0x03, 0x0a, 0x23, 0x12, 0x4c,
 0x65, 0x66, 0x74, 0x46, 0x6c, 0x6f, 0x6f, 0x72,
 0x03, 0x94, 0x21, 0x1c, 0x4c, 0x65, 0x66, 0x74,
 0x52, 0x69, 0x67, 0x68, 0x74, 0x41, 0x72, 0x72,
 0x6f, 0x77, 0x03, 0x4e, 0x29, 0x1e, 0x4c, 0x65,
 0x66, 0x74, 0x52, 0x69, 0x67, 0x68, 0x74, 0x56,
 0x65, 0x63, 0x74, 0x6f, 0x72, 0x03, 0xa3, 0x22,
 0x0e, 0x4c, 0x65, 0x66, 0x74, 0x54, 0x65, 0x65,
 0x03, 0xa4, 0x21, 0x18, 0x4c, 0x65, 0x66, 0x74,
 0x54, 0x65, 0x65, 0x41, 0x72, 0x72, 0x6f, 0x77,
 0x03, 0x5a, 0x29, 0x1a, 0x4c, 0x65, 0x66, 0x74,
 0x54, 0x65, 0x65, 0x56, 0x65, 0x63, 0x74, 0x6f,
 0x72, 0x03, 0xb2, 0x22, 0x18, 0x4c, 0x65, 0x66,
 0x74, 0x54, 0x72, 0x69, 0x61, 0x6e, 0x67, 0x6c,
 0x65, 0x03, 0xcf, 0x29, 0x1e, 0x4c, 0x65, 0x66,
 0x74, 0x54, 0x72, 0x69, 0x61, 0x6e, 0x67, 0x6c,
 0x65, 0x42, 0x61, 0x72, 0x03, 0xb4, 0x22, 0x22,
 0x4c, 0x65, 0x66, 0x74, 0x54, 0x72, 0x69, 0x61,
 0x6e, 0x67, 0x6c, 0x65, 0x45, 0x71, 0x75, 0x61,
 0x6c, 0x03, 0x51, 0x29, 0x20, 0x4c, 0x65, 0x66,
 0x74, 0x55, 0x70, 0x44, 0x6f, 0x77, 0x6e, 0x56,
 0x65, 0x63, 0x74, 0x6f, 0x72, 0x03, 0x60, 0x29,
 0x1e, 0x4c, 0x65, 0x66, 0x74, 0x55, 0x70, 0x54,
 0x65, 0x65, 0x56, 0x65, 0x63, 0x74, 0x6f, 0x72,
 0x03, 0xbf, 0x21, 0x18, 0x4c, 0x65, 0x66, 0x74,
 0x55, 0x70, 0x56, 0x65, 0x63, 0x74, 0x6f, 0x72,
 0x03, 0x58, 0x29, 0x1e, 0x4c, 0x65, 0x66, 0x74,
 0x55, 0x70, 0x56, 0x65, 0x63, 0x74, 0x6f, 0x72,
 0x42, 0x61, 0x72, 0x03, 0xbc, 0x21, 0x14, 0x4c,
 0x65, 0x66, 0x74, 0x56, 0x65, 0x63, 0x74, 0x6f,
 0x72, 0x03, 0x52, 0x29, 0x1a, 0x4c, 0x65, 0x66,
 0x74, 0x56, 0x65, 0x63, 0x74, 0x6f, 0x72, 0x42,
 0x61, 0x72, 0x12, 0x4c, 0x65, 0x66, 0x74, 0x61,
 0x72, 0x72, 0x6f, 0x77, 0x1c, 0x4c, 0x65, 0x66,
 0x74, 0x72, 0x69, 0x67, 0x68, 0x74, 0x61, 0x72,
 0x72, 0x6f, 0x77, 0x03, 0xda, 0x22, 0x20, 0x4c,
 0x65, 0x73, 0x73, 0x45, 0x71, 0x75, 0x61, 0x6c,
 0x47, 0x72, 0x65, 0x61, 0x74, 0x65, 0x72, 0x03,
 0x66, 0x22, 0x1a, 0x4c, 0x65, 0x73, 0x73, 0x46,
 0x75, 0x6c, 0x6c, 0x45, 0x71, 0x75, 0x61, 0x6c,
 0x03, 0x76, 0x22, 0x16, 0x4c, 0x65, 0x73, 0x73,
 0x47, 0x72, 0x65, 0x61, 0x74, 0x65, 0x72, 0x03,
 0xa1, 0x2a, 0x10, 0x4c, 0x65, 0x73, 0x73, 0x4c,
 0x65, 0x73, 0x73, 0x03, 0x7d, 0x2a, 0x1c, 0x4c,
 0x65, 0x73, 0x73, 0x53, 0x6c, 0x61, 0x6e, 0x74,
 0x45, 0x71, 0x75, 0x61, 0x6c, 0x03, 0x72, 0x22,
 0x12, 0x4c, 0x65, 0x73, 0x73, 0x54, 0x69, 0x6c,
 0x64, 0x65, 0x05, 0x35, 0xd8, 0x0f, 0xdd, 0x06,
 0x4c, 0x66, 0x72, 0x03, 0xd8, 0x22, 0x04, 0x4c,
 0x6c, 0x03, 0xda, 0x21, 0x14, 0x4c, 0x6c, 0x65,
 0x66, 0x74, 0x61, 0x72, 0x72, 0x6f, 0x77, 0x03,
 0x3f, 0x01, 0x0c, 0x4c, 0x6d, 0x69, 0x64, 0x6f,
 0x74, 0x03, 0xf5, 0x27, 0x1a, 0x4c, 0x6f, 0x6e,
 0x67, 0x4c, 0x65, 0x66, 0x74, 0x41, 0x72, 0x72,
 0x6f, 0x77, 0x03, 0xf7, 0x27, 0x24, 0x4c, 0x6f,
 0x6e, 0x67, 0x4c, 0x65, 0x66, 0x74, 0x52, 0x69,
 0x67, 0x68, 0x74, 0x41, 0x72, 0x72, 0x6f, 0x77,
 0x03, 0xf6, 0x27, 0x1c, 0x4c, 0x6f, 0x6e, 0x67,
 0x52, 0x69, 0x67, 0x68, 0x74, 0x41, 0x72, 0x72,
 0x6f, 0x77, 0x1a, 0x4c, 0x6f, 0x6e, 0x67, 0x6c,
 0x65, 0x66, 0x74, 0x61, 0x72, 0x72, 0x6f, 0x77,
 0x24, 0x4c, 0x6f, 0x6e, 0x67, 0x6c, 0x65, 0x66,
 0x74, 0x72, 0x69, 0x67, 0x68, 0x74, 0x61, 0x72,
 0x72, 0x6f, 0x77, 0x1c, 0x4c, 0x6f, 0x6e, 0x67,
 0x72, 0x69, 0x67, 0x68, 0x74, 0x61, 0x72, 0x72,
 0x6f, 0x77, 0x05, 0x35, 0xd8, 0x43, 0xdd, 0x08,
 0x4c, 0x6f, 0x70, 0x66, 0x03, 0x99, 0x21, 0x1c,
 0x4c, 0x6f, 0x77, 0x65, 0x72, 0x4c, 0x65, 0x66,
 0x74, 0x41, 0x72, 0x72, 0x6f, 0x77, 0x03, 0x98,
 0x21, 0x1e, 0x4c, 0x6f, 0x77, 0x65, 0x72, 0x52,
 0x69, 0x67, 0x68, 0x74, 0x41, 0x72, 0x72, 0x6f,
 0x77, 0x08, 0x4c, 0x73, 0x63, 0x72, 0x03, 0xb0,
 0x21, 0x06, 0x4c, 0x73, 0x68, 0x03, 0x41, 0x01,
 0x0c, 0x4c, 0x73, 0x74, 0x72, 0x6f, 0x6b, 0x03,
 0x6a, 0x22, 0x04, 0x4c, 0x74, 0x03, 0x05, 0x29,
 0x03, 0x1c, 0x04, 0x06, 0x4d, 0x63, 0x79, 0x03,
 0x5f, 0x20, 0x16, 0x4d, 0x65, 0x64, 0x69, 0x75,
 0x6d, 0x53, 0x70, 0x61, 0x63, 0x65, 0x03, 0x33,
 0x21, 0x12, 0x4d, 0x65, 0x6c, 0x6c, 0x69, 0x6e,
 0x74, 0x72, 0x66, 0x05, 0x35, 0xd8, 0x10, 0xdd,
 0x06, 0x4d, 0x66, 0x72, 0x03, 0x13, 0x22, 0x12,
 0x4d, 0x69, 0x6e, 0x75, 0x73, 0x50, 0x6c, 0x75,
 0x73, 0x05, 0x35, 0xd8, 0x44, 0xdd, 0x08, 0x4d,
 0x6f, 0x70, 0x66, 0x08, 0x4d, 0x73, 0x63, 0x72,
 0x03, 0x9c, 0x03, 0x04, 0x4d, 0x75, 0x03, 0x0a,
 0x04, 0x08, 0x4e, 0x4a, 0x63, 0x79, 0x03, 0x43,
 0x01, 0x0c, 0x4e, 0x61, 0x63, 0x75, 0x74, 0x65,
 0x03, 0x47, 0x01, 0x0c, 0x4e, 0x63, 0x61, 0x72,
 0x6f, 0x6e, 0x03, 0x45, 0x01, 0x0c, 0x4e, 0x63,
 0x65, 0x64, 0x69, 0x6c, 0x03, 0x1d, 0x04, 0x06,
 0x4e, 0x63, 0x79, 0x03, 0x0b, 0x20, 0x26, 0x4e,
 0x65, 0x67, 0x61, 0x74, 0x69, 0x76, 0x65, 0x4d,
 0x65, 0x64, 0x69, 0x75, 0x6d, 0x53, 0x70, 0x61,
 0x63, 0x65, 0x24, 0x4e, 0x65, 0x67, 0x61, 0x74,
 0x69, 0x76, 0x65, 0x54, 0x68, 0x69, 0x63, 0x6b,
 0x53, 0x70, 0x61, 0x63, 0x65, 0x22, 0x4e, 0x65,
 0x67, 0x61, 0x74, 0x69, 0x76, 0x65, 0x54, 0x68,
 0x69, 0x6e, 0x53, 0x70, 0x61, 0x63, 0x65, 0x2a,
 0x4e, 0x65, 0x67, 0x61, 0x74, 0x69, 0x76, 0x65,
 0x56, 0x65, 0x72, 0x79, 0x54, 0x68, 0x69, 0x6e,
 0x53, 0x70, 0x61, 0x63, 0x65, 0x28, 0x4e, 0x65,
 0x73, 0x74, 0x65, 0x64, 0x47, 0x72, 0x65, 0x61,
 0x74, 0x65, 0x72, 0x47, 0x72, 0x65, 0x61, 0x74,
 0x65, 0x72, 0x1c, 0x4e, 0x65, 0x73, 0x74, 0x65,
 0x64, 0x4c, 0x65, 0x73, 0x73, 0x4c, 0x65, 0x73,
 0x73, 0x02, 0x0a, 0x0e, 0x4e, 0x65, 0x77, 0x4c,
 0x69, 0x6e, 0x65, 0x05, 0x35, 0xd8, 0x11, 0xdd,
 0x06, 0x4e, 0x66, 0x72, 0x03, 0x60, 0x20, 0x0e,
 0x4e, 0x6f, 0x42, 0x72, 0x65, 0x61, 0x6b, 0x02,
 0xa0, 0x20, 0x4e, 0x6f, 0x6e, 0x42, 0x72, 0x65,
 0x61, 0x6b, 0x69, 0x6e, 0x67, 0x53, 0x70, 0x61,
 0x63, 0x65, 0x03, 0x15, 0x21, 0x08, 0x4e, 0x6f,
 0x70, 0x66, 0x03, 0xec, 0x2a, 0x06, 0x4e, 0x6f,
 0x74, 0x03, 0x62, 0x22, 0x18, 0x4e, 0x6f, 0x74,
 0x43, 0x6f, 0x6e, 0x67, 0x72, 0x75, 0x65, 0x6e,
 0x74, 0x03, 0x6d, 0x22, 0x12, 0x4e, 0x6f, 0x74,
 0x43, 0x75, 0x70, 0x43, 0x61, 0x70, 0x03, 0x26,
 0x22, 0x28, 0x4e, 0x6f, 0x74, 0x44, 0x6f, 0x75,
 0x62, 0x6c, 0x65, 0x56, 0x65, 0x72, 0x74, 0x69,
 0x63, 0x61, 0x6c, 0x42, 0x61, 0x72, 0x03, 0x09,
 0x22, 0x14, 0x4e, 0x6f, 0x74, 0x45, 0x6c, 0x65,
 0x6d, 0x65, 0x6e, 0x74, 0x03, 0x60, 0x22, 0x10,
 0x4e, 0x6f, 0x74, 0x45, 0x71, 0x75, 0x61, 0x6c,
 0x05, 0x42, 0x22, 0x38, 0x03, 0x1a, 0x4e, 0x6f,
 0x74, 0x45, 0x71, 0x75, 0x61, 0x6c, 0x54, 0x69,
 0x6c, 0x64, 0x65, 0x03, 0x04, 0x22, 0x12, 0x4e,
 0x6f, 0x74, 0x45, 0x78, 0x69, 0x73, 0x74, 0x73,
 0x03, 0x6f, 0x22, 0x14, 0x4e, 0x6f, 0x74, 0x47,
 0x72, 0x65, 0x61, 0x74, 0x65, 0x72, 0x03, 0x71,
 0x22, 0x1e, 0x4e, 0x6f, 0x74, 0x47, 0x72, 0x65,
 0x61, 0x74, 0x65, 0x72, 0x45, 0x71, 0x75, 0x61,
 0x6c, 0x05, 0x67, 0x22, 0x38, 0x03, 0x26, 0x4e,
 0x6f, 0x74, 0x47, 0x72, 0x65, 0x61, 0x74, 0x65,
 0x72, 0x46, 0x75, 0x6c, 0x6c, 0x45, 0x71, 0x75,
 0x61, 0x6c, 0x05, 0x6b, 0x22, 0x38, 0x03, 0x22,
 0x4e, 0x6f, 0x74, 0x47, 0x72, 0x65, 0x61, 0x74,
 0x65, 0x72, 0x47, 0x72, 0x65, 0x61, 0x74, 0x65,
 0x72, 0x03, 0x79, 0x22, 0x1c, 0x4e, 0x6f, 0x74,
 0x47, 0x72, 0x65, 0x61, 0x74, 0x65, 0x72, 0x4c,
 0x65, 0x73, 0x73, 0x05, 0x7e, 0x2a, 0x38, 0x03,
 0x28, 0x4e, 0x6f, 0x74, 0x47, 0x72, 0x65, 0x61,
 0x74, 0x65, 0x72, 0x53, 0x6c, 0x61, 0x6e, 0x74,
 0x45, 0x71, 0x75, 0x61, 0x6c, 0x03, 0x75, 0x22,
 0x1e, 0x4e, 0x6f, 0x74, 0x47, 0x72, 0x65, 0x61,
 0x74, 0x65, 0x72, 0x54, 0x69, 0x6c, 0x64, 0x65,
 0x05, 0x4e, 0x22, 0x38, 0x03, 0x1e, 0x4e, 0x6f,
 0x74, 0x48, 0x75, 0x6d, 0x70, 0x44, 0x6f, 0x77,
 0x6e, 0x48, 0x75, 0x6d, 0x70, 0x05, 0x4f, 0x22,
 0x38, 0x03, 0x18, 0x4e, 0x6f, 0x74, 0x48, 0x75,
 0x6d, 0x70, 0x45, 0x71, 0x75, 0x61, 0x6c, 0x03,
 0xea, 0x22, 0x1e, 0x4e, 0x6f, 0x74, 0x4c, 0x65,
 0x66, 0x74, 0x54, 0x72, 0x69, 0x61, 0x6e, 0x67,
 0x6c, 0x65, 0x05, 0xcf, 0x29, 0x38, 0x03, 0x24,
 0x4e, 0x6f, 0x74, 0x4c, 0x65, 0x66, 0x74, 0x54,
 0x72, 0x69, 0x61, 0x6e, 0x67, 0x6c, 0x65, 0x42,
 0x61, 0x72, 0x03, 0xec, 0x22, 0x28, 0x4e, 0x6f,
 0x74, 0x4c, 0x65, 0x66, 0x74, 0x54, 0x72, 0x69,
 0x61, 0x6e, 0x67, 0x6c, 0x65, 0x45, 0x71, 0x75,
 0x61, 0x6c, 0x03, 0x6e, 0x22, 0x0e, 0x4e, 0x6f,
 0x74, 0x4c, 0x65, 0x73, 0x73, 0x03, 0x70, 0x22,
 0x18, 0x4e, 0x6f, 0x74, 0x4c, 0x65, 0x73, 0x73,
 0x45, 0x71, 0x75, 0x61, 0x6c, 0x03, 0x78, 0x22,
 0x1c, 0x4e, 0x6f, 0x74, 0x4c, 0x65, 0x73, 0x73,
 0x47, 0x72, 0x65, 0x61, 0x74, 0x65, 0x72, 0x05,
 0x6a, 0x22, 0x38, 0x03, 0x16, 0x4e, 0x6f, 0x74,
 0x4c, 0x65, 0x73, 0x73, 0x4c, 0x65, 0x73, 0x73,
 0x05, 0x7d, 0x2a, 0x38, 0x03, 0x22, 0x4e, 0x6f,
 0x74, 0x4c, 0x65, 0x73, 0x73, 0x53, 0x6c, 0x61,
 0x6e, 0x74, 0x45, 0x71, 0x75, 0x61, 0x6c, 0x03,
 0x74, 0x22, 0x18, 0x4e, 0x6f, 0x74, 0x4c, 0x65,
 0x73, 0x73, 0x54, 0x69, 0x6c, 0x64, 0x65, 0x05,
 0xa2, 0x2a, 0x38, 0x03, 0x2e, 0x4e, 0x6f, 0x74,
 0x4e, 0x65, 0x73, 0x74, 0x65, 0x64, 0x47, 0x72,
 0x65, 0x61, 0x74, 0x65, 0x72, 0x47, 0x72, 0x65,
 0x61, 0x74, 0x65, 0x72, 0x05, 0xa1, 0x2a, 0x38,
 0x03, 0x22, 0x4e, 0x6f, 0x74, 0x4e, 0x65, 0x73,
 0x74, 0x65, 0x64, 0x4c, 0x65, 0x73, 0x73, 0x4c,
 0x65, 0x73, 0x73, 0x03, 0x80, 0x22, 0x16, 0x4e,
 0x6f, 0x74, 0x50, 0x72, 0x65, 0x63, 0x65, 0x64,
 0x65, 0x73, 0x05, 0xaf, 0x2a, 0x38, 0x03, 0x20,
 0x4e, 0x6f, 0x74, 0x50, 0x72, 0x65, 0x63, 0x65,
 0x64, 0x65, 0x73, 0x45, 0x71, 0x75, 0x61, 0x6c,
 0x03, 0xe0, 0x22, 0x2a, 0x4e, 0x6f, 0x74, 0x50,
 0x72, 0x65, 0x63, 0x65, 0x64, 0x65, 0x73, 0x53,
 0x6c, 0x61, 0x6e, 0x74, 0x45, 0x71, 0x75, 0x61,
 0x6c, 0x03, 0x0c, 0x22, 0x22, 0x4e, 0x6f, 0x74,
 0x52, 0x65, 0x76, 0x65, 0x72, 0x73, 0x65, 0x45,
 0x6c, 0x65, 0x6d, 0x65, 0x6e, 0x74, 0x03, 0xeb,
 0x22, 0x20, 0x4e, 0x6f, 0x74, 0x52, 0x69, 0x67,
 0x68, 0x74, 0x54, 0x72, 0x69, 0x61, 0x6e, 0x67,
 0x6c, 0x65, 0x05, 0xd0, 0x29, 0x38, 0x03, 0x26,
 0x4e, 0x6f, 0x74, 0x52, 0x69, 0x67, 0x68, 0x74,
 0x54, 0x72, 0x69, 0x61, 0x6e, 0x67, 0x6c, 0x65,
 0x42, 0x61, 0x72, 0x03, 0xed, 0x22, 0x2a, 0x4e,
 0x6f, 0x74, 0x52, 0x69, 0x67, 0x68, 0x74, 0x54,
 0x72, 0x69, 0x61, 0x6e, 0x67, 0x6c, 0x65, 0x45,
 0x71, 0x75, 0x61, 0x6c, 0x05, 0x8f, 0x22, 0x38,
 0x03, 0x1e, 0x4e, 0x6f, 0x74, 0x53, 0x71, 0x75,
 0x61, 0x72, 0x65, 0x53, 0x75, 0x62, 0x73, 0x65,
 0x74, 0x03, 0xe2, 0x22, 0x28, 0x4e, 0x6f, 0x74,
 0x53, 0x71, 0x75, 0x61, 0x72, 0x65, 0x53, 0x75,
 0x62, 0x73, 0x65, 0x74, 0x45, 0x71, 0x75, 0x61,
 0x6c, 0x05, 0x90, 0x22, 0x38, 0x03, 0x22, 0x4e,
 0x6f, 0x74, 0x53, 0x71, 0x75, 0x61, 0x72, 0x65,
 0x53, 0x75, 0x70, 0x65, 0x72, 0x73, 0x65, 0x74,
 0x03, 0xe3, 0x22, 0x2c, 0x4e, 0x6f, 0x74, 0x53,
 0x71, 0x75, 0x61, 0x72, 0x65, 0x53, 0x75, 0x70,
 0x65, 0x72, 0x73, 0x65, 0x74, 0x45, 0x71, 0x75,
 0x61, 0x6c, 0x05, 0x82, 0x22, 0xd2, 0x20, 0x12,
 0x4e, 0x6f, 0x74, 0x53, 0x75, 0x62, 0x73, 0x65,
 0x74, 0x03, 0x88, 0x22, 0x1c, 0x4e, 0x6f, 0x74,
 0x53, 0x75, 0x62, 0x73, 0x65, 0x74, 0x45, 0x71,
 0x75, 0x61, 0x6c, 0x03, 0x81, 0x22, 0x16, 0x4e,
 0x6f, 0x74, 0x53, 0x75, 0x63, 0x63, 0x65, 0x65,
 0x64, 0x73, 0x05, 0xb0, 0x2a, 0x38, 0x03, 0x20,
 0x4e, 0x6f, 0x74, 0x53, 0x75, 0x63, 0x63, 0x65,
 0x65, 0x64, 0x73, 0x45, 0x71, 0x75, 0x61, 0x6c,
 0x03, 0xe1, 0x22, 0x2a, 0x4e, 0x6f, 0x74, 0x53,
 0x75, 0x63, 0x63, 0x65, 0x65, 0x64, 0x73, 0x53,
 0x6c, 0x61, 0x6e, 0x74, 0x45, 0x71, 0x75, 0x61,
 0x6c, 0x05, 0x7f, 0x22, 0x38, 0x03, 0x20, 0x4e,
 0x6f, 0x74, 0x53, 0x75, 0x63, 0x63, 0x65, 0x65,
 0x64, 0x73, 0x54, 0x69, 0x6c, 0x64, 0x65, 0x05,
 0x83, 0x22, 0xd2, 0x20, 0x16, 0x4e, 0x6f, 0x74,
 0x53, 0x75, 0x70, 0x65, 0x72, 0x73, 0x65, 0x74,
 0x03, 0x89, 0x22, 0x20, 0x4e, 0x6f, 0x74, 0x53,
 0x75, 0x70, 0x65, 0x72, 0x73, 0x65, 0x74, 0x45,
 0x71, 0x75, 0x61, 0x6c, 0x03, 0x41, 0x22, 0x10,
 0x4e, 0x6f, 0x74, 0x54, 0x69, 0x6c, 0x64, 0x65,
 0x03, 0x44, 0x22, 0x1a, 0x4e, 0x6f, 0x74, 0x54,
 0x69, 0x6c, 0x64, 0x65, 0x45, 0x71, 0x75, 0x61,
 0x6c, 0x03, 0x47, 0x22, 0x22, 0x4e, 0x6f, 0x74,
 0x54, 0x69, 0x6c, 0x64, 0x65, 0x46, 0x75, 0x6c,
 0x6c, 0x45, 0x71, 0x75, 0x61, 0x6c, 0x03, 0x49,
 0x22, 0x1a, 0x4e, 0x6f, 0x74, 0x54, 0x69, 0x6c,
 0x64, 0x65, 0x54, 0x69, 0x6c, 0x64, 0x65, 0x03,
 0x24, 0x22, 0x1c, 0x4e, 0x6f, 0x74, 0x56, 0x65,
 0x72, 0x74, 0x69, 0x63, 0x61, 0x6c, 0x42, 0x61,
 0x72, 0x05, 0x35, 0xd8, 0xa9, 0xdc, 0x08, 0x4e,
 0x73, 0x63, 0x72, 0x02, 0xd1, 0x0c, 0x4e, 0x74,
 0x69, 0x6c, 0x64, 0x65, 0x03, 0x9d, 0x03, 0x04,
 0x4e, 0x75, 0x03, 0x52, 0x01, 0x0a, 0x4f, 0x45,
 0x6c, 0x69, 0x67, 0x02, 0xd3, 0x0c, 0x4f, 0x61,
 0x63, 0x75, 0x74, 0x65, 0x02, 0xd4, 0x0a, 0x4f,
 0x63, 0x69, 0x72, 0x63, 0x03, 0x1e, 0x04, 0x06,
 0x4f, 0x63, 0x79, 0x03, 0x50, 0x01, 0x0c, 0x4f,
 0x64, 0x62, 0x6c, 0x61, 0x63, 0x05, 0x35, 0xd8,
 0x12, 0xdd, 0x06, 0x4f, 0x66, 0x72, 0x02, 0xd2,
 0x0c, 0x4f, 0x67, 0x72, 0x61, 0x76, 0x65, 0x03,
 0x4c, 0x01, 0x0a, 0x4f, 0x6d, 0x61, 0x63, 0x72,
 0x03, 0xa9, 0x03, 0x0a, 0x4f, 0x6d, 0x65, 0x67,
 0x61, 0x03, 0x9f, 0x03, 0x0e, 0x4f, 0x6d, 0x69,
 0x63, 0x72, 0x6f, 0x6e, 0x05, 0x35, 0xd8, 0x46,
 0xdd, 0x08, 0x4f, 0x6f, 0x70, 0x66, 0x03, 0x1c,
 0x20, 0x28, 0x4f, 0x70, 0x65, 0x6e, 0x43, 0x75,
 0x72, 0x6c, 0x79, 0x44, 0x6f, 0x75, 0x62, 0x6c,
 0x65, 0x51, 0x75, 0x6f, 0x74, 0x65, 0x03, 0x18,
 0x20, 0x1c, 0x4f, 0x70, 0x65, 0x6e, 0x43, 0x75,
 0x72, 0x6c, 0x79, 0x51, 0x75, 0x6f, 0x74, 0x65,
 0x03, 0x54, 0x2a, 0x04, 0x4f, 0x72, 0x05, 0x35,
 0xd8, 0xaa, 0xdc, 0x08, 0x4f, 0x73, 0x63, 0x72,
 0x02, 0xd8, 0x0c, 0x4f, 0x73, 0x6c, 0x61, 0x73,
 0x68, 0x02, 0xd5, 0x0c, 0x4f, 0x74, 0x69, 0x6c,
 0x64, 0x65, 0x03, 0x37, 0x2a, 0x0c, 0x4f, 0x74,
 0x69, 0x6d, 0x65, 0x73, 0x02, 0xd6, 0x08, 0x4f,
 0x75, 0x6d, 0x6c, 0x03, 0x3e, 0x20, 0x0e, 0x4f,
 0x76, 0x65, 0x72, 0x42, 0x61, 0x72, 0x03, 0xde,
 0x23, 0x12, 0x4f, 0x76, 0x65, 0x72, 0x42, 0x72,
 0x61, 0x63, 0x65, 0x03, 0xb4, 0x23, 0x16, 0x4f,
 0x76, 0x65, 0x72, 0x42, 0x72, 0x61, 0x63, 0x6b,
 0x65, 0x74, 0x03, 0xdc, 0x23, 0x1e, 0x4f, 0x76,
 0x65, 0x72, 0x50, 0x61, 0x72, 0x65, 0x6e, 0x74,
 0x68, 0x65, 0x73, 0x69, 0x73, 0x03, 0x02, 0x22,
 0x10, 0x50, 0x61, 0x72, 0x74, 0x69, 0x61, 0x6c,
 0x44, 0x03, 0x1f, 0x04, 0x06, 0x50, 0x63, 0x79,
 0x05, 0x35, 0xd8, 0x13, 0xdd, 0x06, 0x50, 0x66,
 0x72, 0x03, 0xa6, 0x03, 0x06, 0x50, 0x68, 0x69,
 0x03, 0xa0, 0x03, 0x04, 0x50, 0x69, 0x02, 0xb1,
 0x12, 0x50, 0x6c, 0x75, 0x73, 0x4d, 0x69, 0x6e,
 0x75, 0x73, 0x1a, 0x50, 0x6f, 0x69, 0x6e, 0x63,
 0x61, 0x72, 0x65, 0x70, 0x6c, 0x61, 0x6e, 0x65,
 0x03, 0x19, 0x21, 0x08, 0x50, 0x6f, 0x70, 0x66,
 0x03, 0xbb, 0x2a, 0x04, 0x50, 0x72, 0x03, 0x7a,
 0x22, 0x10, 0x50, 0x72, 0x65, 0x63, 0x65, 0x64,
 0x65, 0x73, 0x03, 0xaf, 0x2a, 0x1a, 0x50, 0x72,
 0x65, 0x63, 0x65, 0x64, 0x65, 0x73, 0x45, 0x71,
 0x75, 0x61, 0x6c, 0x03, 0x7c, 0x22, 0x24, 0x50,
 0x72, 0x65, 0x63, 0x65, 0x64, 0x65, 0x73, 0x53,
 0x6c, 0x61, 0x6e, 0x74, 0x45, 0x71, 0x75, 0x61,
 0x6c, 0x03, 0x7e, 0x22, 0x1a, 0x50, 0x72, 0x65,
 0x63, 0x65, 0x64, 0x65, 0x73, 0x54, 0x69, 0x6c,
 0x64, 0x65, 0x03, 0x33, 0x20, 0x0a, 0x50, 0x72,
 0x69, 0x6d, 0x65, 0x03, 0x0f, 0x22, 0x0e, 0x50,
 0x72, 0x6f, 0x64, 0x75, 0x63, 0x74, 0x14, 0x50,
 0x72, 0x6f, 0x70, 0x6f, 0x72, 0x74, 0x69, 0x6f,
 0x6e, 0x03, 0x1d, 0x22, 0x18, 0x50, 0x72, 0x6f,
 0x70, 0x6f, 0x72, 0x74, 0x69, 0x6f, 0x6e, 0x61,
 0x6c, 0x05, 0x35, 0xd8, 0xab, 0xdc, 0x08, 0x50,
 0x73, 0x63, 0x72, 0x03, 0xa8, 0x03, 0x06, 0x50,
 0x73, 0x69, 0x08, 0x51, 0x55, 0x4f, 0x54, 0x05,
 0x35, 0xd8, 0x14, 0xdd, 0x06, 0x51, 0x66, 0x72,
 0x03, 0x1a, 0x21, 0x08, 0x51, 0x6f, 0x70, 0x66,
 0x05, 0x35, 0xd8, 0xac, 0xdc, 0x08, 0x51, 0x73,
 0x63, 0x72, 0x03, 0x10, 0x29, 0x0a, 0x52, 0x42,
 0x61, 0x72, 0x72, 0x02, 0xae, 0x06, 0x52, 0x45,
 0x47, 0x03, 0x54, 0x01, 0x0c, 0x52, 0x61, 0x63,
 0x75, 0x74, 0x65, 0x03, 0xeb, 0x27, 0x08, 0x52,
 0x61, 0x6e, 0x67, 0x03, 0xa0, 0x21, 0x08, 0x52,
 0x61, 0x72, 0x72, 0x03, 0x16, 0x29, 0x0c, 0x52,
 0x61, 0x72, 0x72, 0x74, 0x6c, 0x03, 0x58, 0x01,
 0x0c, 0x52, 0x63, 0x61, 0x72, 0x6f, 0x6e, 0x03,
 0x56, 0x01, 0x0c, 0x52, 0x63, 0x65, 0x64, 0x69,
 0x6c, 0x03, 0x20, 0x04, 0x06, 0x52, 0x63, 0x79,
 0x03, 0x1c, 0x21, 0x04, 0x52, 0x65, 0x03, 0x0b,
 0x22, 0x1c, 0x52, 0x65, 0x76, 0x65, 0x72, 0x73,
 0x65, 0x45, 0x6c, 0x65, 0x6d, 0x65, 0x6e, 0x74,
 0x03, 0xcb, 0x21, 0x24, 0x52, 0x65, 0x76, 0x65,
 0x72, 0x73, 0x65, 0x45, 0x71, 0x75, 0x69, 0x6c,
 0x69, 0x62, 0x72, 0x69, 0x75, 0x6d, 0x03, 0x6f,
 0x29, 0x28, 0x52, 0x65, 0x76, 0x65, 0x72, 0x73,
 0x65, 0x55, 0x70, 0x45, 0x71, 0x75, 0x69, 0x6c,
 0x69, 0x62, 0x72, 0x69, 0x75, 0x6d, 0x06, 0x52,
 0x66, 0x72, 0x03, 0xa1, 0x03, 0x06, 0x52, 0x68,
 0x6f, 0x03, 0xe9, 0x27, 0x22, 0x52, 0x69, 0x67,
 0x68, 0x74, 0x41, 0x6e, 0x67, 0x6c, 0x65, 0x42,
 0x72, 0x61, 0x63, 0x6b, 0x65, 0x74, 0x03, 0x92,
 0x21, 0x14, 0x52, 0x69, 0x67, 0x68, 0x74, 0x41,
 0x72, 0x72, 0x6f, 0x77, 0x03, 0xe5, 0x21, 0x1a,
 0x52, 0x69, 0x67, 0x68, 0x74, 0x41, 0x72, 0x72,
 0x6f, 0x77, 0x42, 0x61, 0x72, 0x03, 0xc4, 0x21,
 0x26, 0x52, 0x69, 0x67, 0x68, 0x74, 0x41, 0x72,
 0x72, 0x6f, 0x77, 0x4c, 0x65, 0x66, 0x74, 0x41,
 0x72, 0x72, 0x6f, 0x77, 0x03, 0x09, 0x23, 0x18,
 0x52, 0x69, 0x67, 0x68, 0x74, 0x43, 0x65, 0x69,
 0x6c, 0x69, 0x6e, 0x67, 0x03, 0xe7, 0x27, 0x24,
 0x52, 0x69, 0x67, 0x68, 0x74, 0x44, 0x6f, 0x75,
 0x62, 0x6c, 0x65, 0x42, 0x72, 0x61, 0x63, 0x6b,
 0x65, 0x74, 0x03, 0x5d, 0x29, 0x24, 0x52, 0x69,
 0x67, 0x68, 0x74, 0x44, 0x6f, 0x77, 0x6e, 0x54,
 0x65, 0x65, 0x56, 0x65, 0x63, 0x74, 0x6f, 0x72,
 0x03, 0xc2, 0x21, 0x1e, 0x52, 0x69, 0x67, 0x68,
 0x74, 0x44, 0x6f, 0x77, 0x6e, 0x56, 0x65, 0x63,
 0x74, 0x6f, 0x72, 0x03, 0x55, 0x29, 0x24, 0x52,
 0x69, 0x67, 0x68, 0x74, 0x44, 0x6f, 0x77, 0x6e,
 0x56, 0x65, 0x63, 0x74, 0x6f, 0x72, 0x42, 0x61,
 0x72, 0x03, 0x0b, 0x23, 0x14, 0x52, 0x69, 0x67,
 0x68, 0x74, 0x46, 0x6c, 0x6f, 0x6f, 0x72, 0x03,
 0xa2, 0x22, 0x10, 0x52, 0x69, 0x67, 0x68, 0x74,
 0x54, 0x65, 0x65, 0x03, 0xa6, 0x21, 0x1a, 0x52,
 0x69, 0x67, 0x68, 0x74, 0x54, 0x65, 0x65, 0x41,
 0x72, 0x72, 0x6f, 0x77, 0x03, 0x5b, 0x29, 0x1c,
 0x52, 0x69, 0x67, 0x68, 0x74, 0x54, 0x65, 0x65,
 0x56, 0x65, 0x63, 0x74, 0x6f, 0x72, 0x03, 0xb3,
 0x22, 0x1a, 0x52, 0x69, 0x67, 0x68, 0x74, 0x54,
 0x72, 0x69, 0x61, 0x6e, 0x67, 0x6c, 0x65, 0x03,
 0xd0, 0x29, 0x20, 0x52, 0x69, 0x67, 0x68, 0x74,
 0x54, 0x72, 0x69, 0x61, 0x6e, 0x67, 0x6c, 0x65,
 0x42, 0x61, 0x72, 0x03, 0xb5, 0x22, 0x24, 0x52,
 0x69, 0x67, 0x68, 0x74, 0x54, 0x72, 0x69, 0x61,
 0x6e, 0x67, 0x6c, 0x65, 0x45, 0x71, 0x75, 0x61,
 0x6c, 0x03, 0x4f, 0x29, 0x22, 0x52, 0x69, 0x67,
 0x68, 0x74, 0x55, 0x70, 0x44, 0x6f, 0x77, 0x6e,
 0x56, 0x65, 0x63, 0x74, 0x6f, 0x72, 0x03, 0x5c,
 0x29, 0x20, 0x52, 0x69, 0x67, 0x68, 0x74, 0x55,
 0x70, 0x54, 0x65, 0x65, 0x56, 0x65, 0x63, 0x74,
 0x6f, 0x72, 0x03, 0xbe, 0x21, 0x1a, 0x52, 0x69,
 0x67, 0x68, 0x74, 0x55, 0x70, 0x56, 0x65, 0x63,
 0x74, 0x6f, 0x72, 0x03, 0x54, 0x29, 0x20, 0x52,
 0x69, 0x67, 0x68, 0x74, 0x55, 0x70, 0x56, 0x65,
 0x63, 0x74, 0x6f, 0x72, 0x42, 0x61, 0x72, 0x03,
 0xc0, 0x21, 0x16, 0x52, 0x69, 0x67, 0x68, 0x74,
 0x56, 0x65, 0x63, 0x74, 0x6f, 0x72, 0x03, 0x53,
 0x29, 0x1c, 0x52, 0x69, 0x67, 0x68, 0x74, 0x56,
 0x65, 0x63, 0x74, 0x6f, 0x72, 0x42, 0x61, 0x72,
 0x14, 0x52, 0x69, 0x67, 0x68, 0x74, 0x61, 0x72,
 0x72, 0x6f, 0x77, 0x03, 0x1d, 0x21, 0x08, 0x52,
 0x6f, 0x70, 0x66, 0x03, 0x70, 0x29, 0x18, 0x52,
 0x6f, 0x75, 0x6e, 0x64, 0x49, 0x6d, 0x70, 0x6c,
 0x69, 0x65, 0x73, 0x03, 0xdb, 0x21, 0x16, 0x52,
 0x72, 0x69, 0x67, 0x68, 0x74, 0x61, 0x72, 0x72,
 0x6f, 0x77, 0x03, 0x1b, 0x21, 0x08, 0x52, 0x73,
 0x63, 0x72, 0x03, 0xb1, 0x21, 0x06, 0x52, 0x73,
 0x68, 0x03, 0xf4, 0x29, 0x16, 0x52, 0x75, 0x6c,
 0x65, 0x44, 0x65, 0x6c, 0x61, 0x79, 0x65, 0x64,
 0x03, 0x29, 0x04, 0x0c, 0x53, 0x48, 0x43, 0x48,
 0x63, 0x79, 0x03, 0x28, 0x04, 0x08, 0x53, 0x48,
 0x63, 0x79, 0x03, 0x2c, 0x04, 0x0c, 0x53, 0x4f,
 0x46, 0x54, 0x63, 0x79, 0x03, 0x5a, 0x01, 0x0c,
 0x53, 0x61, 0x63, 0x75, 0x74, 0x65, 0x03, 0xbc,
 0x2a, 0x04, 0x53, 0x63, 0x03, 0x60, 0x01, 0x0c,
 0x53, 0x63, 0x61, 0x72, 0x6f, 0x6e, 0x03, 0x5e,
 0x01, 0x0c, 0x53, 0x63, 0x65, 0x64, 0x69, 0x6c,
 0x03, 0x5c, 0x01, 0x0a, 0x53, 0x63, 0x69, 0x72,
 0x63, 0x03, 0x21, 0x04, 0x06, 0x53, 0x63, 0x79,
 0x05, 0x35, 0xd8, 0x16, 0xdd, 0x06, 0x53, 0x66,
 0x72, 0x1c, 0x53, 0x68, 0x6f, 0x72, 0x74, 0x44,
 0x6f, 0x77, 0x6e, 0x41, 0x72, 0x72, 0x6f, 0x77,
 0x1c, 0x53, 0x68, 0x6f, 0x72, 0x74, 0x4c, 0x65,
 0x66, 0x74, 0x41, 0x72, 0x72, 0x6f, 0x77, 0x1e,
 0x53, 0x68, 0x6f, 0x72, 0x74, 0x52, 0x69, 0x67,
 0x68, 0x74, 0x41, 0x72, 0x72, 0x6f, 0x77, 0x03,
 0x91, 0x21, 0x18, 0x53, 0x68, 0x6f, 0x72, 0x74,
 0x55, 0x70, 0x41, 0x72, 0x72, 0x6f, 0x77, 0x03,
 0xa3, 0x03, 0x0a, 0x53, 0x69, 0x67, 0x6d, 0x61,
 0x03, 0x18, 0x22, 0x16, 0x53, 0x6d, 0x61, 0x6c,
 0x6c, 0x43, 0x69, 0x72, 0x63, 0x6c, 0x65, 0x05,
 0x35, 0xd8, 0x4a, 0xdd, 0x08, 0x53, 0x6f, 0x70,
 0x66, 0x03, 0x1a, 0x22, 0x08, 0x53, 0x71, 0x72,
 0x74, 0x03, 0xa1, 0x25, 0x0c, 0x53, 0x71, 0x75,
 0x61, 0x72, 0x65, 0x03, 0x93, 0x22, 0x24, 0x53,
 0x71, 0x75, 0x61, 0x72, 0x65, 0x49, 0x6e, 0x74,
 0x65, 0x72, 0x73, 0x65, 0x63, 0x74, 0x69, 0x6f,
 0x6e, 0x03, 0x8f, 0x22, 0x18, 0x53, 0x71, 0x75,
 0x61, 0x72, 0x65, 0x53, 0x75, 0x62, 0x73, 0x65,
 0x74, 0x03, 0x91, 0x22, 0x22, 0x53, 0x71, 0x75,
 0x61, 0x72, 0x65, 0x53, 0x75, 0x62, 0x73, 0x65,
 0x74, 0x45, 0x71, 0x75, 0x61, 0x6c, 0x03, 0x90,
 0x22, 0x1c, 0x53, 0x71, 0x75, 0x61, 0x72, 0x65,
 0x53, 0x75, 0x70, 0x65, 0x72, 0x73, 0x65, 0x74,
 0x03, 0x92, 0x22, 0x26, 0x53, 0x71, 0x75, 0x61,
 0x72, 0x65, 0x53, 0x75, 0x70, 0x65, 0x72, 0x73,
 0x65, 0x74, 0x45, 0x71, 0x75, 0x61, 0x6c, 0x03,
 0x94, 0x22, 0x16, 0x53, 0x71, 0x75, 0x61, 0x72,
 0x65, 0x55, 0x6e, 0x69, 0x6f, 0x6e, 0x05, 0x35,
 0xd8, 0xae, 0xdc, 0x08, 0x53, 0x73, 0x63, 0x72,
 0x03, 0xc6, 0x22, 0x08, 0x53, 0x74, 0x61, 0x72,
 0x03, 0xd0, 0x22, 0x06, 0x53, 0x75, 0x62, 0x0c,
 0x53, 0x75, 0x62, 0x73, 0x65, 0x74, 0x03, 0x86,
 0x22, 0x16, 0x53, 0x75, 0x62, 0x73, 0x65, 0x74,
 0x45, 0x71, 0x75, 0x61, 0x6c, 0x03, 0x7b, 0x22,
 0x10, 0x53, 0x75, 0x63, 0x63, 0x65, 0x65, 0x64,
 0x73, 0x03, 0xb0, 0x2a, 0x1a, 0x53, 0x75, 0x63,
 0x63, 0x65, 0x65, 0x64, 0x73, 0x45, 0x71, 0x75,
 0x61, 0x6c, 0x03, 0x7d, 0x22, 0x24, 0x53, 0x75,
 0x63, 0x63, 0x65, 0x65, 0x64, 0x73, 0x53, 0x6c,
 0x61, 0x6e, 0x74, 0x45, 0x71, 0x75, 0x61, 0x6c,
 0x03, 0x7f, 0x22, 0x1a, 0x53, 0x75, 0x63, 0x63,
 0x65, 0x65, 0x64, 0x73, 0x54, 0x69, 0x6c, 0x64,
 0x65, 0x10, 0x53, 0x75, 0x63, 0x68, 0x54, 0x68,
 0x61, 0x74, 0x03, 0x11, 0x22, 0x06, 0x53, 0x75,
 0x6d, 0x03, 0xd1, 0x22, 0x06, 0x53, 0x75, 0x70,
 0x03, 0x83, 0x22, 0x10, 0x53, 0x75, 0x70, 0x65,
 0x72, 0x73, 0x65, 0x74, 0x03, 0x87, 0x22, 0x1a,
 0x53, 0x75, 0x70, 0x65, 0x72, 0x73, 0x65, 0x74,
 0x45, 0x71, 0x75, 0x61, 0x6c, 0x0c, 0x53, 0x75,
 0x70, 0x73, 0x65, 0x74, 0x02, 0xde, 0x0a, 0x54,
 0x48, 0x4f, 0x52, 0x4e, 0x03, 0x22, 0x21, 0x0a,
 0x54, 0x52, 0x41, 0x44, 0x45, 0x03, 0x0b, 0x04,
 0x0a, 0x54, 0x53, 0x48, 0x63, 0x79, 0x03, 0x26,
 0x04, 0x08, 0x54, 0x53, 0x63, 0x79, 0x02, 0x09,
 0x06, 0x54, 0x61, 0x62, 0x03, 0xa4, 0x03, 0x06,
 0x54, 0x61, 0x75, 0x03, 0x64, 0x01, 0x0c, 0x54,
 0x63, 0x61, 0x72, 0x6f, 0x6e, 0x03, 0x62, 0x01,
 0x0c, 0x54, 0x63, 0x65, 0x64, 0x69, 0x6c, 0x03,
 0x22, 0x04, 0x06, 0x54, 0x63, 0x79, 0x05, 0x35,
 0xd8, 0x17, 0xdd, 0x06, 0x54, 0x66, 0x72, 0x03,
 0x34, 0x22, 0x12, 0x54, 0x68, 0x65, 0x72, 0x65,
 0x66, 0x6f, 0x72, 0x65, 0x03, 0x98, 0x03, 0x0a,
 0x54, 0x68, 0x65, 0x74, 0x61, 0x05, 0x5f, 0x20,
 0x0a, 0x20, 0x14, 0x54, 0x68, 0x69, 0x63, 0x6b,
 0x53, 0x70, 0x61, 0x63, 0x65, 0x03, 0x09, 0x20,
 0x12, 0x54, 0x68, 0x69, 0x6e, 0x53, 0x70, 0x61,
 0x63, 0x65, 0x03, 0x3c, 0x22, 0x0a, 0x54, 0x69,
 0x6c, 0x64, 0x65, 0x03, 0x43, 0x22, 0x14, 0x54,
 0x69, 0x6c, 0x64, 0x65, 0x45, 0x71, 0x75, 0x61,
 0x6c, 0x03, 0x45, 0x22, 0x1c, 0x54, 0x69, 0x6c,
 0x64, 0x65, 0x46, 0x75, 0x6c, 0x6c, 0x45, 0x71,
 0x75, 0x61, 0x6c, 0x03, 0x48, 0x22, 0x14, 0x54,
 0x69, 0x6c, 0x64, 0x65, 0x54, 0x69, 0x6c, 0x64,
 0x65, 0x05, 0x35, 0xd8, 0x4b, 0xdd, 0x08, 0x54,
 0x6f, 0x70, 0x66, 0x03, 0xdb, 0x20, 0x12, 0x54,
 0x72, 0x69, 0x70, 0x6c, 0x65, 0x44, 0x6f, 0x74,
 0x05, 0x35, 0xd8, 0xaf, 0xdc, 0x08, 0x54, 0x73,
 0x63, 0x72, 0x03, 0x66, 0x01, 0x0c, 0x54, 0x73,
 0x74, 0x72, 0x6f, 0x6b, 0x02, 0xda, 0x0c, 0x55,
 0x61, 0x63, 0x75, 0x74, 0x65, 0x03, 0x9f, 0x21,
 0x08, 0x55, 0x61, 0x72, 0x72, 0x03, 0x49, 0x29,
 0x10, 0x55, 0x61, 0x72, 0x72, 0x6f, 0x63, 0x69,
 0x72, 0x03, 0x0e, 0x04, 0x0a, 0x55, 0x62, 0x72,
 0x63, 0x79, 0x03, 0x6c, 0x01, 0x0c, 0x55, 0x62,
 0x72, 0x65, 0x76, 0x65, 0x02, 0xdb, 0x0a, 0x55,
 0x63, 0x69, 0x72, 0x63, 0x03, 0x23, 0x04, 0x06,
 0x55, 0x63, 0x79, 0x03, 0x70, 0x01, 0x0c, 0x55,
 0x64, 0x62, 0x6c, 0x61, 0x63, 0x05, 0x35, 0xd8,
 0x18, 0xdd, 0x06, 0x55, 0x66, 0x72, 0x02, 0xd9,
 0x0c, 0x55, 0x67, 0x72, 0x61, 0x76, 0x65, 0x03,
 0x6a, 0x01, 0x0a, 0x55, 0x6d, 0x61, 0x63, 0x72,
 0x02, 0x5f, 0x10, 0x55, 0x6e, 0x64, 0x65, 0x72,
 0x42, 0x61, 0x72, 0x03, 0xdf, 0x23, 0x14, 0x55,
 0x6e, 0x64, 0x65, 0x72, 0x42, 0x72, 0x61, 0x63,
 0x65, 0x03, 0xb5, 0x23, 0x18, 0x55, 0x6e, 0x64,
 0x65, 0x72, 0x42, 0x72, 0x61, 0x63, 0x6b, 0x65,
 0x74, 0x03, 0xdd, 0x23, 0x20, 0x55, 0x6e, 0x64,
 0x65, 0x72, 0x50, 0x61, 0x72, 0x65, 0x6e, 0x74,
 0x68, 0x65, 0x73, 0x69, 0x73, 0x03, 0xc3, 0x22,
 0x0a, 0x55, 0x6e, 0x69, 0x6f, 0x6e, 0x03, 0x8e,
 0x22, 0x12, 0x55, 0x6e, 0x69, 0x6f, 0x6e, 0x50,
 0x6c, 0x75, 0x73, 0x03, 0x72, 0x01, 0x0a, 0x55,
 0x6f, 0x67, 0x6f, 0x6e, 0x05, 0x35, 0xd8, 0x4c,
 0xdd, 0x08, 0x55, 0x6f, 0x70, 0x66, 0x0e, 0x55,
 0x70, 0x41, 0x72, 0x72, 0x6f, 0x77, 0x03, 0x12,
 0x29, 0x14, 0x55, 0x70, 0x41, 0x72, 0x72, 0x6f,
 0x77, 0x42, 0x61, 0x72, 0x03, 0xc5, 0x21, 0x20,
 0x55, 0x70, 0x41, 0x72, 0x72, 0x6f, 0x77, 0x44,
 0x6f, 0x77, 0x6e, 0x41, 0x72, 0x72, 0x6f, 0x77,
 0x03, 0x95, 0x21, 0x16, 0x55, 0x70, 0x44, 0x6f,
 0x77, 0x6e, 0x41, 0x72, 0x72, 0x6f, 0x77, 0x03,
 0x6e, 0x29, 0x1a, 0x55, 0x70, 0x45, 0x71, 0x75,
 0x69, 0x6c, 0x69, 0x62, 0x72, 0x69, 0x75, 0x6d,
 0x03, 0xa5, 0x22, 0x0a, 0x55, 0x70, 0x54, 0x65,
 0x65, 0x03, 0xa5, 0x21, 0x14, 0x55, 0x70, 0x54,
 0x65, 0x65, 0x41, 0x72, 0x72, 0x6f, 0x77, 0x0e,
 0x55, 0x70, 0x61, 0x72, 0x72, 0x6f, 0x77, 0x16,
 0x55, 0x70, 0x64, 0x6f, 0x77, 0x6e, 0x61, 0x72,
 0x72, 0x6f, 0x77, 0x03, 0x96, 0x21, 0x1c, 0x55,
 0x70, 0x70, 0x65, 0x72, 0x4c, 0x65, 0x66, 0x74,
 0x41, 0x72, 0x72, 0x6f, 0x77, 0x03, 0x97, 0x21,
 0x1e, 0x55, 0x70, 0x70, 0x65, 0x72, 0x52, 0x69,
 0x67, 0x68, 0x74, 0x41, 0x72, 0x72, 0x6f, 0x77,
 0x03, 0xd2, 0x03, 0x08, 0x55, 0x70, 0x73, 0x69,
 0x03, 0xa5, 0x03, 0x0e, 0x55, 0x70, 0x73, 0x69,
 0x6c, 0x6f, 0x6e, 0x03, 0x6e, 0x01, 0x0a, 0x55,
 0x72, 0x69, 0x6e, 0x67, 0x05, 0x35, 0xd8, 0xb0,
 0xdc, 0x08, 0x55, 0x73, 0x63, 0x72, 0x03, 0x68,
 0x01, 0x0c, 0x55, 0x74, 0x69, 0x6c, 0x64, 0x65,
 0x02, 0xdc, 0x08, 0x55, 0x75, 0x6d, 0x6c, 0x03,
 0xab, 0x22, 0x0a, 0x56, 0x44, 0x61, 0x73, 0x68,
 0x03, 0xeb, 0x2a, 0x08, 0x56, 0x62, 0x61, 0x72,
 0x03, 0x12, 0x04, 0x06, 0x56, 0x63, 0x79, 0x03,
 0xa9, 0x22, 0x0a, 0x56, 0x64, 0x61, 0x73, 0x68,
 0x03, 0xe6, 0x2a, 0x0c, 0x56, 0x64, 0x61, 0x73,
 0x68, 0x6c, 0x03, 0xc1, 0x22, 0x06, 0x56, 0x65,
 0x65, 0x03, 0x16, 0x20, 0x0c, 0x56, 0x65, 0x72,
 0x62, 0x61, 0x72, 0x08, 0x56, 0x65, 0x72, 0x74,
 0x03, 0x23, 0x22, 0x16, 0x56, 0x65, 0x72, 0x74,
 0x69, 0x63, 0x61, 0x6c, 0x42, 0x61, 0x72, 0x18,
 0x56, 0x65, 0x72, 0x74, 0x69, 0x63, 0x61, 0x6c,
 0x4c, 0x69, 0x6e, 0x65, 0x03, 0x58, 0x27, 0x22,
 0x56, 0x65, 0x72, 0x74, 0x69, 0x63, 0x61, 0x6c,
 0x53, 0x65, 0x70, 0x61, 0x72, 0x61, 0x74, 0x6f,
 0x72, 0x03, 0x40, 0x22, 0x1a, 0x56, 0x65, 0x72,
 0x74, 0x69, 0x63, 0x61, 0x6c, 0x54, 0x69, 0x6c,
 0x64, 0x65, 0x03, 0x0a, 0x20, 0x1a, 0x56, 0x65,
 0x72, 0x79, 0x54, 0x68, 0x69, 0x6e, 0x53, 0x70,
 0x61, 0x63, 0x65, 0x05, 0x35, 0xd8, 0x19, 0xdd,
 0x06, 0x56, 0x66, 0x72, 0x05, 0x35, 0xd8, 0x4d,
 0xdd, 0x08, 0x56, 0x6f, 0x70, 0x66, 0x05, 0x35,
 0xd8, 0xb1, 0xdc, 0x08, 0x56, 0x73, 0x63, 0x72,
 0x03, 0xaa, 0x22, 0x0c, 0x56, 0x76, 0x64, 0x61,
 0x73, 0x68, 0x03, 0x74, 0x01, 0x0a, 0x57, 0x63,
 0x69, 0x72, 0x63, 0x03, 0xc0, 0x22, 0x0a, 0x57,
 0x65, 0x64, 0x67, 0x65, 0x05, 0x35, 0xd8, 0x1a,
 0xdd, 0x06, 0x57, 0x66, 0x72, 0x05, 0x35, 0xd8,
 0x4e, 0xdd, 0x08, 0x57, 0x6f, 0x70, 0x66, 0x05,
 0x35, 0xd8, 0xb2, 0xdc, 0x08, 0x57, 0x73, 0x63,
 0x72, 0x05, 0x35, 0xd8, 0x1b, 0xdd, 0x06, 0x58,
 0x66, 0x72, 0x03, 0x9e, 0x03, 0x04, 0x58, 0x69,
 0x05, 0x35, 0xd8, 0x4f, 0xdd, 0x08, 0x58, 0x6f,
 0x70, 0x66, 0x05, 0x35, 0xd8, 0xb3, 0xdc, 0x08,
 0x58, 0x73, 0x63, 0x72, 0x03, 0x2f, 0x04, 0x08,
 0x59, 0x41, 0x63, 0x79, 0x03, 0x07, 0x04, 0x08,
 0x59, 0x49, 0x63, 0x79, 0x03, 0x2e, 0x04, 0x08,
 0x59, 0x55, 0x63, 0x79, 0x02, 0xdd, 0x0c, 0x59,
 0x61, 0x63, 0x75, 0x74, 0x65, 0x03, 0x76, 0x01,
 0x0a, 0x59, 0x63, 0x69, 0x72, 0x63, 0x03, 0x2b,
 0x04, 0x06, 0x59, 0x63, 0x79, 0x05, 0x35, 0xd8,
 0x1c, 0xdd, 0x06, 0x59, 0x66, 0x72, 0x05, 0x35,
 0xd8, 0x50, 0xdd, 0x08, 0x59, 0x6f, 0x70, 0x66,
 0x05, 0x35, 0xd8, 0xb4, 0xdc, 0x08, 0x59, 0x73,
 0x63, 0x72, 0x03, 0x78, 0x01, 0x08, 0x59, 0x75,
 0x6d, 0x6c, 0x03, 0x16, 0x04, 0x08, 0x5a, 0x48,
 0x63, 0x79, 0x03, 0x79, 0x01, 0x0c, 0x5a, 0x61,
 0x63, 0x75, 0x74, 0x65, 0x03, 0x7d, 0x01, 0x0c,
 0x5a, 0x63, 0x61, 0x72, 0x6f, 0x6e, 0x03, 0x17,
 0x04, 0x06, 0x5a, 0x63, 0x79, 0x03, 0x7b, 0x01,
 0x08, 0x5a, 0x64, 0x6f, 0x74, 0x1c, 0x5a, 0x65,
 0x72, 0x6f, 0x57, 0x69, 0x64, 0x74, 0x68, 0x53,
 0x70, 0x61, 0x63, 0x65, 0x03, 0x96, 0x03, 0x08,
 0x5a, 0x65, 0x74, 0x61, 0x03, 0x28, 0x21, 0x06,
 0x5a, 0x66, 0x72, 0x03, 0x24, 0x21, 0x08, 0x5a,
 0x6f, 0x70, 0x66, 0x05, 0x35, 0xd8, 0xb5, 0xdc,
 0x08, 0x5a, 0x73, 0x63, 0x72, 0x02, 0xe1, 0x0c,
 0x61, 0x61, 0x63, 0x75, 0x74, 0x65, 0x03, 0x03,
 0x01, 0x0c, 0x61, 0x62, 0x72, 0x65, 0x76, 0x65,
 0x03, 0x3e, 0x22, 0x04, 0x61, 0x63, 0x05, 0x3e,
 0x22, 0x33, 0x03, 0x06, 0x61, 0x63, 0x45, 0x03,
 0x3f, 0x22, 0x06, 0x61, 0x63, 0x64, 0x02, 0xe2,
 0x0a, 0x61, 0x63, 0x69, 0x72, 0x63, 0x0a, 0x61,
 0x63, 0x75, 0x74, 0x65, 0x03, 0x30, 0x04, 0x06,
 0x61, 0x63, 0x79, 0x02, 0xe6, 0x0a, 0x61, 0x65,
 0x6c, 0x69, 0x67, 0x04, 0x61, 0x66, 0x05, 0x35,
 0xd8, 0x1e, 0xdd, 0x06, 0x61, 0x66, 0x72, 0x02,
 0xe0, 0x0c, 0x61, 0x67, 0x72, 0x61, 0x76, 0x65,
 0x03, 0x35, 0x21, 0x0e, 0x61, 0x6c, 0x65, 0x66,
 0x73, 0x79, 0x6d, 0x0a, 0x61, 0x6c, 0x65, 0x70,
 0x68, 0x03, 0xb1, 0x03, 0x0a, 0x61, 0x6c, 0x70,
 0x68, 0x61, 0x03, 0x01, 0x01, 0x0a, 0x61, 0x6d,
 0x61, 0x63, 0x72, 0x03, 0x3f, 0x2a, 0x0a, 0x61,
 0x6d, 0x61, 0x6c, 0x67, 0x06, 0x61, 0x6d, 0x70,
 0x03, 0x27, 0x22, 0x06, 0x61, 0x6e, 0x64, 0x03,
 0x55, 0x2a, 0x0c, 0x61, 0x6e, 0x64, 0x61, 0x6e,
 0x64, 0x03, 0x5c, 0x2a, 0x08, 0x61, 0x6e, 0x64,
 0x64, 0x03, 0x58, 0x2a, 0x10, 0x61, 0x6e, 0x64,
 0x73, 0x6c, 0x6f, 0x70, 0x65, 0x03, 0x5a, 0x2a,
 0x08, 0x61, 0x6e, 0x64, 0x76, 0x03, 0x20, 0x22,
 0x06, 0x61, 0x6e, 0x67, 0x03, 0xa4, 0x29, 0x08,
 0x61, 0x6e, 0x67, 0x65, 0x0a, 0x61, 0x6e, 0x67,
 0x6c, 0x65, 0x03, 0x21, 0x22, 0x0c, 0x61, 0x6e,
 0x67, 0x6d, 0x73, 0x64, 0x03, 0xa8, 0x29, 0x10,
 0x61, 0x6e, 0x67, 0x6d, 0x73, 0x64, 0x61, 0x61,
 0x03, 0xa9, 0x29, 0x10, 0x61, 0x6e, 0x67, 0x6d,
 0x73, 0x64, 0x61, 0x62, 0x03, 0xaa, 0x29, 0x10,
 0x61, 0x6e, 0x67, 0x6d, 0x73, 0x64, 0x61, 0x63,
 0x03, 0xab, 0x29, 0x10, 0x61, 0x6e, 0x67, 0x6d,
 0x73, 0x64, 0x61, 0x64, 0x03, 0xac, 0x29, 0x10,
 0x61, 0x6e, 0x67, 0x6d, 0x73, 0x64, 0x61, 0x65,
 0x03, 0xad, 0x29, 0x10, 0x61, 0x6e, 0x67, 0x6d,
 0x73, 0x64, 0x61, 0x66, 0x03, 0xae, 0x29, 0x10,
 0x61, 0x6e, 0x67, 0x6d, 0x73, 0x64, 0x61, 0x67,
 0x03, 0xaf, 0x29, 0x10, 0x61, 0x6e, 0x67, 0x6d,
 0x73, 0x64, 0x61, 0x68, 0x03, 0x1f, 0x22, 0x0a,
 0x61, 0x6e, 0x67, 0x72, 0x74, 0x03, 0xbe, 0x22,
 0x0e, 0x61, 0x6e, 0x67, 0x72, 0x74, 0x76, 0x62,
 0x03, 0x9d, 0x29, 0x10, 0x61, 0x6e, 0x67, 0x72,
 0x74, 0x76, 0x62, 0x64, 0x03, 0x22, 0x22, 0x0c,
 0x61, 0x6e, 0x67, 0x73, 0x70, 0x68, 0x0a, 0x61,
 0x6e, 0x67, 0x73, 0x74, 0x03, 0x7c, 0x23, 0x0e,
 0x61, 0x6e, 0x67, 0x7a, 0x61, 0x72, 0x72, 0x03,
 0x05, 0x01, 0x0a, 0x61, 0x6f, 0x67, 0x6f, 0x6e,
 0x05, 0x35, 0xd8, 0x52, 0xdd, 0x08, 0x61, 0x6f,
 0x70, 0x66, 0x04, 0x61, 0x70, 0x03, 0x70, 0x2a,
 0x06, 0x61, 0x70, 0x45, 0x03, 0x6f, 0x2a, 0x0c,
 0x61, 0x70, 0x61, 0x63, 0x69, 0x72, 0x03, 0x4a,
 0x22, 0x06, 0x61, 0x70, 0x65, 0x03, 0x4b, 0x22,
 0x08, 0x61, 0x70, 0x69, 0x64, 0x08, 0x61, 0x70,
 0x6f, 0x73, 0x0c, 0x61, 0x70, 0x70, 0x72, 0x6f,
 0x78, 0x10, 0x61, 0x70, 0x70, 0x72, 0x6f, 0x78,
 0x65, 0x71, 0x02, 0xe5, 0x0a, 0x61, 0x72, 0x69,
 0x6e, 0x67, 0x05, 0x35, 0xd8, 0xb6, 0xdc, 0x08,
 0x61, 0x73, 0x63, 0x72, 0x06, 0x61, 0x73, 0x74,
 0x0a, 0x61, 0x73, 0x79, 0x6d, 0x70, 0x0e, 0x61,
 0x73, 0x79, 0x6d, 0x70, 0x65, 0x71, 0x02, 0xe3,
 0x0c, 0x61, 0x74, 0x69, 0x6c, 0x64, 0x65, 0x02,
 0xe4, 0x08, 0x61, 0x75, 0x6d, 0x6c, 0x10, 0x61,
 0x77, 0x63, 0x6f, 0x6e, 0x69, 0x6e, 0x74, 0x03,
 0x11, 0x2a, 0x0a, 0x61, 0x77, 0x69, 0x6e, 0x74,
 0x03, 0xed, 0x2a, 0x08, 0x62, 0x4e, 0x6f, 0x74,
 0x03, 0x4c, 0x22, 0x10, 0x62, 0x61, 0x63, 0x6b,
 0x63, 0x6f, 0x6e, 0x67, 0x03, 0xf6, 0x03, 0x16,
 0x62, 0x61, 0x63, 0x6b, 0x65, 0x70, 0x73, 0x69,
 0x6c, 0x6f, 0x6e, 0x03, 0x35, 0x20, 0x12, 0x62,
 0x61, 0x63, 0x6b, 0x70, 0x72, 0x69, 0x6d, 0x65,
 0x03, 0x3d, 0x22, 0x0e, 0x62, 0x61, 0x63, 0x6b,
 0x73, 0x69, 0x6d, 0x03, 0xcd, 0x22, 0x12, 0x62,
 0x61, 0x63, 0x6b, 0x73, 0x69, 0x6d, 0x65, 0x71,
 0x03, 0xbd, 0x22, 0x0c, 0x62, 0x61, 0x72, 0x76,
 0x65, 0x65, 0x03, 0x05, 0x23, 0x0c, 0x62, 0x61,
 0x72, 0x77, 0x65, 0x64, 0x10, 0x62, 0x61, 0x72,
 0x77, 0x65, 0x64, 0x67, 0x65, 0x08, 0x62, 0x62,
 0x72, 0x6b, 0x03, 0xb6, 0x23, 0x10, 0x62, 0x62,
 0x72, 0x6b, 0x74, 0x62, 0x72, 0x6b, 0x0a, 0x62,
 0x63, 0x6f, 0x6e, 0x67, 0x03, 0x31, 0x04, 0x06,
 0x62, 0x63, 0x79, 0x03, 0x1e, 0x20, 0x0a, 0x62,
 0x64, 0x71, 0x75, 0x6f, 0x0c, 0x62, 0x65, 0x63,
 0x61, 0x75, 0x73, 0x0e, 0x62, 0x65, 0x63, 0x61,
 0x75, 0x73, 0x65, 0x03, 0xb0, 0x29, 0x0e, 0x62,
 0x65, 0x6d, 0x70, 0x74, 0x79, 0x76, 0x0a, 0x62,
 0x65, 0x70, 0x73, 0x69, 0x0c, 0x62, 0x65, 0x72,
 0x6e, 0x6f, 0x75, 0x03, 0xb2, 0x03, 0x08, 0x62,
 0x65, 0x74, 0x61, 0x03, 0x36, 0x21, 0x08, 0x62,
 0x65, 0x74, 0x68, 0x03, 0x6c, 0x22, 0x0e, 0x62,
 0x65, 0x74, 0x77, 0x65, 0x65, 0x6e, 0x05, 0x35,
 0xd8, 0x1f, 0xdd, 0x06, 0x62, 0x66, 0x72, 0x0c,
 0x62, 0x69, 0x67, 0x63, 0x61, 0x70, 0x03, 0xef,
 0x25, 0x0e, 0x62, 0x69, 0x67, 0x63, 0x69, 0x72,
 0x63, 0x0c, 0x62, 0x69, 0x67, 0x63, 0x75, 0x70,
 0x03, 0x00, 0x2a, 0x0e, 0x62, 0x69, 0x67, 0x6f,
 0x64, 0x6f, 0x74, 0x03, 0x01, 0x2a, 0x10, 0x62,
 0x69, 0x67, 0x6f, 0x70, 0x6c, 0x75, 0x73, 0x03,
 0x02, 0x2a, 0x12, 0x62, 0x69, 0x67, 0x6f, 0x74,
 0x69, 0x6d, 0x65, 0x73, 0x03, 0x06, 0x2a, 0x10,
 0x62, 0x69, 0x67, 0x73, 0x71, 0x63, 0x75, 0x70,
 0x03, 0x05, 0x26, 0x0e, 0x62, 0x69, 0x67, 0x73,
 0x74, 0x61, 0x72, 0x03, 0xbd, 0x25, 0x1e, 0x62,
 0x69, 0x67, 0x74, 0x72, 0x69, 0x61, 0x6e, 0x67,
 0x6c, 0x65, 0x64, 0x6f, 0x77, 0x6e, 0x03, 0xb3,
 0x25, 0x1a, 0x62, 0x69, 0x67, 0x74, 0x72, 0x69,
 0x61, 0x6e, 0x67, 0x6c, 0x65, 0x75, 0x70, 0x03,
 0x04, 0x2a, 0x10, 0x62, 0x69, 0x67, 0x75, 0x70,
 0x6c, 0x75, 0x73, 0x0c, 0x62, 0x69, 0x67, 0x76,
 0x65, 0x65, 0x10, 0x62, 0x69, 0x67, 0x77, 0x65,
 0x64, 0x67, 0x65, 0x03, 0x0d, 0x29, 0x0c, 0x62,
 0x6b, 0x61, 0x72, 0x6f, 0x77, 0x03, 0xeb, 0x29,
 0x18, 0x62, 0x6c, 0x61, 0x63, 0x6b, 0x6c, 0x6f,
 0x7a, 0x65, 0x6e, 0x67, 0x65, 0x16, 0x62, 0x6c,
 0x61, 0x63, 0x6b, 0x73, 0x71, 0x75, 0x61, 0x72,
 0x65, 0x03, 0xb4, 0x25, 0x1a, 0x62, 0x6c, 0x61,
 0x63, 0x6b, 0x74, 0x72, 0x69, 0x61, 0x6e, 0x67,
 0x6c, 0x65, 0x03, 0xbe, 0x25, 0x22, 0x62, 0x6c,
 0x61, 0x63, 0x6b, 0x74, 0x72, 0x69, 0x61, 0x6e,
 0x67, 0x6c, 0x65, 0x64, 0x6f, 0x77, 0x6e, 0x03,
 0xc2, 0x25, 0x22, 0x62, 0x6c, 0x61, 0x63, 0x6b,
 0x74, 0x72, 0x69, 0x61, 0x6e, 0x67, 0x6c, 0x65,
 0x6c, 0x65, 0x66, 0x74, 0x03, 0xb8, 0x25, 0x24,
 0x62, 0x6c, 0x61, 0x63, 0x6b, 0x74, 0x72, 0x69,
 0x61, 0x6e, 0x67, 0x6c, 0x65, 0x72, 0x69, 0x67,
 0x68, 0x74, 0x03, 0x23, 0x24, 0x0a, 0x62, 0x6c,
 0x61, 0x6e, 0x6b, 0x03, 0x92, 0x25, 0x0a, 0x62,
 0x6c, 0x6b, 0x31, 0x32, 0x03, 0x91, 0x25, 0x0a,
 0x62, 0x6c, 0x6b, 0x31, 0x34, 0x03, 0x93, 0x25,
 0x0a, 0x62, 0x6c, 0x6b, 0x33, 0x34, 0x03, 0x88,
 0x25, 0x0a, 0x62, 0x6c, 0x6f, 0x63, 0x6b, 0x05,
 0x3d, 0x00, 0xe5, 0x20, 0x06, 0x62, 0x6e, 0x65,
 0x05, 0x61, 0x22, 0xe5, 0x20, 0x0e, 0x62, 0x6e,
 0x65, 0x71, 0x75, 0x69, 0x76, 0x03, 0x10, 0x23,
 0x08, 0x62, 0x6e, 0x6f, 0x74, 0x05, 0x35, 0xd8,
 0x53, 0xdd, 0x08, 0x62, 0x6f, 0x70, 0x66, 0x06,
 0x62, 0x6f, 0x74, 0x0c, 0x62, 0x6f, 0x74, 0x74,
 0x6f, 0x6d, 0x03, 0xc8, 0x22, 0x0c, 0x62, 0x6f,
 0x77, 0x74, 0x69, 0x65, 0x03, 0x57, 0x25, 0x0a,
 0x62, 0x6f, 0x78, 0x44, 0x4c, 0x03, 0x54, 0x25,
 0x0a, 0x62, 0x6f, 0x78, 0x44, 0x52, 0x03, 0x56,
 0x25, 0x0a, 0x62, 0x6f, 0x78, 0x44, 0x6c, 0x03,
 0x53, 0x25, 0x0a, 0x62, 0x6f, 0x78, 0x44, 0x72,
 0x03, 0x50, 0x25, 0x08, 0x62, 0x6f, 0x78, 0x48,
 0x03, 0x66, 0x25, 0x0a, 0x62, 0x6f, 0x78, 0x48,
 0x44, 0x03, 0x69, 0x25, 0x0a, 0x62, 0x6f, 0x78,
 0x48, 0x55, 0x03, 0x64, 0x25, 0x0a, 0x62, 0x6f,
 0x78, 0x48, 0x64, 0x03, 0x67, 0x25, 0x0a, 0x62,
 0x6f, 0x78, 0x48, 0x75, 0x03, 0x5d, 0x25, 0x0a,
 0x62, 0x6f, 0x78, 0x55, 0x4c, 0x03, 0x5a, 0x25,
 0x0a, 0x62, 0x6f, 0x78, 0x55, 0x52, 0x03, 0x5c,
 0x25, 0x0a, 0x62, 0x6f, 0x78, 0x55, 0x6c, 0x03,
 0x59, 0x25, 0x0a, 0x62, 0x6f, 0x78, 0x55, 0x72,
 0x03, 0x51, 0x25, 0x08, 0x62, 0x6f, 0x78, 0x56,
 0x03, 0x6c, 0x25, 0x0a, 0x62, 0x6f, 0x78, 0x56,
 0x48, 0x03, 0x63, 0x25, 0x0a, 0x62, 0x6f, 0x78,
 0x56, 0x4c, 0x03, 0x60, 0x25, 0x0a, 0x62, 0x6f,
 0x78, 0x56, 0x52, 0x03, 0x6b, 0x25, 0x0a, 0x62,
 0x6f, 0x78, 0x56, 0x68, 0x03, 0x62, 0x25, 0x0a,
 0x62, 0x6f, 0x78, 0x56, 0x6c, 0x03, 0x5f, 0x25,
 0x0a, 0x62, 0x6f, 0x78, 0x56, 0x72, 0x03, 0xc9,
 0x29, 0x0c, 0x62, 0x6f, 0x78, 0x62, 0x6f, 0x78,
 0x03, 0x55, 0x25, 0x0a, 0x62, 0x6f, 0x78, 0x64,
 0x4c, 0x03, 0x52, 0x25, 0x0a, 0x62, 0x6f, 0x78,
 0x64, 0x52, 0x03, 0x10, 0x25, 0x0a, 0x62, 0x6f,
 0x78, 0x64, 0x6c, 0x03, 0x0c, 0x25, 0x0a, 0x62,
 0x6f, 0x78, 0x64, 0x72, 0x08, 0x62, 0x6f, 0x78,
 0x68, 0x03, 0x65, 0x25, 0x0a, 0x62, 0x6f, 0x78,
 0x68, 0x44, 0x03, 0x68, 0x25, 0x0a, 0x62, 0x6f,
 0x78, 0x68, 0x55, 0x03, 0x2c, 0x25, 0x0a, 0x62,
 0x6f, 0x78, 0x68, 0x64, 0x03, 0x34, 0x25, 0x0a,
 0x62, 0x6f, 0x78, 0x68, 0x75, 0x03, 0x9f, 0x22,
 0x10, 0x62, 0x6f, 0x78, 0x6d, 0x69, 0x6e, 0x75,
 0x73, 0x03, 0x9e, 0x22, 0x0e, 0x62, 0x6f, 0x78,
 0x70, 0x6c, 0x75, 0x73, 0x03, 0xa0, 0x22, 0x10,
 0x62, 0x6f, 0x78, 0x74, 0x69, 0x6d, 0x65, 0x73,
 0x03, 0x5b, 0x25, 0x0a, 0x62, 0x6f, 0x78, 0x75,
 0x4c, 0x03, 0x58, 0x25, 0x0a, 0x62, 0x6f, 0x78,
 0x75, 0x52, 0x03, 0x18, 0x25, 0x0a, 0x62, 0x6f,
 0x78, 0x75, 0x6c, 0x03, 0x14, 0x25, 0x0a, 0x62,
 0x6f, 0x78, 0x75, 0x72, 0x03, 0x02, 0x25, 0x08,
 0x62, 0x6f, 0x78, 0x76, 0x03, 0x6a, 0x25, 0x0a,
 0x62, 0x6f, 0x78, 0x76, 0x48, 0x03, 0x61, 0x25,
 0x0a, 0x62, 0x6f, 0x78, 0x76, 0x4c, 0x03, 0x5e,
 0x25, 0x0a, 0x62, 0x6f, 0x78, 0x76, 0x52, 0x03,
 0x3c, 0x25, 0x0a, 0x62, 0x6f, 0x78, 0x76, 0x68,
 0x03, 0x24, 0x25, 0x0a, 0x62, 0x6f, 0x78, 0x76,
 0x6c, 0x03, 0x1c, 0x25, 0x0a, 0x62, 0x6f, 0x78,
 0x76, 0x72, 0x0c, 0x62, 0x70, 0x72, 0x69, 0x6d,
 0x65, 0x0a, 0x62, 0x72, 0x65, 0x76, 0x65, 0x02,
 0xa6, 0x0c, 0x62, 0x72, 0x76, 0x62, 0x61, 0x72,
 0x05, 0x35, 0xd8, 0xb7, 0xdc, 0x08, 0x62, 0x73,
 0x63, 0x72, 0x03, 0x4f, 0x20, 0x0a, 0x62, 0x73,
 0x65, 0x6d, 0x69, 0x08, 0x62, 0x73, 0x69, 0x6d,
 0x0a, 0x62, 0x73, 0x69, 0x6d, 0x65, 0x02, 0x5c,
 0x08, 0x62, 0x73, 0x6f, 0x6c, 0x03, 0xc5, 0x29,
 0x0a, 0x62, 0x73, 0x6f, 0x6c, 0x62, 0x03, 0xc8,
 0x27, 0x10, 0x62, 0x73, 0x6f, 0x6c, 0x68, 0x73,
 0x75, 0x62, 0x03, 0x22, 0x20, 0x08, 0x62, 0x75,
 0x6c, 0x6c, 0x0c, 0x62, 0x75, 0x6c, 0x6c, 0x65,
 0x74, 0x08, 0x62, 0x75, 0x6d, 0x70, 0x03, 0xae,
 0x2a, 0x0a, 0x62, 0x75, 0x6d, 0x70, 0x45, 0x0a,
 0x62, 0x75, 0x6d, 0x70, 0x65, 0x0c, 0x62, 0x75,
 0x6d, 0x70, 0x65, 0x71, 0x03, 0x07, 0x01, 0x0c,
 0x63, 0x61, 0x63, 0x75, 0x74, 0x65, 0x03, 0x29,
 0x22, 0x06, 0x63, 0x61, 0x70, 0x03, 0x44, 0x2a,
 0x0c, 0x63, 0x61, 0x70, 0x61, 0x6e, 0x64, 0x03,
 0x49, 0x2a, 0x10, 0x63, 0x61, 0x70, 0x62, 0x72,
 0x63, 0x75, 0x70, 0x03, 0x4b, 0x2a, 0x0c, 0x63,
 0x61, 0x70, 0x63, 0x61, 0x70, 0x03, 0x47, 0x2a,
 0x0c, 0x63, 0x61, 0x70, 0x63, 0x75, 0x70, 0x03,
 0x40, 0x2a, 0x0c, 0x63, 0x61, 0x70, 0x64, 0x6f,
 0x74, 0x05, 0x29, 0x22, 0x00, 0xfe, 0x08, 0x63,
 0x61, 0x70, 0x73, 0x03, 0x41, 0x20, 0x0a, 0x63,
 0x61, 0x72, 0x65, 0x74, 0x0a, 0x63, 0x61, 0x72,
 0x6f, 0x6e, 0x03, 0x4d, 0x2a, 0x0a, 0x63, 0x63,
 0x61, 0x70, 0x73, 0x03, 0x0d, 0x01, 0x0c, 0x63,
 0x63, 0x61, 0x72, 0x6f, 0x6e, 0x02, 0xe7, 0x0c,
 0x63, 0x63, 0x65, 0x64, 0x69, 0x6c, 0x03, 0x09,
 0x01, 0x0a, 0x63, 0x63, 0x69, 0x72, 0x63, 0x03,
 0x4c, 0x2a, 0x0a, 0x63, 0x63, 0x75, 0x70, 0x73,
 0x03, 0x50, 0x2a, 0x0e, 0x63, 0x63, 0x75, 0x70,
 0x73, 0x73, 0x6d, 0x03, 0x0b, 0x01, 0x08, 0x63,
 0x64, 0x6f, 0x74, 0x0a, 0x63, 0x65, 0x64, 0x69,
 0x6c, 0x03, 0xb2, 0x29, 0x0e, 0x63, 0x65, 0x6d,
 0x70, 0x74, 0x79, 0x76, 0x02, 0xa2, 0x08, 0x63,
 0x65, 0x6e, 0x74, 0x12, 0x63, 0x65, 0x6e, 0x74,
 0x65, 0x72, 0x64, 0x6f, 0x74, 0x05, 0x35, 0xd8,
 0x20, 0xdd, 0x06, 0x63, 0x66, 0x72, 0x03, 0x47,
 0x04, 0x08, 0x63, 0x68, 0x63, 0x79, 0x03, 0x13,
 0x27, 0x0a, 0x63, 0x68, 0x65, 0x63, 0x6b, 0x12,
 0x63, 0x68, 0x65, 0x63, 0x6b, 0x6d, 0x61, 0x72,
 0x6b, 0x03, 0xc7, 0x03, 0x06, 0x63, 0x68, 0x69,
 0x03, 0xcb, 0x25, 0x06, 0x63, 0x69, 0x72, 0x03,
 0xc3, 0x29, 0x08, 0x63, 0x69, 0x72, 0x45, 0x03,
 0xc6, 0x02, 0x08, 0x63, 0x69, 0x72, 0x63, 0x03,
 0x57, 0x22, 0x0c, 0x63, 0x69, 0x72, 0x63, 0x65,
 0x71, 0x03, 0xba, 0x21, 0x1e, 0x63, 0x69, 0x72,
 0x63, 0x6c, 0x65, 0x61, 0x72, 0x72, 0x6f, 0x77,
 0x6c, 0x65, 0x66, 0x74, 0x03, 0xbb, 0x21, 0x20,
 0x63, 0x69, 0x72, 0x63, 0x6c, 0x65, 0x61, 0x72,
 0x72, 0x6f, 0x77, 0x72, 0x69, 0x67, 0x68, 0x74,
 0x10, 0x63, 0x69, 0x72, 0x63, 0x6c, 0x65, 0x64,
 0x52, 0x03, 0xc8, 0x24, 0x10, 0x63, 0x69, 0x72,
 0x63, 0x6c, 0x65, 0x64, 0x53, 0x03, 0x9b, 0x22,
 0x14, 0x63, 0x69, 0x72, 0x63, 0x6c, 0x65, 0x64,
 0x61, 0x73, 0x74, 0x03, 0x9a, 0x22, 0x16, 0x63,
 0x69, 0x72, 0x63, 0x6c, 0x65, 0x64, 0x63, 0x69,
 0x72, 0x63, 0x03, 0x9d, 0x22, 0x16, 0x63, 0x69,
 0x72, 0x63, 0x6c, 0x65, 0x64, 0x64, 0x61, 0x73,
 0x68, 0x08, 0x63, 0x69, 0x72, 0x65, 0x03, 0x10,
 0x2a, 0x10, 0x63, 0x69, 0x72, 0x66, 0x6e, 0x69,
 0x6e, 0x74, 0x03, 0xef, 0x2a, 0x0c, 0x63, 0x69,
 0x72, 0x6d, 0x69, 0x64, 0x03, 0xc2, 0x29, 0x0e,
 0x63, 0x69, 0x72, 0x73, 0x63, 0x69, 0x72, 0x03,
 0x63, 0x26, 0x0a, 0x63, 0x6c, 0x75, 0x62, 0x73,
 0x10, 0x63, 0x6c, 0x75, 0x62, 0x73, 0x75, 0x69,
 0x74, 0x0a, 0x63, 0x6f, 0x6c, 0x6f, 0x6e, 0x0c,
 0x63, 0x6f, 0x6c, 0x6f, 0x6e, 0x65, 0x0e, 0x63,
 0x6f, 0x6c, 0x6f, 0x6e, 0x65, 0x71, 0x0a, 0x63,
 0x6f, 0x6d, 0x6d, 0x61, 0x0c, 0x63, 0x6f, 0x6d,
 0x6d, 0x61, 0x74, 0x03, 0x01, 0x22, 0x08, 0x63,
 0x6f, 0x6d, 0x70, 0x0c, 0x63, 0x6f, 0x6d, 0x70,
 0x66, 0x6e, 0x14, 0x63, 0x6f, 0x6d, 0x70, 0x6c,
 0x65, 0x6d, 0x65, 0x6e, 0x74, 0x12, 0x63, 0x6f,
 0x6d, 0x70, 0x6c, 0x65, 0x78, 0x65, 0x73, 0x08,
 0x63, 0x6f, 0x6e, 0x67, 0x03, 0x6d, 0x2a, 0x0e,
 0x63, 0x6f, 0x6e, 0x67, 0x64, 0x6f, 0x74, 0x0c,
 0x63, 0x6f, 0x6e, 0x69, 0x6e, 0x74, 0x05, 0x35,
 0xd8, 0x54, 0xdd, 0x08, 0x63, 0x6f, 0x70, 0x66,
 0x0c, 0x63, 0x6f, 0x70, 0x72, 0x6f, 0x64, 0x08,
 0x63, 0x6f, 0x70, 0x79, 0x03, 0x17, 0x21, 0x0c,
 0x63, 0x6f, 0x70, 0x79, 0x73, 0x72, 0x03, 0xb5,
 0x21, 0x0a, 0x63, 0x72, 0x61, 0x72, 0x72, 0x03,
 0x17, 0x27, 0x0a, 0x63, 0x72, 0x6f, 0x73, 0x73,
 0x05, 0x35, 0xd8, 0xb8, 0xdc, 0x08, 0x63, 0x73,
 0x63, 0x72, 0x03, 0xcf, 0x2a, 0x08, 0x63, 0x73,
 0x75, 0x62, 0x03, 0xd1, 0x2a, 0x0a, 0x63, 0x73,
 0x75, 0x62, 0x65, 0x03, 0xd0, 0x2a, 0x08, 0x63,
 0x73, 0x75, 0x70, 0x03, 0xd2, 0x2a, 0x0a, 0x63,
 0x73, 0x75, 0x70, 0x65, 0x03, 0xef, 0x22, 0x0a,
 0x63, 0x74, 0x64, 0x6f, 0x74, 0x03, 0x38, 0x29,
 0x0e, 0x63, 0x75, 0x64, 0x61, 0x72, 0x72, 0x6c,
 0x03, 0x35, 0x29, 0x0e, 0x63, 0x75, 0x64, 0x61,
 0x72, 0x72, 0x72, 0x03, 0xde, 0x22, 0x0a, 0x63,
 0x75, 0x65, 0x70, 0x72, 0x03, 0xdf, 0x22, 0x0a,
 0x63, 0x75, 0x65, 0x73, 0x63, 0x03, 0xb6, 0x21,
 0x0c, 0x63, 0x75, 0x6c, 0x61, 0x72, 0x72, 0x03,
 0x3d, 0x29, 0x0e, 0x63, 0x75, 0x6c, 0x61, 0x72,
 0x72, 0x70, 0x03, 0x2a, 0x22, 0x06, 0x63, 0x75,
 0x70, 0x03, 0x48, 0x2a, 0x10, 0x63, 0x75, 0x70,
 0x62, 0x72, 0x63, 0x61, 0x70, 0x03, 0x46, 0x2a,
 0x0c, 0x63, 0x75, 0x70, 0x63, 0x61, 0x70, 0x03,
 0x4a, 0x2a, 0x0c, 0x63, 0x75, 0x70, 0x63, 0x75,
 0x70, 0x03, 0x8d, 0x22, 0x0c, 0x63, 0x75, 0x70,
 0x64, 0x6f, 0x74, 0x03, 0x45, 0x2a, 0x0a, 0x63,
 0x75, 0x70, 0x6f, 0x72, 0x05, 0x2a, 0x22, 0x00,
 0xfe, 0x08, 0x63, 0x75, 0x70, 0x73, 0x03, 0xb7,
 0x21, 0x0c, 0x63, 0x75, 0x72, 0x61, 0x72, 0x72,
 0x03, 0x3c, 0x29, 0x0e, 0x63, 0x75, 0x72, 0x61,
 0x72, 0x72, 0x6d, 0x16, 0x63, 0x75, 0x72, 0x6c,
 0x79, 0x65, 0x71, 0x70, 0x72, 0x65, 0x63, 0x16,
 0x63, 0x75, 0x72, 0x6c, 0x79, 0x65, 0x71, 0x73,
 0x75, 0x63, 0x63, 0x03, 0xce, 0x22, 0x10, 0x63,
 0x75, 0x72, 0x6c, 0x79, 0x76, 0x65, 0x65, 0x03,
 0xcf, 0x22, 0x14, 0x63, 0x75, 0x72, 0x6c, 0x79,
 0x77, 0x65, 0x64, 0x67, 0x65, 0x02, 0xa4, 0x0c,
 0x63, 0x75, 0x72, 0x72, 0x65, 0x6e, 0x1c, 0x63,
 0x75, 0x72, 0x76, 0x65, 0x61, 0x72, 0x72, 0x6f,
 0x77, 0x6c, 0x65, 0x66, 0x74, 0x1e, 0x63, 0x75,
 0x72, 0x76, 0x65, 0x61, 0x72, 0x72, 0x6f, 0x77,
 0x72, 0x69, 0x67, 0x68, 0x74, 0x0a, 0x63, 0x75,
 0x76, 0x65, 0x65, 0x0a, 0x63, 0x75, 0x77, 0x65,
 0x64, 0x10, 0x63, 0x77, 0x63, 0x6f, 0x6e, 0x69,
 0x6e, 0x74, 0x03, 0x31, 0x22, 0x0a, 0x63, 0x77,
 0x69, 0x6e, 0x74, 0x03, 0x2d, 0x23, 0x0c, 0x63,
 0x79, 0x6c, 0x63, 0x74, 0x79, 0x08, 0x64, 0x41,
 0x72, 0x72, 0x03, 0x65, 0x29, 0x08, 0x64, 0x48,
 0x61, 0x72, 0x03, 0x20, 0x20, 0x0c, 0x64, 0x61,
 0x67, 0x67, 0x65, 0x72, 0x03, 0x38, 0x21, 0x0c,
 0x64, 0x61, 0x6c, 0x65, 0x74, 0x68, 0x08, 0x64,
 0x61, 0x72, 0x72, 0x03, 0x10, 0x20, 0x08, 0x64,
 0x61, 0x73, 0x68, 0x0a, 0x64, 0x61, 0x73, 0x68,
 0x76, 0x03, 0x0f, 0x29, 0x0e, 0x64, 0x62, 0x6b,
 0x61, 0x72, 0x6f, 0x77, 0x0a, 0x64, 0x62, 0x6c,
 0x61, 0x63, 0x03, 0x0f, 0x01, 0x0c, 0x64, 0x63,
 0x61, 0x72, 0x6f, 0x6e, 0x03, 0x34, 0x04, 0x06,
 0x64, 0x63, 0x79, 0x04, 0x64, 0x64, 0x0e, 0x64,
 0x64, 0x61, 0x67, 0x67, 0x65, 0x72, 0x03, 0xca,
 0x21, 0x0a, 0x64, 0x64, 0x61, 0x72, 0x72, 0x03,
 0x77, 0x2a, 0x0e, 0x64, 0x64, 0x6f, 0x74, 0x73,
 0x65, 0x71, 0x02, 0xb0, 0x06, 0x64, 0x65, 0x67,
 0x03, 0xb4, 0x03, 0x0a, 0x64, 0x65, 0x6c, 0x74,
 0x61, 0x03, 0xb1, 0x29, 0x0e, 0x64, 0x65, 0x6d,
 0x70, 0x74, 0x79, 0x76, 0x03, 0x7f, 0x29, 0x0c,
 0x64, 0x66, 0x69, 0x73, 0x68, 0x74, 0x05, 0x35,
 0xd8, 0x21, 0xdd, 0x06, 0x64, 0x66, 0x72, 0x0a,
 0x64, 0x68, 0x61, 0x72, 0x6c, 0x0a, 0x64, 0x68,
 0x61, 0x72, 0x72, 0x08, 0x64, 0x69, 0x61, 0x6d,
 0x0e, 0x64, 0x69, 0x61, 0x6d, 0x6f, 0x6e, 0x64,
 0x03, 0x66, 0x26, 0x16, 0x64, 0x69, 0x61, 0x6d,
 0x6f, 0x6e, 0x64, 0x73, 0x75, 0x69, 0x74, 0x0a,
 0x64, 0x69, 0x61, 0x6d, 0x73, 0x06, 0x64, 0x69,
 0x65, 0x03, 0xdd, 0x03, 0x0e, 0x64, 0x69, 0x67,
 0x61, 0x6d, 0x6d, 0x61, 0x03, 0xf2, 0x22, 0x0a,
 0x64, 0x69, 0x73, 0x69, 0x6e, 0x02, 0xf7, 0x06,
 0x64, 0x69, 0x76, 0x0c, 0x64, 0x69, 0x76, 0x69,
 0x64, 0x65, 0x03, 0xc7, 0x22, 0x1a, 0x64, 0x69,
 0x76, 0x69, 0x64, 0x65, 0x6f, 0x6e, 0x74, 0x69,
 0x6d, 0x65, 0x73, 0x0c, 0x64, 0x69, 0x76, 0x6f,
 0x6e, 0x78, 0x03, 0x52, 0x04, 0x08, 0x64, 0x6a,
 0x63, 0x79, 0x03, 0x1e, 0x23, 0x0c, 0x64, 0x6c,
 0x63, 0x6f, 0x72, 0x6e, 0x03, 0x0d, 0x23, 0x0c,
 0x64, 0x6c, 0x63, 0x72, 0x6f, 0x70, 0x02, 0x24,
 0x0c, 0x64, 0x6f, 0x6c, 0x6c, 0x61, 0x72, 0x05,
 0x35, 0xd8, 0x55, 0xdd, 0x08, 0x64, 0x6f, 0x70,
 0x66, 0x06, 0x64, 0x6f, 0x74, 0x0a, 0x64, 0x6f,
 0x74, 0x65, 0x71, 0x03, 0x51, 0x22, 0x10, 0x64,
 0x6f, 0x74, 0x65, 0x71, 0x64, 0x6f, 0x74, 0x03,
 0x38, 0x22, 0x10, 0x64, 0x6f, 0x74, 0x6d, 0x69,
 0x6e, 0x75, 0x73, 0x03, 0x14, 0x22, 0x0e, 0x64,
 0x6f, 0x74, 0x70, 0x6c, 0x75, 0x73, 0x03, 0xa1,
 0x22, 0x12, 0x64, 0x6f, 0x74, 0x73, 0x71, 0x75,
 0x61, 0x72, 0x65, 0x1c, 0x64, 0x6f, 0x75, 0x62,
 0x6c, 0x65, 0x62, 0x61, 0x72, 0x77, 0x65, 0x64,
 0x67, 0x65, 0x12, 0x64, 0x6f, 0x77, 0x6e, 0x61,
 0x72, 0x72, 0x6f, 0x77, 0x1c, 0x64, 0x6f, 0x77,
 0x6e, 0x64, 0x6f, 0x77, 0x6e, 0x61, 0x72, 0x72,
 0x6f, 0x77, 0x73, 0x1e, 0x64, 0x6f, 0x77, 0x6e,
 0x68, 0x61, 0x72, 0x70, 0x6f, 0x6f, 0x6e, 0x6c,
 0x65, 0x66, 0x74, 0x20, 0x64, 0x6f, 0x77, 0x6e,
 0x68, 0x61, 0x72, 0x70, 0x6f, 0x6f, 0x6e, 0x72,
 0x69, 0x67, 0x68, 0x74, 0x10, 0x64, 0x72, 0x62,
 0x6b, 0x61, 0x72, 0x6f, 0x77, 0x03, 0x1f, 0x23,
 0x0c, 0x64, 0x72, 0x63, 0x6f, 0x72, 0x6e, 0x03,
 0x0c, 0x23, 0x0c, 0x64, 0x72, 0x63, 0x72, 0x6f,
 0x70, 0x05, 0x35, 0xd8, 0xb9, 0xdc, 0x08, 0x64,
 0x73, 0x63, 0x72, 0x03, 0x55, 0x04, 0x08, 0x64,
 0x73, 0x63, 0x79, 0x03, 0xf6, 0x29, 0x08, 0x64,
 0x73, 0x6f, 0x6c, 0x03, 0x11, 0x01, 0x0c, 0x64,
 0x73, 0x74, 0x72, 0x6f, 0x6b, 0x03, 0xf1, 0x22,
 0x0a, 0x64, 0x74, 0x64, 0x6f, 0x74, 0x03, 0xbf,
 0x25, 0x08, 0x64, 0x74, 0x72, 0x69, 0x0a, 0x64,
 0x74, 0x72, 0x69, 0x66, 0x0a, 0x64, 0x75, 0x61,
 0x72, 0x72, 0x0a, 0x64, 0x75, 0x68, 0x61, 0x72,
 0x03, 0xa6, 0x29, 0x0e, 0x64, 0x77, 0x61, 0x6e,
 0x67, 0x6c, 0x65, 0x03, 0x5f, 0x04, 0x08, 0x64,
 0x7a, 0x63, 0x79, 0x03, 0xff, 0x27, 0x10, 0x64,
 0x7a, 0x69, 0x67, 0x72, 0x61, 0x72, 0x72, 0x0a,
 0x65, 0x44, 0x44, 0x6f, 0x74, 0x08, 0x65, 0x44,
 0x6f, 0x74, 0x02, 0xe9, 0x0c, 0x65, 0x61, 0x63,
 0x75, 0x74, 0x65, 0x03, 0x6e, 0x2a, 0x0c, 0x65,
 0x61, 0x73, 0x74, 0x65, 0x72, 0x03, 0x1b, 0x01,
 0x0c, 0x65, 0x63, 0x61, 0x72, 0x6f, 0x6e, 0x03,
 0x56, 0x22, 0x08, 0x65, 0x63, 0x69, 0x72, 0x02,
 0xea, 0x0a, 0x65, 0x63, 0x69, 0x72, 0x63, 0x03,
 0x55, 0x22, 0x0c, 0x65, 0x63, 0x6f, 0x6c, 0x6f,
 0x6e, 0x03, 0x4d, 0x04, 0x06, 0x65, 0x63, 0x79,
 0x03, 0x17, 0x01, 0x08, 0x65, 0x64, 0x6f, 0x74,
 0x04, 0x65, 0x65, 0x03, 0x52, 0x22, 0x0a, 0x65,
 0x66, 0x44, 0x6f, 0x74, 0x05, 0x35, 0xd8, 0x22,
 0xdd, 0x06, 0x65, 0x66, 0x72, 0x03, 0x9a, 0x2a,
 0x04, 0x65, 0x67, 0x02, 0xe8, 0x0c, 0x65, 0x67,
 0x72, 0x61, 0x76, 0x65, 0x03, 0x96, 0x2a, 0x06,
 0x65, 0x67, 0x73, 0x03, 0x98, 0x2a, 0x0c, 0x65,
 0x67, 0x73, 0x64, 0x6f, 0x74, 0x03, 0x99, 0x2a,
 0x04, 0x65, 0x6c, 0x03, 0xe7, 0x23, 0x10, 0x65,
 0x6c, 0x69, 0x6e, 0x74, 0x65, 0x72, 0x73, 0x03,
 0x13, 0x21, 0x06, 0x65, 0x6c, 0x6c, 0x03, 0x95,
 0x2a, 0x06, 0x65, 0x6c, 0x73, 0x03, 0x97, 0x2a,
 0x0c, 0x65, 0x6c, 0x73, 0x64, 0x6f, 0x74, 0x03,
 0x13, 0x01, 0x0a, 0x65, 0x6d, 0x61, 0x63, 0x72,
 0x03, 0x05, 0x22, 0x0a, 0x65, 0x6d, 0x70, 0x74,
 0x79, 0x10, 0x65, 0x6d, 0x70, 0x74, 0x79, 0x73,
 0x65, 0x74, 0x0c, 0x65, 0x6d, 0x70, 0x74, 0x79,
 0x76, 0x03, 0x04, 0x20, 0x0c, 0x65, 0x6d, 0x73,
 0x70, 0x31, 0x33, 0x03, 0x05, 0x20, 0x0c, 0x65,
 0x6d, 0x73, 0x70, 0x31, 0x34, 0x03, 0x03, 0x20,
 0x08, 0x65, 0x6d, 0x73, 0x70, 0x03, 0x4b, 0x01,
 0x06, 0x65, 0x6e, 0x67, 0x03, 0x02, 0x20, 0x08,
 0x65, 0x6e, 0x73, 0x70, 0x03, 0x19, 0x01, 0x0a,
 0x65, 0x6f, 0x67, 0x6f, 0x6e, 0x05, 0x35, 0xd8,
 0x56, 0xdd, 0x08, 0x65, 0x6f, 0x70, 0x66, 0x03,
 0xd5, 0x22, 0x08, 0x65, 0x70, 0x61, 0x72, 0x03,
 0xe3, 0x29, 0x0c, 0x65, 0x70, 0x61, 0x72, 0x73,
 0x6c, 0x03, 0x71, 0x2a, 0x0a, 0x65, 0x70, 0x6c,
 0x75, 0x73, 0x03, 0xb5, 0x03, 0x08, 0x65, 0x70,
 0x73, 0x69, 0x0e, 0x65, 0x70, 0x73, 0x69, 0x6c,
 0x6f, 0x6e, 0x03, 0xf5, 0x03, 0x0a, 0x65, 0x70,
 0x73, 0x69, 0x76, 0x0c, 0x65, 0x71, 0x63, 0x69,
 0x72, 0x63, 0x0e, 0x65, 0x71, 0x63, 0x6f, 0x6c,
 0x6f, 0x6e, 0x0a, 0x65, 0x71, 0x73, 0x69, 0x6d,
 0x14, 0x65, 0x71, 0x73, 0x6c, 0x61, 0x6e, 0x74,
 0x67, 0x74, 0x72, 0x16, 0x65, 0x71, 0x73, 0x6c,
 0x61, 0x6e, 0x74, 0x6c, 0x65, 0x73, 0x73, 0x0c,
 0x65, 0x71, 0x75, 0x61, 0x6c, 0x73, 0x03, 0x5f,
 0x22, 0x0c, 0x65, 0x71, 0x75, 0x65, 0x73, 0x74,
 0x0a, 0x65, 0x71, 0x75, 0x69, 0x76, 0x03, 0x78,
 0x2a, 0x0e, 0x65, 0x71, 0x75, 0x69, 0x76, 0x44,
 0x44, 0x03, 0xe5, 0x29, 0x10, 0x65, 0x71, 0x76,
 0x70, 0x61, 0x72, 0x73, 0x6c, 0x03, 0x53, 0x22,
 0x0a, 0x65, 0x72, 0x44, 0x6f, 0x74, 0x03, 0x71,
 0x29, 0x0a, 0x65, 0x72, 0x61, 0x72, 0x72, 0x03,
 0x2f, 0x21, 0x08, 0x65, 0x73, 0x63, 0x72, 0x0a,
 0x65, 0x73, 0x64, 0x6f, 0x74, 0x08, 0x65, 0x73,
 0x69, 0x6d, 0x03, 0xb7, 0x03, 0x06, 0x65, 0x74,
 0x61, 0x02, 0xf0, 0x06, 0x65, 0x74, 0x68, 0x02,
 0xeb, 0x08, 0x65, 0x75, 0x6d, 0x6c, 0x03, 0xac,
 0x20, 0x08, 0x65, 0x75, 0x72, 0x6f, 0x08, 0x65,
 0x78, 0x63, 0x6c, 0x0a, 0x65, 0x78, 0x69, 0x73,
 0x74, 0x16, 0x65, 0x78, 0x70, 0x65, 0x63, 0x74,
 0x61, 0x74, 0x69, 0x6f, 0x6e, 0x18, 0x65, 0x78,
 0x70, 0x6f, 0x6e, 0x65, 0x6e, 0x74, 0x69, 0x61,
 0x6c, 0x65, 0x1a, 0x66, 0x61, 0x6c, 0x6c, 0x69,
 0x6e, 0x67, 0x64, 0x6f, 0x74, 0x73, 0x65, 0x71,
 0x03, 0x44, 0x04, 0x06, 0x66, 0x63, 0x79, 0x03,
 0x40, 0x26, 0x0c, 0x66, 0x65, 0x6d, 0x61, 0x6c,
 0x65, 0x03, 0x03, 0xfb, 0x0c, 0x66, 0x66, 0x69,
 0x6c, 0x69, 0x67, 0x03, 0x00, 0xfb, 0x0a, 0x66,
 0x66, 0x6c, 0x69, 0x67, 0x03, 0x04, 0xfb, 0x0c,
 0x66, 0x66, 0x6c, 0x6c, 0x69, 0x67, 0x05, 0x35,
 0xd8, 0x23, 0xdd, 0x06, 0x66, 0x66, 0x72, 0x03,
 0x01, 0xfb, 0x0a, 0x66, 0x69, 0x6c, 0x69, 0x67,
 0x04, 0x66, 0x6a, 0x0a, 0x66, 0x6a, 0x6c, 0x69,
 0x67, 0x03, 0x6d, 0x26, 0x08, 0x66, 0x6c, 0x61,
 0x74, 0x03, 0x02, 0xfb, 0x0a, 0x66, 0x6c, 0x6c,
 0x69, 0x67, 0x03, 0xb1, 0x25, 0x0a, 0x66, 0x6c,
 0x74, 0x6e, 0x73, 0x03, 0x92, 0x01, 0x08, 0x66,
 0x6e, 0x6f, 0x66, 0x05, 0x35, 0xd8, 0x57, 0xdd,
 0x08, 0x66, 0x6f, 0x70, 0x66, 0x0c, 0x66, 0x6f,
 0x72, 0x61, 0x6c, 0x6c, 0x03, 0xd4, 0x22, 0x08,
 0x66, 0x6f, 0x72, 0x6b, 0x03, 0xd9, 0x2a, 0x0a,
 0x66, 0x6f, 0x72, 0x6b, 0x76, 0x03, 0x0d, 0x2a,
 0x10, 0x66, 0x70, 0x61, 0x72, 0x74, 0x69, 0x6e,
 0x74, 0x02, 0xbd, 0x0c, 0x66, 0x72, 0x61, 0x63,
 0x31, 0x32, 0x03, 0x53, 0x21, 0x0c, 0x66, 0x72,
 0x61, 0x63, 0x31, 0x33, 0x02, 0xbc, 0x0c, 0x66,
 0x72, 0x61, 0x63, 0x31, 0x34, 0x03, 0x55, 0x21,
 0x0c, 0x66, 0x72, 0x61, 0x63, 0x31, 0x35, 0x03,
 0x59, 0x21, 0x0c, 0x66, 0x72, 0x61, 0x63, 0x31,
 0x36, 0x03, 0x5b, 0x21, 0x0c, 0x66, 0x72, 0x61,
 0x63, 0x31, 0x38, 0x03, 0x54, 0x21, 0x0c, 0x66,
 0x72, 0x61, 0x63, 0x32, 0x33, 0x03, 0x56, 0x21,
 0x0c, 0x66, 0x72, 0x61, 0x63, 0x32, 0x35, 0x02,
 0xbe, 0x0c, 0x66, 0x72, 0x61, 0x63, 0x33, 0x34,
 0x03, 0x57, 0x21, 0x0c, 0x66, 0x72, 0x61, 0x63,
 0x33, 0x35, 0x03, 0x5c, 0x21, 0x0c, 0x66, 0x72,
 0x61, 0x63, 0x33, 0x38, 0x03, 0x58, 0x21, 0x0c,
 0x66, 0x72, 0x61, 0x63, 0x34, 0x35, 0x03, 0x5a,
 0x21, 0x0c, 0x66, 0x72, 0x61, 0x63, 0x35, 0x36,
 0x03, 0x5d, 0x21, 0x0c, 0x66, 0x72, 0x61, 0x63,
 0x35, 0x38, 0x03, 0x5e, 0x21, 0x0c, 0x66, 0x72,
 0x61, 0x63, 0x37, 0x38, 0x03, 0x44, 0x20, 0x0a,
 0x66, 0x72, 0x61, 0x73, 0x6c, 0x03, 0x22, 0x23,
 0x0a, 0x66, 0x72, 0x6f, 0x77, 0x6e, 0x05, 0x35,
 0xd8, 0xbb, 0xdc, 0x08, 0x66, 0x73, 0x63, 0x72,
 0x04, 0x67, 0x45, 0x03, 0x8c, 0x2a, 0x06, 0x67,
 0x45, 0x6c, 0x03, 0xf5, 0x01, 0x0c, 0x67, 0x61,
 0x63, 0x75, 0x74, 0x65, 0x03, 0xb3, 0x03, 0x0a,
 0x67, 0x61, 0x6d, 0x6d, 0x61, 0x0c, 0x67, 0x61,
 0x6d, 0x6d, 0x61, 0x64, 0x03, 0x86, 0x2a, 0x06,
 0x67, 0x61, 0x70, 0x03, 0x1f, 0x01, 0x0c, 0x67,
 0x62, 0x72, 0x65, 0x76, 0x65, 0x03, 0x1d, 0x01,
 0x0a, 0x67, 0x63, 0x69, 0x72, 0x63, 0x03, 0x33,
 0x04, 0x06, 0x67, 0x63, 0x79, 0x03, 0x21, 0x01,
 0x08, 0x67, 0x64, 0x6f, 0x74, 0x04, 0x67, 0x65,
 0x06, 0x67, 0x65, 0x6c, 0x06, 0x67, 0x65, 0x71,
 0x08, 0x67, 0x65, 0x71, 0x71, 0x10, 0x67, 0x65,
 0x71, 0x73, 0x6c, 0x61, 0x6e, 0x74, 0x06, 0x67,
 0x65, 0x73, 0x03, 0xa9, 0x2a, 0x0a, 0x67, 0x65,
 0x73, 0x63, 0x63, 0x03, 0x80, 0x2a, 0x0c, 0x67,
 0x65, 0x73, 0x64, 0x6f, 0x74, 0x03, 0x82, 0x2a,
 0x0e, 0x67, 0x65, 0x73, 0x64, 0x6f, 0x74, 0x6f,
 0x03, 0x84, 0x2a, 0x10, 0x67, 0x65, 0x73, 0x64,
 0x6f, 0x74, 0x6f, 0x6c, 0x05, 0xdb, 0x22, 0x00,
 0xfe, 0x08, 0x67, 0x65, 0x73, 0x6c, 0x03, 0x94,
 0x2a, 0x0c, 0x67, 0x65, 0x73, 0x6c, 0x65, 0x73,
 0x05, 0x35, 0xd8, 0x24, 0xdd, 0x06, 0x67, 0x66,
 0x72, 0x04, 0x67, 0x67, 0x06, 0x67, 0x67, 0x67,
 0x03, 0x37, 0x21, 0x0a, 0x67, 0x69, 0x6d, 0x65,
 0x6c, 0x03, 0x53, 0x04, 0x08, 0x67, 0x6a, 0x63,
 0x79, 0x04, 0x67, 0x6c, 0x03, 0x92, 0x2a, 0x06,
 0x67, 0x6c, 0x45, 0x03, 0xa5, 0x2a, 0x06, 0x67,
 0x6c, 0x61, 0x03, 0xa4, 0x2a, 0x06, 0x67, 0x6c,
 0x6a, 0x03, 0x69, 0x22, 0x06, 0x67, 0x6e, 0x45,
 0x03, 0x8a, 0x2a, 0x08, 0x67, 0x6e, 0x61, 0x70,
 0x10, 0x67, 0x6e, 0x61, 0x70, 0x70, 0x72, 0x6f,
 0x78, 0x03, 0x88, 0x2a, 0x06, 0x67, 0x6e, 0x65,
 0x08, 0x67, 0x6e, 0x65, 0x71, 0x0a, 0x67, 0x6e,
 0x65, 0x71, 0x71, 0x03, 0xe7, 0x22, 0x0a, 0x67,
 0x6e, 0x73, 0x69, 0x6d, 0x05, 0x35, 0xd8, 0x58,
 0xdd, 0x08, 0x67, 0x6f, 0x70, 0x66, 0x0a, 0x67,
 0x72, 0x61, 0x76, 0x65, 0x03, 0x0a, 0x21, 0x08,
 0x67, 0x73, 0x63, 0x72, 0x08, 0x67, 0x73, 0x69,
 0x6d, 0x03, 0x8e, 0x2a, 0x0a, 0x67, 0x73, 0x69,
 0x6d, 0x65, 0x03, 0x90, 0x2a, 0x0a, 0x67, 0x73,
 0x69, 0x6d, 0x6c, 0x04, 0x67, 0x74, 0x03, 0xa7,
 0x2a, 0x08, 0x67, 0x74, 0x63, 0x63, 0x03, 0x7a,
 0x2a, 0x0a, 0x67, 0x74, 0x63, 0x69, 0x72, 0x03,
 0xd7, 0x22, 0x0a, 0x67, 0x74, 0x64, 0x6f, 0x74,
 0x03, 0x95, 0x29, 0x0c, 0x67, 0x74, 0x6c, 0x50,
 0x61, 0x72, 0x03, 0x7c, 0x2a, 0x0e, 0x67, 0x74,
 0x71, 0x75, 0x65, 0x73, 0x74, 0x12, 0x67, 0x74,
 0x72, 0x61, 0x70, 0x70, 0x72, 0x6f, 0x78, 0x03,
 0x78, 0x29, 0x0c, 0x67, 0x74, 0x72, 0x61, 0x72,
 0x72, 0x0c, 0x67, 0x74, 0x72, 0x64, 0x6f, 0x74,
 0x12, 0x67, 0x74, 0x72, 0x65, 0x71, 0x6c, 0x65,
 0x73, 0x73, 0x14, 0x67, 0x74, 0x72, 0x65, 0x71,
 0x71, 0x6c, 0x65, 0x73, 0x73, 0x0e, 0x67, 0x74,
 0x72, 0x6c, 0x65, 0x73, 0x73, 0x0c, 0x67, 0x74,
 0x72, 0x73, 0x69, 0x6d, 0x05, 0x69, 0x22, 0x00,
 0xfe, 0x12, 0x67, 0x76, 0x65, 0x72, 0x74, 0x6e,
 0x65, 0x71, 0x71, 0x08, 0x67, 0x76, 0x6e, 0x45,
 0x08, 0x68, 0x41, 0x72, 0x72, 0x0c, 0x68, 0x61,
 0x69, 0x72, 0x73, 0x70, 0x08, 0x68, 0x61, 0x6c,
 0x66, 0x0c, 0x68, 0x61, 0x6d, 0x69, 0x6c, 0x74,
 0x03, 0x4a, 0x04, 0x0c, 0x68, 0x61, 0x72, 0x64,
 0x63, 0x79, 0x08, 0x68, 0x61, 0x72, 0x72, 0x03,
 0x48, 0x29, 0x0e, 0x68, 0x61, 0x72, 0x72, 0x63,
 0x69, 0x72, 0x03, 0xad, 0x21, 0x0a, 0x68, 0x61,
 0x72, 0x72, 0x77, 0x03, 0x0f, 0x21, 0x08, 0x68,
 0x62, 0x61, 0x72, 0x03, 0x25, 0x01, 0x0a, 0x68,
 0x63, 0x69, 0x72, 0x63, 0x03, 0x65, 0x26, 0x0c,
 0x68, 0x65, 0x61, 0x72, 0x74, 0x73, 0x12, 0x68,
 0x65, 0x61, 0x72, 0x74, 0x73, 0x75, 0x69, 0x74,
 0x03, 0x26, 0x20, 0x0c, 0x68, 0x65, 0x6c, 0x6c,
 0x69, 0x70, 0x03, 0xb9, 0x22, 0x0c, 0x68, 0x65,
 0x72, 0x63, 0x6f, 0x6e, 0x05, 0x35, 0xd8, 0x25,
 0xdd, 0x06, 0x68, 0x66, 0x72, 0x03, 0x25, 0x29,
 0x10, 0x68, 0x6b, 0x73, 0x65, 0x61, 0x72, 0x6f,
 0x77, 0x03, 0x26, 0x29, 0x10, 0x68, 0x6b, 0x73,
 0x77, 0x61, 0x72, 0x6f, 0x77, 0x03, 0xff, 0x21,
 0x0a, 0x68, 0x6f, 0x61, 0x72, 0x72, 0x03, 0x3b,
 0x22, 0x0c, 0x68, 0x6f, 0x6d, 0x74, 0x68, 0x74,
 0x03, 0xa9, 0x21, 0x1a, 0x68, 0x6f, 0x6f, 0x6b,
 0x6c, 0x65, 0x66, 0x74, 0x61, 0x72, 0x72, 0x6f,
 0x77, 0x03, 0xaa, 0x21, 0x1c, 0x68, 0x6f, 0x6f,
 0x6b, 0x72, 0x69, 0x67, 0x68, 0x74, 0x61, 0x72,
 0x72, 0x6f, 0x77, 0x05, 0x35, 0xd8, 0x59, 0xdd,
 0x08, 0x68, 0x6f, 0x70, 0x66, 0x03, 0x15, 0x20,
 0x0c, 0x68, 0x6f, 0x72, 0x62, 0x61, 0x72, 0x05,
 0x35, 0xd8, 0xbd, 0xdc, 0x08, 0x68, 0x73, 0x63,
 0x72, 0x0c, 0x68, 0x73, 0x6c, 0x61, 0x73, 0x68,
 0x03, 0x27, 0x01, 0x0c, 0x68, 0x73, 0x74, 0x72,
 0x6f, 0x6b, 0x03, 0x43, 0x20, 0x0c, 0x68, 0x79,
 0x62, 0x75, 0x6c, 0x6c, 0x0c, 0x68, 0x79, 0x70,
 0x68, 0x65, 0x6e, 0x02, 0xed, 0x0c, 0x69, 0x61,
 0x63, 0x75, 0x74, 0x65, 0x04, 0x69, 0x63, 0x02,
 0xee, 0x0a, 0x69, 0x63, 0x69, 0x72, 0x63, 0x03,
 0x38, 0x04, 0x06, 0x69, 0x63, 0x79, 0x03, 0x35,
 0x04, 0x08, 0x69, 0x65, 0x63, 0x79, 0x02, 0xa1,
 0x0a, 0x69, 0x65, 0x78, 0x63, 0x6c, 0x06, 0x69,
 0x66, 0x66, 0x05, 0x35, 0xd8, 0x26, 0xdd, 0x06,
 0x69, 0x66, 0x72, 0x02, 0xec, 0x0c, 0x69, 0x67,
 0x72, 0x61, 0x76, 0x65, 0x04, 0x69, 0x69, 0x03,
 0x0c, 0x2a, 0x0c, 0x69, 0x69, 0x69, 0x69, 0x6e,
 0x74, 0x03, 0x2d, 0x22, 0x0a, 0x69, 0x69, 0x69,
 0x6e, 0x74, 0x03, 0xdc, 0x29, 0x0c, 0x69, 0x69,
 0x6e, 0x66, 0x69, 0x6e, 0x03, 0x29, 0x21, 0x0a,
 0x69, 0x69, 0x6f, 0x74, 0x61, 0x03, 0x33, 0x01,
 0x0a, 0x69, 0x6a, 0x6c, 0x69, 0x67, 0x03, 0x2b,
 0x01, 0x0a, 0x69, 0x6d, 0x61, 0x63, 0x72, 0x0a,
 0x69, 0x6d, 0x61, 0x67, 0x65, 0x10, 0x69, 0x6d,
 0x61, 0x67, 0x6c, 0x69, 0x6e, 0x65, 0x10, 0x69,
 0x6d, 0x61, 0x67, 0x70, 0x61, 0x72, 0x74, 0x03,
 0x31, 0x01, 0x0a, 0x69, 0x6d, 0x61, 0x74, 0x68,
 0x03, 0xb7, 0x22, 0x08, 0x69, 0x6d, 0x6f, 0x66,
 0x03, 0xb5, 0x01, 0x0a, 0x69, 0x6d, 0x70, 0x65,
 0x64, 0x03, 0x05, 0x21, 0x0c, 0x69, 0x6e, 0x63,
 0x61, 0x72, 0x65, 0x03, 0x1e, 0x22, 0x0a, 0x69,
 0x6e, 0x66, 0x69, 0x6e, 0x03, 0xdd, 0x29, 0x10,
 0x69, 0x6e, 0x66, 0x69, 0x6e, 0x74, 0x69, 0x65,
 0x0c, 0x69, 0x6e, 0x6f, 0x64, 0x6f, 0x74, 0x06,
 0x69, 0x6e, 0x74, 0x03, 0xba, 0x22, 0x0c, 0x69,
 0x6e, 0x74, 0x63, 0x61, 0x6c, 0x10, 0x69, 0x6e,
 0x74, 0x65, 0x67, 0x65, 0x72, 0x73, 0x10, 0x69,
 0x6e, 0x74, 0x65, 0x72, 0x63, 0x61, 0x6c, 0x03,
 0x17, 0x2a, 0x10, 0x69, 0x6e, 0x74, 0x6c, 0x61,
 0x72, 0x68, 0x6b, 0x03, 0x3c, 0x2a, 0x0e, 0x69,
 0x6e, 0x74, 0x70, 0x72, 0x6f, 0x64, 0x03, 0x51,
 0x04, 0x08, 0x69, 0x6f, 0x63, 0x79, 0x03, 0x2f,
 0x01, 0x0a, 0x69, 0x6f, 0x67, 0x6f, 0x6e, 0x05,
 0x35, 0xd8, 0x5a, 0xdd, 0x08, 0x69, 0x6f, 0x70,
 0x66, 0x03, 0xb9, 0x03, 0x08, 0x69, 0x6f, 0x74,
 0x61, 0x0a, 0x69, 0x70, 0x72, 0x6f, 0x64, 0x02,
 0xbf, 0x0c, 0x69, 0x71, 0x75, 0x65, 0x73, 0x74,
 0x05, 0x35, 0xd8, 0xbe, 0xdc, 0x08, 0x69, 0x73,
 0x63, 0x72, 0x08, 0x69, 0x73, 0x69, 0x6e, 0x03,
 0xf9, 0x22, 0x0a, 0x69, 0x73, 0x69, 0x6e, 0x45,
 0x03, 0xf5, 0x22, 0x0e, 0x69, 0x73, 0x69, 0x6e,
 0x64, 0x6f, 0x74, 0x03, 0xf4, 0x22, 0x0a, 0x69,
 0x73, 0x69, 0x6e, 0x73, 0x03, 0xf3, 0x22, 0x0c,
 0x69, 0x73, 0x69, 0x6e, 0x73, 0x76, 0x0a, 0x69,
 0x73, 0x69, 0x6e, 0x76, 0x04, 0x69, 0x74, 0x03,
 0x29, 0x01, 0x0c, 0x69, 0x74, 0x69, 0x6c, 0x64,
 0x65, 0x03, 0x56, 0x04, 0x0a, 0x69, 0x75, 0x6b,
 0x63, 0x79, 0x02, 0xef, 0x08, 0x69, 0x75, 0x6d,
 0x6c, 0x03, 0x35, 0x01, 0x0a, 0x6a, 0x63, 0x69,
 0x72, 0x63, 0x03, 0x39, 0x04, 0x06, 0x6a, 0x63,
 0x79, 0x05, 0x35, 0xd8, 0x27, 0xdd, 0x06, 0x6a,
 0x66, 0x72, 0x03, 0x37, 0x02, 0x0a, 0x6a, 0x6d,
 0x61, 0x74, 0x68, 0x05, 0x35, 0xd8, 0x5b, 0xdd,
 0x08, 0x6a, 0x6f, 0x70, 0x66, 0x05, 0x35, 0xd8,
 0xbf, 0xdc, 0x08, 0x6a, 0x73, 0x63, 0x72, 0x03,
 0x58, 0x04, 0x0c, 0x6a, 0x73, 0x65, 0x72, 0x63,
 0x79, 0x03, 0x54, 0x04, 0x0a, 0x6a, 0x75, 0x6b,
 0x63, 0x79, 0x03, 0xba, 0x03, 0x0a, 0x6b, 0x61,
 0x70, 0x70, 0x61, 0x03, 0xf0, 0x03, 0x0c, 0x6b,
 0x61, 0x70, 0x70, 0x61, 0x76, 0x03, 0x37, 0x01,
 0x0c, 0x6b, 0x63, 0x65, 0x64, 0x69, 0x6c, 0x03,
 0x3a, 0x04, 0x06, 0x6b, 0x63, 0x79, 0x05, 0x35,
 0xd8, 0x28, 0xdd, 0x06, 0x6b, 0x66, 0x72, 0x03,
 0x38, 0x01, 0x0c, 0x6b, 0x67, 0x72, 0x65, 0x65,
 0x6e, 0x03, 0x45, 0x04, 0x08, 0x6b, 0x68, 0x63,
 0x79, 0x03, 0x5c, 0x04, 0x08, 0x6b, 0x6a, 0x63,
 0x79, 0x05, 0x35, 0xd8, 0x5c, 0xdd, 0x08, 0x6b,
 0x6f, 0x70, 0x66, 0x05, 0x35, 0xd8, 0xc0, 0xdc,
 0x08, 0x6b, 0x73, 0x63, 0x72, 0x0a, 0x6c, 0x41,
 0x61, 0x72, 0x72, 0x08, 0x6c, 0x41, 0x72, 0x72,
 0x03, 0x1b, 0x29, 0x0c, 0x6c, 0x41, 0x74, 0x61,
 0x69, 0x6c, 0x03, 0x0e, 0x29, 0x0a, 0x6c, 0x42,
 0x61, 0x72, 0x72, 0x04, 0x6c, 0x45, 0x03, 0x8b,
 0x2a, 0x06, 0x6c, 0x45, 0x67, 0x03, 0x62, 0x29,
 0x08, 0x6c, 0x48, 0x61, 0x72, 0x03, 0x3a, 0x01,
 0x0c, 0x6c, 0x61, 0x63, 0x75, 0x74, 0x65, 0x03,
 0xb4, 0x29, 0x10, 0x6c, 0x61, 0x65, 0x6d, 0x70,
 0x74, 0x79, 0x76, 0x0c, 0x6c, 0x61, 0x67, 0x72,
 0x61, 0x6e, 0x03, 0xbb, 0x03, 0x0c, 0x6c, 0x61,
 0x6d, 0x62, 0x64, 0x61, 0x08, 0x6c, 0x61, 0x6e,
 0x67, 0x03, 0x91, 0x29, 0x0a, 0x6c, 0x61, 0x6e,
 0x67, 0x64, 0x0c, 0x6c, 0x61, 0x6e, 0x67, 0x6c,
 0x65, 0x03, 0x85, 0x2a, 0x06, 0x6c, 0x61, 0x70,
 0x02, 0xab, 0x0a, 0x6c, 0x61, 0x71, 0x75, 0x6f,
 0x08, 0x6c, 0x61, 0x72, 0x72, 0x0a, 0x6c, 0x61,
 0x72, 0x72, 0x62, 0x03, 0x1f, 0x29, 0x0e, 0x6c,
 0x61, 0x72, 0x72, 0x62, 0x66, 0x73, 0x03, 0x1d,
 0x29, 0x0c, 0x6c, 0x61, 0x72, 0x72, 0x66, 0x73,
 0x0c, 0x6c, 0x61, 0x72, 0x72, 0x68, 0x6b, 0x03,
 0xab, 0x21, 0x0c, 0x6c, 0x61, 0x72, 0x72, 0x6c,
 0x70, 0x03, 0x39, 0x29, 0x0c, 0x6c, 0x61, 0x72,
 0x72, 0x70, 0x6c, 0x03, 0x73, 0x29, 0x0e, 0x6c,
 0x61, 0x72, 0x72, 0x73, 0x69, 0x6d, 0x03, 0xa2,
 0x21, 0x0c, 0x6c, 0x61, 0x72, 0x72, 0x74, 0x6c,
 0x03, 0xab, 0x2a, 0x06, 0x6c, 0x61, 0x74, 0x03,
 0x19, 0x29, 0x0c, 0x6c, 0x61, 0x74, 0x61, 0x69,
 0x6c, 0x03, 0xad, 0x2a, 0x08, 0x6c, 0x61, 0x74,
 0x65, 0x05, 0xad, 0x2a, 0x00, 0xfe, 0x0a, 0x6c,
 0x61, 0x74, 0x65, 0x73, 0x03, 0x0c, 0x29, 0x0a,
 0x6c, 0x62, 0x61, 0x72, 0x72, 0x03, 0x72, 0x27,
 0x0a, 0x6c, 0x62, 0x62, 0x72, 0x6b, 0x0c, 0x6c,
 0x62, 0x72, 0x61, 0x63, 0x65, 0x0c, 0x6c, 0x62,
 0x72, 0x61, 0x63, 0x6b, 0x03, 0x8b, 0x29, 0x0a,
 0x6c, 0x62, 0x72, 0x6b, 0x65, 0x03, 0x8f, 0x29,
 0x0e, 0x6c, 0x62, 0x72, 0x6b, 0x73, 0x6c, 0x64,
 0x03, 0x8d, 0x29, 0x0e, 0x6c, 0x62, 0x72, 0x6b,
 0x73, 0x6c, 0x75, 0x03, 0x3e, 0x01, 0x0c, 0x6c,
 0x63, 0x61, 0x72, 0x6f, 0x6e, 0x03, 0x3c, 0x01,
 0x0c, 0x6c, 0x63, 0x65, 0x64, 0x69, 0x6c, 0x0a,
 0x6c, 0x63, 0x65, 0x69, 0x6c, 0x08, 0x6c, 0x63,
 0x75, 0x62, 0x03, 0x3b, 0x04, 0x06, 0x6c, 0x63,
 0x79, 0x03, 0x36, 0x29, 0x08, 0x6c, 0x64, 0x63,
 0x61, 0x0a, 0x6c, 0x64, 0x71, 0x75, 0x6f, 0x0c,
 0x6c, 0x64, 0x71, 0x75, 0x6f, 0x72, 0x03, 0x67,
 0x29, 0x0e, 0x6c, 0x64, 0x72, 0x64, 0x68, 0x61,
 0x72, 0x03, 0x4b, 0x29, 0x10, 0x6c, 0x64, 0x72,
 0x75, 0x73, 0x68, 0x61, 0x72, 0x03, 0xb2, 0x21,
 0x08, 0x6c, 0x64, 0x73, 0x68, 0x03, 0x64, 0x22,
 0x04, 0x6c, 0x65, 0x12, 0x6c, 0x65, 0x66, 0x74,
 0x61, 0x72, 0x72, 0x6f, 0x77, 0x1a, 0x6c, 0x65,
 0x66, 0x74, 0x61, 0x72, 0x72, 0x6f, 0x77, 0x74,
 0x61, 0x69, 0x6c, 0x1e, 0x6c, 0x65, 0x66, 0x74,
 0x68, 0x61, 0x72, 0x70, 0x6f, 0x6f, 0x6e, 0x64,
 0x6f, 0x77, 0x6e, 0x1a, 0x6c, 0x65, 0x66, 0x74,
 0x68, 0x61, 0x72, 0x70, 0x6f, 0x6f, 0x6e, 0x75,
 0x70, 0x03, 0xc7, 0x21, 0x1c, 0x6c, 0x65, 0x66,
 0x74, 0x6c, 0x65, 0x66, 0x74, 0x61, 0x72, 0x72,
 0x6f, 0x77, 0x73, 0x1c, 0x6c, 0x65, 0x66, 0x74,
 0x72, 0x69, 0x67, 0x68, 0x74, 0x61, 0x72, 0x72,
 0x6f, 0x77, 0x1e, 0x6c, 0x65, 0x66, 0x74, 0x72,
 0x69, 0x67, 0x68, 0x74, 0x61, 0x72, 0x72, 0x6f,
 0x77, 0x73, 0x22, 0x6c, 0x65, 0x66, 0x74, 0x72,
 0x69, 0x67, 0x68, 0x74, 0x68, 0x61, 0x72, 0x70,
 0x6f, 0x6f, 0x6e, 0x73, 0x26, 0x6c, 0x65, 0x66,
 0x74, 0x72, 0x69, 0x67, 0x68, 0x74, 0x73, 0x71,
 0x75, 0x69, 0x67, 0x61, 0x72, 0x72, 0x6f, 0x77,
 0x03, 0xcb, 0x22, 0x1c, 0x6c, 0x65, 0x66, 0x74,
 0x74, 0x68, 0x72, 0x65, 0x65, 0x74, 0x69, 0x6d,
 0x65, 0x73, 0x06, 0x6c, 0x65, 0x67, 0x06, 0x6c,
 0x65, 0x71, 0x08, 0x6c, 0x65, 0x71, 0x71, 0x10,
 0x6c, 0x65, 0x71, 0x73, 0x6c, 0x61, 0x6e, 0x74,
 0x06, 0x6c, 0x65, 0x73, 0x03, 0xa8, 0x2a, 0x0a,
 0x6c, 0x65, 0x73, 0x63, 0x63, 0x03, 0x7f, 0x2a,
 0x0c, 0x6c, 0x65, 0x73, 0x64, 0x6f, 0x74, 0x03,
 0x81, 0x2a, 0x0e, 0x6c, 0x65, 0x73, 0x64, 0x6f,
 0x74, 0x6f, 0x03, 0x83, 0x2a, 0x10, 0x6c, 0x65,
 0x73, 0x64, 0x6f, 0x74, 0x6f, 0x72, 0x05, 0xda,
 0x22, 0x00, 0xfe, 0x08, 0x6c, 0x65, 0x73, 0x67,
 0x03, 0x93, 0x2a, 0x0c, 0x6c, 0x65, 0x73, 0x67,
 0x65, 0x73, 0x14, 0x6c, 0x65, 0x73, 0x73, 0x61,
 0x70, 0x70, 0x72, 0x6f, 0x78, 0x03, 0xd6, 0x22,
 0x0e, 0x6c, 0x65, 0x73, 0x73, 0x64, 0x6f, 0x74,
 0x12, 0x6c, 0x65, 0x73, 0x73, 0x65, 0x71, 0x67,
 0x74, 0x72, 0x14, 0x6c, 0x65, 0x73, 0x73, 0x65,
 0x71, 0x71, 0x67, 0x74, 0x72, 0x0e, 0x6c, 0x65,
 0x73, 0x73, 0x67, 0x74, 0x72, 0x0e, 0x6c, 0x65,
 0x73, 0x73, 0x73, 0x69, 0x6d, 0x03, 0x7c, 0x29,
 0x0c, 0x6c, 0x66, 0x69, 0x73, 0x68, 0x74, 0x0c,
 0x6c, 0x66, 0x6c, 0x6f, 0x6f, 0x72, 0x05, 0x35,
 0xd8, 0x29, 0xdd, 0x06, 0x6c, 0x66, 0x72, 0x04,
 0x6c, 0x67, 0x03, 0x91, 0x2a, 0x06, 0x6c, 0x67,
 0x45, 0x0a, 0x6c, 0x68, 0x61, 0x72, 0x64, 0x0a,
 0x6c, 0x68, 0x61, 0x72, 0x75, 0x03, 0x6a, 0x29,
 0x0c, 0x6c, 0x68, 0x61, 0x72, 0x75, 0x6c, 0x03,
 0x84, 0x25, 0x0a, 0x6c, 0x68, 0x62, 0x6c, 0x6b,
 0x03, 0x59, 0x04, 0x08, 0x6c, 0x6a, 0x63, 0x79,
 0x04, 0x6c, 0x6c, 0x0a, 0x6c, 0x6c, 0x61, 0x72,
 0x72, 0x10, 0x6c, 0x6c, 0x63, 0x6f, 0x72, 0x6e,
 0x65, 0x72, 0x03, 0x6b, 0x29, 0x0c, 0x6c, 0x6c,
 0x68, 0x61, 0x72, 0x64, 0x03, 0xfa, 0x25, 0x0a,
 0x6c, 0x6c, 0x74, 0x72, 0x69, 0x03, 0x40, 0x01,
 0x0c, 0x6c, 0x6d, 0x69, 0x64, 0x6f, 0x74, 0x03,
 0xb0, 0x23, 0x0c, 0x6c, 0x6d, 0x6f, 0x75, 0x73,
 0x74, 0x14, 0x6c, 0x6d, 0x6f, 0x75, 0x73, 0x74,
 0x61, 0x63, 0x68, 0x65, 0x03, 0x68, 0x22, 0x06,
 0x6c, 0x6e, 0x45, 0x03, 0x89, 0x2a, 0x08, 0x6c,
 0x6e, 0x61, 0x70, 0x10, 0x6c, 0x6e, 0x61, 0x70,
 0x70, 0x72, 0x6f, 0x78, 0x03, 0x87, 0x2a, 0x06,
 0x6c, 0x6e, 0x65, 0x08, 0x6c, 0x6e, 0x65, 0x71,
 0x0a, 0x6c, 0x6e, 0x65, 0x71, 0x71, 0x03, 0xe6,
 0x22, 0x0a, 0x6c, 0x6e, 0x73, 0x69, 0x6d, 0x03,
 0xec, 0x27, 0x0a, 0x6c, 0x6f, 0x61, 0x6e, 0x67,
 0x03, 0xfd, 0x21, 0x0a, 0x6c, 0x6f, 0x61, 0x72,
 0x72, 0x0a, 0x6c, 0x6f, 0x62, 0x72, 0x6b, 0x1a,
 0x6c, 0x6f, 0x6e, 0x67, 0x6c, 0x65, 0x66, 0x74,
 0x61, 0x72, 0x72, 0x6f, 0x77, 0x24, 0x6c, 0x6f,
 0x6e, 0x67, 0x6c, 0x65, 0x66, 0x74, 0x72, 0x69,
 0x67, 0x68, 0x74, 0x61, 0x72, 0x72, 0x6f, 0x77,
 0x03, 0xfc, 0x27, 0x14, 0x6c, 0x6f, 0x6e, 0x67,
 0x6d, 0x61, 0x70, 0x73, 0x74, 0x6f, 0x1c, 0x6c,
 0x6f, 0x6e, 0x67, 0x72, 0x69, 0x67, 0x68, 0x74,
 0x61, 0x72, 0x72, 0x6f, 0x77, 0x1a, 0x6c, 0x6f,
 0x6f, 0x70, 0x61, 0x72, 0x72, 0x6f, 0x77, 0x6c,
 0x65, 0x66, 0x74, 0x03, 0xac, 0x21, 0x1c, 0x6c,
 0x6f, 0x6f, 0x70, 0x61, 0x72, 0x72, 0x6f, 0x77,
 0x72, 0x69, 0x67, 0x68, 0x74, 0x03, 0x85, 0x29,
 0x0a, 0x6c, 0x6f, 0x70, 0x61, 0x72, 0x05, 0x35,
 0xd8, 0x5d, 0xdd, 0x08, 0x6c, 0x6f, 0x70, 0x66,
 0x03, 0x2d, 0x2a, 0x0c, 0x6c, 0x6f, 0x70, 0x6c,
 0x75, 0x73, 0x03, 0x34, 0x2a, 0x0e, 0x6c, 0x6f,
 0x74, 0x69, 0x6d, 0x65, 0x73, 0x03, 0x17, 0x22,
 0x0c, 0x6c, 0x6f, 0x77, 0x61, 0x73, 0x74, 0x0c,
 0x6c, 0x6f, 0x77, 0x62, 0x61, 0x72, 0x03, 0xca,
 0x25, 0x06, 0x6c, 0x6f, 0x7a, 0x0e, 0x6c, 0x6f,
 0x7a, 0x65, 0x6e, 0x67, 0x65, 0x08, 0x6c, 0x6f,
 0x7a, 0x66, 0x08, 0x6c, 0x70, 0x61, 0x72, 0x03,
 0x93, 0x29, 0x0c, 0x6c, 0x70, 0x61, 0x72, 0x6c,
 0x74, 0x0a, 0x6c, 0x72, 0x61, 0x72, 0x72, 0x10,
 0x6c, 0x72, 0x63, 0x6f, 0x72, 0x6e, 0x65, 0x72,
 0x0a, 0x6c, 0x72, 0x68, 0x61, 0x72, 0x03, 0x6d,
 0x29, 0x0c, 0x6c, 0x72, 0x68, 0x61, 0x72, 0x64,
 0x03, 0x0e, 0x20, 0x06, 0x6c, 0x72, 0x6d, 0x03,
 0xbf, 0x22, 0x0a, 0x6c, 0x72, 0x74, 0x72, 0x69,
 0x03, 0x39, 0x20, 0x0c, 0x6c, 0x73, 0x61, 0x71,
 0x75, 0x6f, 0x05, 0x35, 0xd8, 0xc1, 0xdc, 0x08,
 0x6c, 0x73, 0x63, 0x72, 0x06, 0x6c, 0x73, 0x68,
 0x08, 0x6c, 0x73, 0x69, 0x6d, 0x03, 0x8d, 0x2a,
 0x0a, 0x6c, 0x73, 0x69, 0x6d, 0x65, 0x03, 0x8f,
 0x2a, 0x0a, 0x6c, 0x73, 0x69, 0x6d, 0x67, 0x08,
 0x6c, 0x73, 0x71, 0x62, 0x0a, 0x6c, 0x73, 0x71,
 0x75, 0x6f, 0x03, 0x1a, 0x20, 0x0c, 0x6c, 0x73,
 0x71, 0x75, 0x6f, 0x72, 0x03, 0x42, 0x01, 0x0c,
 0x6c, 0x73, 0x74, 0x72, 0x6f, 0x6b, 0x04, 0x6c,
 0x74, 0x03, 0xa6, 0x2a, 0x08, 0x6c, 0x74, 0x63,
 0x63, 0x03, 0x79, 0x2a, 0x0a, 0x6c, 0x74, 0x63,
 0x69, 0x72, 0x0a, 0x6c, 0x74, 0x64, 0x6f, 0x74,
 0x0c, 0x6c, 0x74, 0x68, 0x72, 0x65, 0x65, 0x03,
 0xc9, 0x22, 0x0c, 0x6c, 0x74, 0x69, 0x6d, 0x65,
 0x73, 0x03, 0x76, 0x29, 0x0c, 0x6c, 0x74, 0x6c,
 0x61, 0x72, 0x72, 0x03, 0x7b, 0x2a, 0x0e, 0x6c,
 0x74, 0x71, 0x75, 0x65, 0x73, 0x74, 0x03, 0x96,
 0x29, 0x0c, 0x6c, 0x74, 0x72, 0x50, 0x61, 0x72,
 0x03, 0xc3, 0x25, 0x08, 0x6c, 0x74, 0x72, 0x69,
 0x0a, 0x6c, 0x74, 0x72, 0x69, 0x65, 0x0a, 0x6c,
 0x74, 0x72, 0x69, 0x66, 0x03, 0x4a, 0x29, 0x10,
 0x6c, 0x75, 0x72, 0x64, 0x73, 0x68, 0x61, 0x72,
 0x03, 0x66, 0x29, 0x0e, 0x6c, 0x75, 0x72, 0x75,
 0x68, 0x61, 0x72, 0x05, 0x68, 0x22, 0x00, 0xfe,
 0x12, 0x6c, 0x76, 0x65, 0x72, 0x74, 0x6e, 0x65,
 0x71, 0x71, 0x08, 0x6c, 0x76, 0x6e, 0x45, 0x03,
 0x3a, 0x22, 0x0a, 0x6d, 0x44, 0x44, 0x6f, 0x74,
 0x02, 0xaf, 0x08, 0x6d, 0x61, 0x63, 0x72, 0x03,
 0x42, 0x26, 0x08, 0x6d, 0x61, 0x6c, 0x65, 0x03,
 0x20, 0x27, 0x08, 0x6d, 0x61, 0x6c, 0x74, 0x0e,
 0x6d, 0x61, 0x6c, 0x74, 0x65, 0x73, 0x65, 0x06,
 0x6d, 0x61, 0x70, 0x0c, 0x6d, 0x61, 0x70, 0x73,
 0x74, 0x6f, 0x14, 0x6d, 0x61, 0x70, 0x73, 0x74,
 0x6f, 0x64, 0x6f, 0x77, 0x6e, 0x14, 0x6d, 0x61,
 0x70, 0x73, 0x74, 0x6f, 0x6c, 0x65, 0x66, 0x74,
 0x10, 0x6d, 0x61, 0x70, 0x73, 0x74, 0x6f, 0x75,
 0x70, 0x03, 0xae, 0x25, 0x0c, 0x6d, 0x61, 0x72,
 0x6b, 0x65, 0x72, 0x03, 0x29, 0x2a, 0x0c, 0x6d,
 0x63, 0x6f, 0x6d, 0x6d, 0x61, 0x03, 0x3c, 0x04,
 0x06, 0x6d, 0x63, 0x79, 0x03, 0x14, 0x20, 0x0a,
 0x6d, 0x64, 0x61, 0x73, 0x68, 0x1a, 0x6d, 0x65,
 0x61, 0x73, 0x75, 0x72, 0x65, 0x64, 0x61, 0x6e,
 0x67, 0x6c, 0x65, 0x05, 0x35, 0xd8, 0x2a, 0xdd,
 0x06, 0x6d, 0x66, 0x72, 0x03, 0x27, 0x21, 0x06,
 0x6d, 0x68, 0x6f, 0x02, 0xb5, 0x0a, 0x6d, 0x69,
 0x63, 0x72, 0x6f, 0x06, 0x6d, 0x69, 0x64, 0x0c,
 0x6d, 0x69, 0x64, 0x61, 0x73, 0x74, 0x03, 0xf0,
 0x2a, 0x0c, 0x6d, 0x69, 0x64, 0x63, 0x69, 0x72,
 0x0c, 0x6d, 0x69, 0x64, 0x64, 0x6f, 0x74, 0x03,
 0x12, 0x22, 0x0a, 0x6d, 0x69, 0x6e, 0x75, 0x73,
 0x0c, 0x6d, 0x69, 0x6e, 0x75, 0x73, 0x62, 0x0c,
 0x6d, 0x69, 0x6e, 0x75, 0x73, 0x64, 0x03, 0x2a,
 0x2a, 0x0e, 0x6d, 0x69, 0x6e, 0x75, 0x73, 0x64,
 0x75, 0x03, 0xdb, 0x2a, 0x08, 0x6d, 0x6c, 0x63,
 0x70, 0x08, 0x6d, 0x6c, 0x64, 0x72, 0x0c, 0x6d,
 0x6e, 0x70, 0x6c, 0x75, 0x73, 0x03, 0xa7, 0x22,
 0x0c, 0x6d, 0x6f, 0x64, 0x65, 0x6c, 0x73, 0x05,
 0x35, 0xd8, 0x5e, 0xdd, 0x08, 0x6d, 0x6f, 0x70,
 0x66, 0x04, 0x6d, 0x70, 0x05, 0x35, 0xd8, 0xc2,
 0xdc, 0x08, 0x6d, 0x73, 0x63, 0x72, 0x0c, 0x6d,
 0x73, 0x74, 0x70, 0x6f, 0x73, 0x03, 0xbc, 0x03,
 0x04, 0x6d, 0x75, 0x03, 0xb8, 0x22, 0x10, 0x6d,
 0x75, 0x6c, 0x74, 0x69, 0x6d, 0x61, 0x70, 0x0a,
 0x6d, 0x75, 0x6d, 0x61, 0x70, 0x05, 0xd9, 0x22,
 0x38, 0x03, 0x06, 0x6e, 0x47, 0x67, 0x05, 0x6b,
 0x22, 0xd2, 0x20, 0x06, 0x6e, 0x47, 0x74, 0x08,
 0x6e, 0x47, 0x74, 0x76, 0x03, 0xcd, 0x21, 0x14,
 0x6e, 0x4c, 0x65, 0x66, 0x74, 0x61, 0x72, 0x72,
 0x6f, 0x77, 0x03, 0xce, 0x21, 0x1e, 0x6e, 0x4c,
 0x65, 0x66, 0x74, 0x72, 0x69, 0x67, 0x68, 0x74,
 0x61, 0x72, 0x72, 0x6f, 0x77, 0x05, 0xd8, 0x22,
 0x38, 0x03, 0x06, 0x6e, 0x4c, 0x6c, 0x05, 0x6a,
 0x22, 0xd2, 0x20, 0x06, 0x6e, 0x4c, 0x74, 0x08,
 0x6e, 0x4c, 0x74, 0x76, 0x03, 0xcf, 0x21, 0x16,
 0x6e, 0x52, 0x69, 0x67, 0x68, 0x74, 0x61, 0x72,
 0x72, 0x6f, 0x77, 0x03, 0xaf, 0x22, 0x0c, 0x6e,
 0x56, 0x44, 0x61, 0x73, 0x68, 0x03, 0xae, 0x22,
 0x0c, 0x6e, 0x56, 0x64, 0x61, 0x73, 0x68, 0x0a,
 0x6e, 0x61, 0x62, 0x6c, 0x61, 0x03, 0x44, 0x01,
 0x0c, 0x6e, 0x61, 0x63, 0x75, 0x74, 0x65, 0x05,
 0x20, 0x22, 0xd2, 0x20, 0x08, 0x6e, 0x61, 0x6e,
 0x67, 0x06, 0x6e, 0x61, 0x70, 0x05, 0x70, 0x2a,
 0x38, 0x03, 0x08, 0x6e, 0x61, 0x70, 0x45, 0x05,
 0x4b, 0x22, 0x38, 0x03, 0x0a, 0x6e, 0x61, 0x70,
 0x69, 0x64, 0x03, 0x49, 0x01, 0x0a, 0x6e, 0x61,
 0x70, 0x6f, 0x73, 0x0e, 0x6e, 0x61, 0x70, 0x70,
 0x72, 0x6f, 0x78, 0x03, 0x6e, 0x26, 0x0a, 0x6e,
 0x61, 0x74, 0x75, 0x72, 0x0e, 0x6e, 0x61, 0x74,
 0x75, 0x72, 0x61, 0x6c, 0x10, 0x6e, 0x61, 0x74,
 0x75, 0x72, 0x61, 0x6c, 0x73, 0x08, 0x6e, 0x62,
 0x73, 0x70, 0x0a, 0x6e, 0x62, 0x75, 0x6d, 0x70,
 0x0c, 0x6e, 0x62, 0x75, 0x6d, 0x70, 0x65, 0x03,
 0x43, 0x2a, 0x08, 0x6e, 0x63, 0x61, 0x70, 0x03,
 0x48, 0x01, 0x0c, 0x6e, 0x63, 0x61, 0x72, 0x6f,
 0x6e, 0x03, 0x46, 0x01, 0x0c, 0x6e, 0x63, 0x65,
 0x64, 0x69, 0x6c, 0x0a, 0x6e, 0x63, 0x6f, 0x6e,
 0x67, 0x05, 0x6d, 0x2a, 0x38, 0x03, 0x10, 0x6e,
 0x63, 0x6f, 0x6e, 0x67, 0x64, 0x6f, 0x74, 0x03,
 0x42, 0x2a, 0x08, 0x6e, 0x63, 0x75, 0x70, 0x03,
 0x3d, 0x04, 0x06, 0x6e, 0x63, 0x79, 0x03, 0x13,
 0x20, 0x0a, 0x6e, 0x64, 0x61, 0x73, 0x68, 0x04,
 0x6e, 0x65, 0x03, 0xd7, 0x21, 0x0a, 0x6e, 0x65,
 0x41, 0x72, 0x72, 0x03, 0x24, 0x29, 0x0c, 0x6e,
 0x65, 0x61, 0x72, 0x68, 0x6b, 0x0a, 0x6e, 0x65,
 0x61, 0x72, 0x72, 0x0e, 0x6e, 0x65, 0x61, 0x72,
 0x72, 0x6f, 0x77, 0x05, 0x50, 0x22, 0x38, 0x03,
 0x0a, 0x6e, 0x65, 0x64, 0x6f, 0x74, 0x0c, 0x6e,
 0x65, 0x71, 0x75, 0x69, 0x76, 0x03, 0x28, 0x29,
 0x0c, 0x6e, 0x65, 0x73, 0x65, 0x61, 0x72, 0x0a,
 0x6e, 0x65, 0x73, 0x69, 0x6d, 0x0c, 0x6e, 0x65,
 0x78, 0x69, 0x73, 0x74, 0x0e, 0x6e, 0x65, 0x78,
 0x69, 0x73, 0x74, 0x73, 0x05, 0x35, 0xd8, 0x2b,
 0xdd, 0x06, 0x6e, 0x66, 0x72, 0x06, 0x6e, 0x67,
 0x45, 0x06, 0x6e, 0x67, 0x65, 0x08, 0x6e, 0x67,
 0x65, 0x71, 0x0a, 0x6e, 0x67, 0x65, 0x71, 0x71,
 0x12, 0x6e, 0x67, 0x65, 0x71, 0x73, 0x6c, 0x61,
 0x6e, 0x74, 0x08, 0x6e, 0x67, 0x65, 0x73, 0x0a,
 0x6e, 0x67, 0x73, 0x69, 0x6d, 0x06, 0x6e, 0x67,
 0x74, 0x08, 0x6e, 0x67, 0x74, 0x72, 0x0a, 0x6e,
 0x68, 0x41, 0x72, 0x72, 0x03, 0xae, 0x21, 0x0a,
 0x6e, 0x68, 0x61, 0x72, 0x72, 0x03, 0xf2, 0x2a,
 0x0a, 0x6e, 0x68, 0x70, 0x61, 0x72, 0x04, 0x6e,
 0x69, 0x03, 0xfc, 0x22, 0x06, 0x6e, 0x69, 0x73,
 0x03, 0xfa, 0x22, 0x08, 0x6e, 0x69, 0x73, 0x64,
 0x06, 0x6e, 0x69, 0x76, 0x03, 0x5a, 0x04, 0x08,
 0x6e, 0x6a, 0x63, 0x79, 0x0a, 0x6e, 0x6c, 0x41,
 0x72, 0x72, 0x05, 0x66, 0x22, 0x38, 0x03, 0x06,
 0x6e, 0x6c, 0x45, 0x03, 0x9a, 0x21, 0x0a, 0x6e,
 0x6c, 0x61, 0x72, 0x72, 0x03, 0x25, 0x20, 0x08,
 0x6e, 0x6c, 0x64, 0x72, 0x06, 0x6e, 0x6c, 0x65,
 0x14, 0x6e, 0x6c, 0x65, 0x66, 0x74, 0x61, 0x72,
 0x72, 0x6f, 0x77, 0x1e, 0x6e, 0x6c, 0x65, 0x66,
 0x74, 0x72, 0x69, 0x67, 0x68, 0x74, 0x61, 0x72,
 0x72, 0x6f, 0x77, 0x08, 0x6e, 0x6c, 0x65, 0x71,
 0x0a, 0x6e, 0x6c, 0x65, 0x71, 0x71, 0x12, 0x6e,
 0x6c, 0x65, 0x71, 0x73, 0x6c, 0x61, 0x6e, 0x74,
 0x08, 0x6e, 0x6c, 0x65, 0x73, 0x0a, 0x6e, 0x6c,
 0x65, 0x73, 0x73, 0x0a, 0x6e, 0x6c, 0x73, 0x69,
 0x6d, 0x06, 0x6e, 0x6c, 0x74, 0x0a, 0x6e, 0x6c,
 0x74, 0x72, 0x69, 0x0c, 0x6e, 0x6c, 0x74, 0x72,
 0x69, 0x65, 0x08, 0x6e, 0x6d, 0x69, 0x64, 0x05,
 0x35, 0xd8, 0x5f, 0xdd, 0x08, 0x6e, 0x6f, 0x70,
 0x66, 0x02, 0xac, 0x06, 0x6e, 0x6f, 0x74, 0x0a,
 0x6e, 0x6f, 0x74, 0x69, 0x6e, 0x05, 0xf9, 0x22,
 0x38, 0x03, 0x0c, 0x6e, 0x6f, 0x74, 0x69, 0x6e,
 0x45, 0x05, 0xf5, 0x22, 0x38, 0x03, 0x10, 0x6e,
 0x6f, 0x74, 0x69, 0x6e, 0x64, 0x6f, 0x74, 0x0e,
 0x6e, 0x6f, 0x74, 0x69, 0x6e, 0x76, 0x61, 0x03,
 0xf7, 0x22, 0x0e, 0x6e, 0x6f, 0x74, 0x69, 0x6e,
 0x76, 0x62, 0x03, 0xf6, 0x22, 0x0e, 0x6e, 0x6f,
 0x74, 0x69, 0x6e, 0x76, 0x63, 0x0a, 0x6e, 0x6f,
 0x74, 0x6e, 0x69, 0x0e, 0x6e, 0x6f, 0x74, 0x6e,
 0x69, 0x76, 0x61, 0x03, 0xfe, 0x22, 0x0e, 0x6e,
 0x6f, 0x74, 0x6e, 0x69, 0x76, 0x62, 0x03, 0xfd,
 0x22, 0x0e, 0x6e, 0x6f, 0x74, 0x6e, 0x69, 0x76,
 0x63, 0x08, 0x6e, 0x70, 0x61, 0x72, 0x12, 0x6e,
 0x70, 0x61, 0x72, 0x61, 0x6c, 0x6c, 0x65, 0x6c,
 0x05, 0xfd, 0x2a, 0xe5, 0x20, 0x0c, 0x6e, 0x70,
 0x61, 0x72, 0x73, 0x6c, 0x05, 0x02, 0x22, 0x38,
 0x03, 0x0a, 0x6e, 0x70, 0x61, 0x72, 0x74, 0x03,
 0x14, 0x2a, 0x0e, 0x6e, 0x70, 0x6f, 0x6c, 0x69,
 0x6e, 0x74, 0x06, 0x6e, 0x70, 0x72, 0x0c, 0x6e,
 0x70, 0x72, 0x63, 0x75, 0x65, 0x08, 0x6e, 0x70,
 0x72, 0x65, 0x0a, 0x6e, 0x70, 0x72, 0x65, 0x63,
 0x0e, 0x6e, 0x70, 0x72, 0x65, 0x63, 0x65, 0x71,
 0x0a, 0x6e, 0x72, 0x41, 0x72, 0x72, 0x03, 0x9b,
 0x21, 0x0a, 0x6e, 0x72, 0x61, 0x72, 0x72, 0x05,
 0x33, 0x29, 0x38, 0x03, 0x0c, 0x6e, 0x72, 0x61,
 0x72, 0x72, 0x63, 0x05, 0x9d, 0x21, 0x38, 0x03,
 0x0c, 0x6e, 0x72, 0x61, 0x72, 0x72, 0x77, 0x16,
 0x6e, 0x72, 0x69, 0x67, 0x68, 0x74, 0x61, 0x72,
 0x72, 0x6f, 0x77, 0x0a, 0x6e, 0x72, 0x74, 0x72,
 0x69, 0x0c, 0x6e, 0x72, 0x74, 0x72, 0x69, 0x65,
 0x06, 0x6e, 0x73, 0x63, 0x0c, 0x6e, 0x73, 0x63,
 0x63, 0x75, 0x65, 0x08, 0x6e, 0x73, 0x63, 0x65,
 0x05, 0x35, 0xd8, 0xc3, 0xdc, 0x08, 0x6e, 0x73,
 0x63, 0x72, 0x12, 0x6e, 0x73, 0x68, 0x6f, 0x72,
 0x74, 0x6d, 0x69, 0x64, 0x1c, 0x6e, 0x73, 0x68,
 0x6f, 0x72, 0x74, 0x70, 0x61, 0x72, 0x61, 0x6c,
 0x6c, 0x65, 0x6c, 0x08, 0x6e, 0x73, 0x69, 0x6d,
 0x0a, 0x6e, 0x73, 0x69, 0x6d, 0x65, 0x0c, 0x6e,
 0x73, 0x69, 0x6d, 0x65, 0x71, 0x0a, 0x6e, 0x73,
 0x6d, 0x69, 0x64, 0x0a, 0x6e, 0x73, 0x70, 0x61,
 0x72, 0x0e, 0x6e, 0x73, 0x71, 0x73, 0x75, 0x62,
 0x65, 0x0e, 0x6e, 0x73, 0x71, 0x73, 0x75, 0x70,
 0x65, 0x03, 0x84, 0x22, 0x08, 0x6e, 0x73, 0x75,
 0x62, 0x05, 0xc5, 0x2a, 0x38, 0x03, 0x0a, 0x6e,
 0x73, 0x75, 0x62, 0x45, 0x0a, 0x6e, 0x73, 0x75,
 0x62, 0x65, 0x0e, 0x6e, 0x73, 0x75, 0x62, 0x73,
 0x65, 0x74, 0x12, 0x6e, 0x73, 0x75, 0x62, 0x73,
 0x65, 0x74, 0x65, 0x71, 0x14, 0x6e, 0x73, 0x75,
 0x62, 0x73, 0x65, 0x74, 0x65, 0x71, 0x71, 0x0a,
 0x6e, 0x73, 0x75, 0x63, 0x63, 0x0e, 0x6e, 0x73,
 0x75, 0x63, 0x63, 0x65, 0x71, 0x03, 0x85, 0x22,
 0x08, 0x6e, 0x73, 0x75, 0x70, 0x05, 0xc6, 0x2a,
 0x38, 0x03, 0x0a, 0x6e, 0x73, 0x75, 0x70, 0x45,
 0x0a, 0x6e, 0x73, 0x75, 0x70, 0x65, 0x0e, 0x6e,
 0x73, 0x75, 0x70, 0x73, 0x65, 0x74, 0x12, 0x6e,
 0x73, 0x75, 0x70, 0x73, 0x65, 0x74, 0x65, 0x71,
 0x14, 0x6e, 0x73, 0x75, 0x70, 0x73, 0x65, 0x74,
 0x65, 0x71, 0x71, 0x08, 0x6e, 0x74, 0x67, 0x6c,
 0x02, 0xf1, 0x0c, 0x6e, 0x74, 0x69, 0x6c, 0x64,
 0x65, 0x08, 0x6e, 0x74, 0x6c, 0x67, 0x1a, 0x6e,
 0x74, 0x72, 0x69, 0x61, 0x6e, 0x67, 0x6c, 0x65,
 0x6c, 0x65, 0x66, 0x74, 0x1e, 0x6e, 0x74, 0x72,
 0x69, 0x61, 0x6e, 0x67, 0x6c, 0x65, 0x6c, 0x65,
 0x66, 0x74, 0x65, 0x71, 0x1c, 0x6e, 0x74, 0x72,
 0x69, 0x61, 0x6e, 0x67, 0x6c, 0x65, 0x72, 0x69,
 0x67, 0x68, 0x74, 0x20, 0x6e, 0x74, 0x72, 0x69,
 0x61, 0x6e, 0x67, 0x6c, 0x65, 0x72, 0x69, 0x67,
 0x68, 0x74, 0x65, 0x71, 0x03, 0xbd, 0x03, 0x04,
 0x6e, 0x75, 0x06, 0x6e, 0x75, 0x6d, 0x03, 0x16,
 0x21, 0x0c, 0x6e, 0x75, 0x6d, 0x65, 0x72, 0x6f,
 0x03, 0x07, 0x20, 0x0a, 0x6e, 0x75, 0x6d, 0x73,
 0x70, 0x03, 0xad, 0x22, 0x0c, 0x6e, 0x76, 0x44,
 0x61, 0x73, 0x68, 0x03, 0x04, 0x29, 0x0c, 0x6e,
 0x76, 0x48, 0x61, 0x72, 0x72, 0x05, 0x4d, 0x22,
 0xd2, 0x20, 0x08, 0x6e, 0x76, 0x61, 0x70, 0x03,
 0xac, 0x22, 0x0c, 0x6e, 0x76, 0x64, 0x61, 0x73,
 0x68, 0x05, 0x65, 0x22, 0xd2, 0x20, 0x08, 0x6e,
 0x76, 0x67, 0x65, 0x05, 0x3e, 0x00, 0xd2, 0x20,
 0x08, 0x6e, 0x76, 0x67, 0x74, 0x03, 0xde, 0x29,
 0x0e, 0x6e, 0x76, 0x69, 0x6e, 0x66, 0x69, 0x6e,
 0x03, 0x02, 0x29, 0x0c, 0x6e, 0x76, 0x6c, 0x41,
 0x72, 0x72, 0x05, 0x64, 0x22, 0xd2, 0x20, 0x08,
 0x6e, 0x76, 0x6c, 0x65, 0x05, 0x3c, 0x00, 0xd2,
 0x20, 0x08, 0x6e, 0x76, 0x6c, 0x74, 0x05, 0xb4,
 0x22, 0xd2, 0x20, 0x0e, 0x6e, 0x76, 0x6c, 0x74,
 0x72, 0x69, 0x65, 0x03, 0x03, 0x29, 0x0c, 0x6e,
 0x76, 0x72, 0x41, 0x72, 0x72, 0x05, 0xb5, 0x22,
 0xd2, 0x20, 0x0e, 0x6e, 0x76, 0x72, 0x74, 0x72,
 0x69, 0x65, 0x05, 0x3c, 0x22, 0xd2, 0x20, 0x0a,
 0x6e, 0x76, 0x73, 0x69, 0x6d, 0x03, 0xd6, 0x21,
 0x0a, 0x6e, 0x77, 0x41, 0x72, 0x72, 0x03, 0x23,
 0x29, 0x0c, 0x6e, 0x77, 0x61, 0x72, 0x68, 0x6b,
 0x0a, 0x6e, 0x77, 0x61, 0x72, 0x72, 0x0e, 0x6e,
 0x77, 0x61, 0x72, 0x72, 0x6f, 0x77, 0x03, 0x27,
 0x29, 0x0c, 0x6e, 0x77, 0x6e, 0x65, 0x61, 0x72,
 0x04, 0x6f, 0x53, 0x02, 0xf3, 0x0c, 0x6f, 0x61,
 0x63, 0x75, 0x74, 0x65, 0x08, 0x6f, 0x61, 0x73,
 0x74, 0x08, 0x6f, 0x63, 0x69, 0x72, 0x02, 0xf4,
 0x0a, 0x6f, 0x63, 0x69, 0x72, 0x63, 0x03, 0x3e,
 0x04, 0x06, 0x6f, 0x63, 0x79, 0x0a, 0x6f, 0x64,
 0x61, 0x73, 0x68, 0x03, 0x51, 0x01, 0x0c, 0x6f,
 0x64, 0x62, 0x6c, 0x61, 0x63, 0x03, 0x38, 0x2a,
 0x08, 0x6f, 0x64, 0x69, 0x76, 0x08, 0x6f, 0x64,
 0x6f, 0x74, 0x03, 0xbc, 0x29, 0x0c, 0x6f, 0x64,
 0x73, 0x6f, 0x6c, 0x64, 0x03, 0x53, 0x01, 0x0a,
 0x6f, 0x65, 0x6c, 0x69, 0x67, 0x03, 0xbf, 0x29,
 0x0a, 0x6f, 0x66, 0x63, 0x69, 0x72, 0x05, 0x35,
 0xd8, 0x2c, 0xdd, 0x06, 0x6f, 0x66, 0x72, 0x03,
 0xdb, 0x02, 0x08, 0x6f, 0x67, 0x6f, 0x6e, 0x02,
 0xf2, 0x0c, 0x6f, 0x67, 0x72, 0x61, 0x76, 0x65,
 0x03, 0xc1, 0x29, 0x06, 0x6f, 0x67, 0x74, 0x03,
 0xb5, 0x29, 0x0a, 0x6f, 0x68, 0x62, 0x61, 0x72,
 0x06, 0x6f, 0x68, 0x6d, 0x08, 0x6f, 0x69, 0x6e,
 0x74, 0x0a, 0x6f, 0x6c, 0x61, 0x72, 0x72, 0x03,
 0xbe, 0x29, 0x0a, 0x6f, 0x6c, 0x63, 0x69, 0x72,
 0x03, 0xbb, 0x29, 0x0e, 0x6f, 0x6c, 0x63, 0x72,
 0x6f, 0x73, 0x73, 0x0a, 0x6f, 0x6c, 0x69, 0x6e,
 0x65, 0x03, 0xc0, 0x29, 0x06, 0x6f, 0x6c, 0x74,
 0x03, 0x4d, 0x01, 0x0a, 0x6f, 0x6d, 0x61, 0x63,
 0x72, 0x03, 0xc9, 0x03, 0x0a, 0x6f, 0x6d, 0x65,
 0x67, 0x61, 0x03, 0xbf, 0x03, 0x0e, 0x6f, 0x6d,
 0x69, 0x63, 0x72, 0x6f, 0x6e, 0x03, 0xb6, 0x29,
 0x08, 0x6f, 0x6d, 0x69, 0x64, 0x0c, 0x6f, 0x6d,
 0x69, 0x6e, 0x75, 0x73, 0x05, 0x35, 0xd8, 0x60,
 0xdd, 0x08, 0x6f, 0x6f, 0x70, 0x66, 0x03, 0xb7,
 0x29, 0x08, 0x6f, 0x70, 0x61, 0x72, 0x03, 0xb9,
 0x29, 0x0a, 0x6f, 0x70, 0x65, 0x72, 0x70, 0x0a,
 0x6f, 0x70, 0x6c, 0x75, 0x73, 0x03, 0x28, 0x22,
 0x04, 0x6f, 0x72, 0x0a, 0x6f, 0x72, 0x61, 0x72,
 0x72, 0x03, 0x5d, 0x2a, 0x06, 0x6f, 0x72, 0x64,
 0x03, 0x34, 0x21, 0x0a, 0x6f, 0x72, 0x64, 0x65,
 0x72, 0x0e, 0x6f, 0x72, 0x64, 0x65, 0x72, 0x6f,
 0x66, 0x02, 0xaa, 0x08, 0x6f, 0x72, 0x64, 0x66,
 0x02, 0xba, 0x08, 0x6f, 0x72, 0x64, 0x6d, 0x03,
 0xb6, 0x22, 0x0c, 0x6f, 0x72, 0x69, 0x67, 0x6f,
 0x66, 0x03, 0x56, 0x2a, 0x08, 0x6f, 0x72, 0x6f,
 0x72, 0x03, 0x57, 0x2a, 0x0e, 0x6f, 0x72, 0x73,
 0x6c, 0x6f, 0x70, 0x65, 0x03, 0x5b, 0x2a, 0x06,
 0x6f, 0x72, 0x76, 0x08, 0x6f, 0x73, 0x63, 0x72,
 0x02, 0xf8, 0x0c, 0x6f, 0x73, 0x6c, 0x61, 0x73,
 0x68, 0x03, 0x98, 0x22, 0x08, 0x6f, 0x73, 0x6f,
 0x6c, 0x02, 0xf5, 0x0c, 0x6f, 0x74, 0x69, 0x6c,
 0x64, 0x65, 0x0c, 0x6f, 0x74, 0x69, 0x6d, 0x65,
 0x73, 0x03, 0x36, 0x2a, 0x10, 0x6f, 0x74, 0x69,
 0x6d, 0x65, 0x73, 0x61, 0x73, 0x02, 0xf6, 0x08,
 0x6f, 0x75, 0x6d, 0x6c, 0x03, 0x3d, 0x23, 0x0a,
 0x6f, 0x76, 0x62, 0x61, 0x72, 0x06, 0x70, 0x61,
 0x72, 0x02, 0xb6, 0x08, 0x70, 0x61, 0x72, 0x61,
 0x10, 0x70, 0x61, 0x72, 0x61, 0x6c, 0x6c, 0x65,
 0x6c, 0x03, 0xf3, 0x2a, 0x0c, 0x70, 0x61, 0x72,
 0x73, 0x69, 0x6d, 0x03, 0xfd, 0x2a, 0x0a, 0x70,
 0x61, 0x72, 0x73, 0x6c, 0x08, 0x70, 0x61, 0x72,
 0x74, 0x03, 0x3f, 0x04, 0x06, 0x70, 0x63, 0x79,
 0x0c, 0x70, 0x65, 0x72, 0x63, 0x6e, 0x74, 0x0c,
 0x70, 0x65, 0x72, 0x69, 0x6f, 0x64, 0x03, 0x30,
 0x20, 0x0c, 0x70, 0x65, 0x72, 0x6d, 0x69, 0x6c,
 0x08, 0x70, 0x65, 0x72, 0x70, 0x03, 0x31, 0x20,
 0x0e, 0x70, 0x65, 0x72, 0x74, 0x65, 0x6e, 0x6b,
 0x05, 0x35, 0xd8, 0x2d, 0xdd, 0x06, 0x70, 0x66,
 0x72, 0x03, 0xc6, 0x03, 0x06, 0x70, 0x68, 0x69,
 0x03, 0xd5, 0x03, 0x08, 0x70, 0x68, 0x69, 0x76,
 0x0c, 0x70, 0x68, 0x6d, 0x6d, 0x61, 0x74, 0x03,
 0x0e, 0x26, 0x0a, 0x70, 0x68, 0x6f, 0x6e, 0x65,
 0x03, 0xc0, 0x03, 0x04, 0x70, 0x69, 0x12, 0x70,
 0x69, 0x74, 0x63, 0x68, 0x66, 0x6f, 0x72, 0x6b,
 0x03, 0xd6, 0x03, 0x06, 0x70, 0x69, 0x76, 0x0c,
 0x70, 0x6c, 0x61, 0x6e, 0x63, 0x6b, 0x03, 0x0e,
 0x21, 0x0e, 0x70, 0x6c, 0x61, 0x6e, 0x63, 0x6b,
 0x68, 0x0c, 0x70, 0x6c, 0x61, 0x6e, 0x6b, 0x76,
 0x08, 0x70, 0x6c, 0x75, 0x73, 0x03, 0x23, 0x2a,
 0x10, 0x70, 0x6c, 0x75, 0x73, 0x61, 0x63, 0x69,
 0x72, 0x0a, 0x70, 0x6c, 0x75, 0x73, 0x62, 0x03,
 0x22, 0x2a, 0x0e, 0x70, 0x6c, 0x75, 0x73, 0x63,
 0x69, 0x72, 0x0c, 0x70, 0x6c, 0x75, 0x73, 0x64,
 0x6f, 0x03, 0x25, 0x2a, 0x0c, 0x70, 0x6c, 0x75,
 0x73, 0x64, 0x75, 0x03, 0x72, 0x2a, 0x0a, 0x70,
 0x6c, 0x75, 0x73, 0x65, 0x0c, 0x70, 0x6c, 0x75,
 0x73, 0x6d, 0x6e, 0x03, 0x26, 0x2a, 0x0e, 0x70,
 0x6c, 0x75, 0x73, 0x73, 0x69, 0x6d, 0x03, 0x27,
 0x2a, 0x0e, 0x70, 0x6c, 0x75, 0x73, 0x74, 0x77,
 0x6f, 0x04, 0x70, 0x6d, 0x03, 0x15, 0x2a, 0x10,
 0x70, 0x6f, 0x69, 0x6e, 0x74, 0x69, 0x6e, 0x74,
 0x05, 0x35, 0xd8, 0x61, 0xdd, 0x08, 0x70, 0x6f,
 0x70, 0x66, 0x02, 0xa3, 0x0a, 0x70, 0x6f, 0x75,
 0x6e, 0x64, 0x04, 0x70, 0x72, 0x03, 0xb3, 0x2a,
 0x06, 0x70, 0x72, 0x45, 0x03, 0xb7, 0x2a, 0x08,
 0x70, 0x72, 0x61, 0x70, 0x0a, 0x70, 0x72, 0x63,
 0x75, 0x65, 0x06, 0x70, 0x72, 0x65, 0x08, 0x70,
 0x72, 0x65, 0x63, 0x14, 0x70, 0x72, 0x65, 0x63,
 0x61, 0x70, 0x70, 0x72, 0x6f, 0x78, 0x16, 0x70,
 0x72, 0x65, 0x63, 0x63, 0x75, 0x72, 0x6c, 0x79,
 0x65, 0x71, 0x0c, 0x70, 0x72, 0x65, 0x63, 0x65,
 0x71, 0x03, 0xb9, 0x2a, 0x16, 0x70, 0x72, 0x65,
 0x63, 0x6e, 0x61, 0x70, 0x70, 0x72, 0x6f, 0x78,
 0x03, 0xb5, 0x2a, 0x10, 0x70, 0x72, 0x65, 0x63,
 0x6e, 0x65, 0x71, 0x71, 0x03, 0xe8, 0x22, 0x10,
 0x70, 0x72, 0x65, 0x63, 0x6e, 0x73, 0x69, 0x6d,
 0x0e, 0x70, 0x72, 0x65, 0x63, 0x73, 0x69, 0x6d,
 0x03, 0x32, 0x20, 0x0a, 0x70, 0x72, 0x69, 0x6d,
 0x65, 0x0c, 0x70, 0x72, 0x69, 0x6d, 0x65, 0x73,
 0x08, 0x70, 0x72, 0x6e, 0x45, 0x0a, 0x70, 0x72,
 0x6e, 0x61, 0x70, 0x0c, 0x70, 0x72, 0x6e, 0x73,
 0x69, 0x6d, 0x08, 0x70, 0x72, 0x6f, 0x64, 0x03,
 0x2e, 0x23, 0x10, 0x70, 0x72, 0x6f, 0x66, 0x61,
 0x6c, 0x61, 0x72, 0x03, 0x12, 0x23, 0x10, 0x70,
 0x72, 0x6f, 0x66, 0x6c, 0x69, 0x6e, 0x65, 0x03,
 0x13, 0x23, 0x10, 0x70, 0x72, 0x6f, 0x66, 0x73,
 0x75, 0x72, 0x66, 0x08, 0x70, 0x72, 0x6f, 0x70,
 0x0c, 0x70, 0x72, 0x6f, 0x70, 0x74, 0x6f, 0x0a,
 0x70, 0x72, 0x73, 0x69, 0x6d, 0x03, 0xb0, 0x22,
 0x0c, 0x70, 0x72, 0x75, 0x72, 0x65, 0x6c, 0x05,
 0x35, 0xd8, 0xc5, 0xdc, 0x08, 0x70, 0x73, 0x63,
 0x72, 0x03, 0xc8, 0x03, 0x06, 0x70, 0x73, 0x69,
 0x03, 0x08, 0x20, 0x0c, 0x70, 0x75, 0x6e, 0x63,
 0x73, 0x70, 0x05, 0x35, 0xd8, 0x2e, 0xdd, 0x06,
 0x71, 0x66, 0x72, 0x08, 0x71, 0x69, 0x6e, 0x74,
 0x05, 0x35, 0xd8, 0x62, 0xdd, 0x08, 0x71, 0x6f,
 0x70, 0x66, 0x03, 0x57, 0x20, 0x0c, 0x71, 0x70,
 0x72, 0x69, 0x6d, 0x65, 0x05, 0x35, 0xd8, 0xc6,
 0xdc, 0x08, 0x71, 0x73, 0x63, 0x72, 0x16, 0x71,
 0x75, 0x61, 0x74, 0x65, 0x72, 0x6e, 0x69, 0x6f,
 0x6e, 0x73, 0x03, 0x16, 0x2a, 0x0e, 0x71, 0x75,
 0x61, 0x74, 0x69, 0x6e, 0x74, 0x0a, 0x71, 0x75,
 0x65, 0x73, 0x74, 0x0e, 0x71, 0x75, 0x65, 0x73,
 0x74, 0x65, 0x71, 0x08, 0x71, 0x75, 0x6f, 0x74,
 0x0a, 0x72, 0x41, 0x61, 0x72, 0x72, 0x08, 0x72,
 0x41, 0x72, 0x72, 0x03, 0x1c, 0x29, 0x0c, 0x72,
 0x41, 0x74, 0x61, 0x69, 0x6c, 0x0a, 0x72, 0x42,
 0x61, 0x72, 0x72, 0x03, 0x64, 0x29, 0x08, 0x72,
 0x48, 0x61, 0x72, 0x05, 0x3d, 0x22, 0x31, 0x03,
 0x08, 0x72, 0x61, 0x63, 0x65, 0x03, 0x55, 0x01,
 0x0c, 0x72, 0x61, 0x63, 0x75, 0x74, 0x65, 0x0a,
 0x72, 0x61, 0x64, 0x69, 0x63, 0x03, 0xb3, 0x29,
 0x10, 0x72, 0x61, 0x65, 0x6d, 0x70, 0x74, 0x79,
 0x76, 0x08, 0x72, 0x61, 0x6e, 0x67, 0x03, 0x92,
 0x29, 0x0a, 0x72, 0x61, 0x6e, 0x67, 0x64, 0x03,
 0xa5, 0x29, 0x0a, 0x72, 0x61, 0x6e, 0x67, 0x65,
 0x0c, 0x72, 0x61, 0x6e, 0x67, 0x6c, 0x65, 0x02,
 0xbb, 0x0a, 0x72, 0x61, 0x71, 0x75, 0x6f, 0x08,
 0x72, 0x61, 0x72, 0x72, 0x03, 0x75, 0x29, 0x0c,
 0x72, 0x61, 0x72, 0x72, 0x61, 0x70, 0x0a, 0x72,
 0x61, 0x72, 0x72, 0x62, 0x03, 0x20, 0x29, 0x0e,
 0x72, 0x61, 0x72, 0x72, 0x62, 0x66, 0x73, 0x03,
 0x33, 0x29, 0x0a, 0x72, 0x61, 0x72, 0x72, 0x63,
 0x03, 0x1e, 0x29, 0x0c, 0x72, 0x61, 0x72, 0x72,
 0x66, 0x73, 0x0c, 0x72, 0x61, 0x72, 0x72, 0x68,
 0x6b, 0x0c, 0x72, 0x61, 0x72, 0x72, 0x6c, 0x70,
 0x03, 0x45, 0x29, 0x0c, 0x72, 0x61, 0x72, 0x72,
 0x70, 0x6c, 0x03, 0x74, 0x29, 0x0e, 0x72, 0x61,
 0x72, 0x72, 0x73, 0x69, 0x6d, 0x03, 0xa3, 0x21,
 0x0c, 0x72, 0x61, 0x72, 0x72, 0x74, 0x6c, 0x03,
 0x9d, 0x21, 0x0a, 0x72, 0x61, 0x72, 0x72, 0x77,
 0x03, 0x1a, 0x29, 0x0c, 0x72, 0x61, 0x74, 0x61,
 0x69, 0x6c, 0x03, 0x36, 0x22, 0x0a, 0x72, 0x61,
 0x74, 0x69, 0x6f, 0x12, 0x72, 0x61, 0x74, 0x69,
 0x6f, 0x6e, 0x61, 0x6c, 0x73, 0x0a, 0x72, 0x62,
 0x61, 0x72, 0x72, 0x03, 0x73, 0x27, 0x0a, 0x72,
 0x62, 0x62, 0x72, 0x6b, 0x0c, 0x72, 0x62, 0x72,
 0x61, 0x63, 0x65, 0x0c, 0x72, 0x62, 0x72, 0x61,
 0x63, 0x6b, 0x03, 0x8c, 0x29, 0x0a, 0x72, 0x62,
 0x72, 0x6b, 0x65, 0x03, 0x8e, 0x29, 0x0e, 0x72,
 0x62, 0x72, 0x6b, 0x73, 0x6c, 0x64, 0x03, 0x90,
 0x29, 0x0e, 0x72, 0x62, 0x72, 0x6b, 0x73, 0x6c,
 0x75, 0x03, 0x59, 0x01, 0x0c, 0x72, 0x63, 0x61,
 0x72, 0x6f, 0x6e, 0x03, 0x57, 0x01, 0x0c, 0x72,
 0x63, 0x65, 0x64, 0x69, 0x6c, 0x0a, 0x72, 0x63,
 0x65, 0x69, 0x6c, 0x08, 0x72, 0x63, 0x75, 0x62,
 0x03, 0x40, 0x04, 0x06, 0x72, 0x63, 0x79, 0x03,
 0x37, 0x29, 0x08, 0x72, 0x64, 0x63, 0x61, 0x03,
 0x69, 0x29, 0x0e, 0x72, 0x64, 0x6c, 0x64, 0x68,
 0x61, 0x72, 0x0a, 0x72, 0x64, 0x71, 0x75, 0x6f,
 0x0c, 0x72, 0x64, 0x71, 0x75, 0x6f, 0x72, 0x03,
 0xb3, 0x21, 0x08, 0x72, 0x64, 0x73, 0x68, 0x08,
 0x72, 0x65, 0x61, 0x6c, 0x0e, 0x72, 0x65, 0x61,
 0x6c, 0x69, 0x6e, 0x65, 0x10, 0x72, 0x65, 0x61,
 0x6c, 0x70, 0x61, 0x72, 0x74, 0x0a, 0x72, 0x65,
 0x61, 0x6c, 0x73, 0x03, 0xad, 0x25, 0x08, 0x72,
 0x65, 0x63, 0x74, 0x06, 0x72, 0x65, 0x67, 0x03,
 0x7d, 0x29, 0x0c, 0x72, 0x66, 0x69, 0x73, 0x68,
 0x74, 0x0c, 0x72, 0x66, 0x6c, 0x6f, 0x6f, 0x72,
 0x05, 0x35, 0xd8, 0x2f, 0xdd, 0x06, 0x72, 0x66,
 0x72, 0x0a, 0x72, 0x68, 0x61, 0x72, 0x64, 0x0a,
 0x72, 0x68, 0x61, 0x72, 0x75, 0x03, 0x6c, 0x29,
 0x0c, 0x72, 0x68, 0x61, 0x72, 0x75, 0x6c, 0x03,
 0xc1, 0x03, 0x06, 0x72, 0x68, 0x6f, 0x03, 0xf1,
 0x03, 0x08, 0x72, 0x68, 0x6f, 0x76, 0x14, 0x72,
 0x69, 0x67, 0x68, 0x74, 0x61, 0x72, 0x72, 0x6f,
 0x77, 0x1c, 0x72, 0x69, 0x67, 0x68, 0x74, 0x61,
 0x72, 0x72, 0x6f, 0x77, 0x74, 0x61, 0x69, 0x6c,
 0x20, 0x72, 0x69, 0x67, 0x68, 0x74, 0x68, 0x61,
 0x72, 0x70, 0x6f, 0x6f, 0x6e, 0x64, 0x6f, 0x77,
 0x6e, 0x1c, 0x72, 0x69, 0x67, 0x68, 0x74, 0x68,
 0x61, 0x72, 0x70, 0x6f, 0x6f, 0x6e, 0x75, 0x70,
 0x1e, 0x72, 0x69, 0x67, 0x68, 0x74, 0x6c, 0x65,
 0x66, 0x74, 0x61, 0x72, 0x72, 0x6f, 0x77, 0x73,
 0x22, 0x72, 0x69, 0x67, 0x68, 0x74, 0x6c, 0x65,
 0x66, 0x74, 0x68, 0x61, 0x72, 0x70, 0x6f, 0x6f,
 0x6e, 0x73, 0x03, 0xc9, 0x21, 0x20, 0x72, 0x69,
 0x67, 0x68, 0x74, 0x72, 0x69, 0x67, 0x68, 0x74,
 0x61, 0x72, 0x72, 0x6f, 0x77, 0x73, 0x1e, 0x72,
 0x69, 0x67, 0x68, 0x74, 0x73, 0x71, 0x75, 0x69,
 0x67, 0x61, 0x72, 0x72, 0x6f, 0x77, 0x03, 0xcc,
 0x22, 0x1e, 0x72, 0x69, 0x67, 0x68, 0x74, 0x74,
 0x68, 0x72, 0x65, 0x65, 0x74, 0x69, 0x6d, 0x65,
 0x73, 0x03, 0xda, 0x02, 0x08, 0x72, 0x69, 0x6e,
 0x67, 0x18, 0x72, 0x69, 0x73, 0x69, 0x6e, 0x67,
 0x64, 0x6f, 0x74, 0x73, 0x65, 0x71, 0x0a, 0x72,
 0x6c, 0x61, 0x72, 0x72, 0x0a, 0x72, 0x6c, 0x68,
 0x61, 0x72, 0x03, 0x0f, 0x20, 0x06, 0x72, 0x6c,
 0x6d, 0x03, 0xb1, 0x23, 0x0c, 0x72, 0x6d, 0x6f,
 0x75, 0x73, 0x74, 0x14, 0x72, 0x6d, 0x6f, 0x75,
 0x73, 0x74, 0x61, 0x63, 0x68, 0x65, 0x03, 0xee,
 0x2a, 0x0a, 0x72, 0x6e, 0x6d, 0x69, 0x64, 0x03,
 0xed, 0x27, 0x0a, 0x72, 0x6f, 0x61, 0x6e, 0x67,
 0x03, 0xfe, 0x21, 0x0a, 0x72, 0x6f, 0x61, 0x72,
 0x72, 0x0a, 0x72, 0x6f, 0x62, 0x72, 0x6b, 0x03,
 0x86, 0x29, 0x0a, 0x72, 0x6f, 0x70, 0x61, 0x72,
 0x05, 0x35, 0xd8, 0x63, 0xdd, 0x08, 0x72, 0x6f,
 0x70, 0x66, 0x03, 0x2e, 0x2a, 0x0c, 0x72, 0x6f,
 0x70, 0x6c, 0x75, 0x73, 0x03, 0x35, 0x2a, 0x0e,
 0x72, 0x6f, 0x74, 0x69, 0x6d, 0x65, 0x73, 0x08,
 0x72, 0x70, 0x61, 0x72, 0x03, 0x94, 0x29, 0x0c,
 0x72, 0x70, 0x61, 0x72, 0x67, 0x74, 0x03, 0x12,
 0x2a, 0x10, 0x72, 0x70, 0x70, 0x6f, 0x6c, 0x69,
 0x6e, 0x74, 0x0a, 0x72, 0x72, 0x61, 0x72, 0x72,
 0x03, 0x3a, 0x20, 0x0c, 0x72, 0x73, 0x61, 0x71,
 0x75, 0x6f, 0x05, 0x35, 0xd8, 0xc7, 0xdc, 0x08,
 0x72, 0x73, 0x63, 0x72, 0x06, 0x72, 0x73, 0x68,
 0x08, 0x72, 0x73, 0x71, 0x62, 0x0a, 0x72, 0x73,
 0x71, 0x75, 0x6f, 0x0c, 0x72, 0x73, 0x71, 0x75,
 0x6f, 0x72, 0x0c, 0x72, 0x74, 0x68, 0x72, 0x65,
 0x65, 0x03, 0xca, 0x22, 0x0c, 0x72, 0x74, 0x69,
 0x6d, 0x65, 0x73, 0x03, 0xb9, 0x25, 0x08, 0x72,
 0x74, 0x72, 0x69, 0x0a, 0x72, 0x74, 0x72, 0x69,
 0x65, 0x0a, 0x72, 0x74, 0x72, 0x69, 0x66, 0x03,
 0xce, 0x29, 0x10, 0x72, 0x74, 0x72, 0x69, 0x6c,
 0x74, 0x72, 0x69, 0x03, 0x68, 0x29, 0x0e, 0x72,
 0x75, 0x6c, 0x75, 0x68, 0x61, 0x72, 0x03, 0x1e,
 0x21, 0x04, 0x72, 0x78, 0x03, 0x5b, 0x01, 0x0c,
 0x73, 0x61, 0x63, 0x75, 0x74, 0x65, 0x0a, 0x73,
 0x62, 0x71, 0x75, 0x6f, 0x04, 0x73, 0x63, 0x03,
 0xb4, 0x2a, 0x06, 0x73, 0x63, 0x45, 0x03, 0xb8,
 0x2a, 0x08, 0x73, 0x63, 0x61, 0x70, 0x03, 0x61,
 0x01, 0x0c, 0x73, 0x63, 0x61, 0x72, 0x6f, 0x6e,
 0x0a, 0x73, 0x63, 0x63, 0x75, 0x65, 0x06, 0x73,
 0x63, 0x65, 0x03, 0x5f, 0x01, 0x0c, 0x73, 0x63,
 0x65, 0x64, 0x69, 0x6c, 0x03, 0x5d, 0x01, 0x0a,
 0x73, 0x63, 0x69, 0x72, 0x63, 0x03, 0xb6, 0x2a,
 0x08, 0x73, 0x63, 0x6e, 0x45, 0x03, 0xba, 0x2a,
 0x0a, 0x73, 0x63, 0x6e, 0x61, 0x70, 0x03, 0xe9,
 0x22, 0x0c, 0x73, 0x63, 0x6e, 0x73, 0x69, 0x6d,
 0x03, 0x13, 0x2a, 0x10, 0x73, 0x63, 0x70, 0x6f,
 0x6c, 0x69, 0x6e, 0x74, 0x0a, 0x73, 0x63, 0x73,
 0x69, 0x6d, 0x03, 0x41, 0x04, 0x06, 0x73, 0x63,
 0x79, 0x03, 0xc5, 0x22, 0x08, 0x73, 0x64, 0x6f,
 0x74, 0x0a, 0x73, 0x64, 0x6f, 0x74, 0x62, 0x03,
 0x66, 0x2a, 0x0a, 0x73, 0x64, 0x6f, 0x74, 0x65,
 0x03, 0xd8, 0x21, 0x0a, 0x73, 0x65, 0x41, 0x72,
 0x72, 0x0c, 0x73, 0x65, 0x61, 0x72, 0x68, 0x6b,
 0x0a, 0x73, 0x65, 0x61, 0x72, 0x72, 0x0e, 0x73,
 0x65, 0x61, 0x72, 0x72, 0x6f, 0x77, 0x02, 0xa7,
 0x08, 0x73, 0x65, 0x63, 0x74, 0x08, 0x73, 0x65,
 0x6d, 0x69, 0x03, 0x29, 0x29, 0x0c, 0x73, 0x65,
 0x73, 0x77, 0x61, 0x72, 0x10, 0x73, 0x65, 0x74,
 0x6d, 0x69, 0x6e, 0x75, 0x73, 0x0a, 0x73, 0x65,
 0x74, 0x6d, 0x6e, 0x03, 0x36, 0x27, 0x08, 0x73,
 0x65, 0x78, 0x74, 0x05, 0x35, 0xd8, 0x30, 0xdd,
 0x06, 0x73, 0x66, 0x72, 0x0c, 0x73, 0x66, 0x72,
 0x6f, 0x77, 0x6e, 0x03, 0x6f, 0x26, 0x0a, 0x73,
 0x68, 0x61, 0x72, 0x70, 0x03, 0x49, 0x04, 0x0c,
 0x73, 0x68, 0x63, 0x68, 0x63, 0x79, 0x03, 0x48,
 0x04, 0x08, 0x73, 0x68, 0x63, 0x79, 0x10, 0x73,
 0x68, 0x6f, 0x72, 0x74, 0x6d, 0x69, 0x64, 0x1a,
 0x73, 0x68, 0x6f, 0x72, 0x74, 0x70, 0x61, 0x72,
 0x61, 0x6c, 0x6c, 0x65, 0x6c, 0x02, 0xad, 0x06,
 0x73, 0x68, 0x79, 0x03, 0xc3, 0x03, 0x0a, 0x73,
 0x69, 0x67, 0x6d, 0x61, 0x03, 0xc2, 0x03, 0x0c,
 0x73, 0x69, 0x67, 0x6d, 0x61, 0x66, 0x0c, 0x73,
 0x69, 0x67, 0x6d, 0x61, 0x76, 0x06, 0x73, 0x69,
 0x6d, 0x03, 0x6a, 0x2a, 0x0c, 0x73, 0x69, 0x6d,
 0x64, 0x6f, 0x74, 0x08, 0x73, 0x69, 0x6d, 0x65,
 0x0a, 0x73, 0x69, 0x6d, 0x65, 0x71, 0x03, 0x9e,
 0x2a, 0x08, 0x73, 0x69, 0x6d, 0x67, 0x03, 0xa0,
 0x2a, 0x0a, 0x73, 0x69, 0x6d, 0x67, 0x45, 0x03,
 0x9d, 0x2a, 0x08, 0x73, 0x69, 0x6d, 0x6c, 0x03,
 0x9f, 0x2a, 0x0a, 0x73, 0x69, 0x6d, 0x6c, 0x45,
 0x03, 0x46, 0x22, 0x0a, 0x73, 0x69, 0x6d, 0x6e,
 0x65, 0x03, 0x24, 0x2a, 0x0e, 0x73, 0x69, 0x6d,
 0x70, 0x6c, 0x75, 0x73, 0x03, 0x72, 0x29, 0x0e,
 0x73, 0x69, 0x6d, 0x72, 0x61, 0x72, 0x72, 0x0a,
 0x73, 0x6c, 0x61, 0x72, 0x72, 0x1a, 0x73, 0x6d,
 0x61, 0x6c, 0x6c, 0x73, 0x65, 0x74, 0x6d, 0x69,
 0x6e, 0x75, 0x73, 0x03, 0x33, 0x2a, 0x0c, 0x73,
 0x6d, 0x61, 0x73, 0x68, 0x70, 0x03, 0xe4, 0x29,
 0x10, 0x73, 0x6d, 0x65, 0x70, 0x61, 0x72, 0x73,
 0x6c, 0x08, 0x73, 0x6d, 0x69, 0x64, 0x03, 0x23,
 0x23, 0x0a, 0x73, 0x6d, 0x69, 0x6c, 0x65, 0x03,
 0xaa, 0x2a, 0x06, 0x73, 0x6d, 0x74, 0x03, 0xac,
 0x2a, 0x08, 0x73, 0x6d, 0x74, 0x65, 0x05, 0xac,
 0x2a, 0x00, 0xfe, 0x0a, 0x73, 0x6d, 0x74, 0x65,
 0x73, 0x03, 0x4c, 0x04, 0x0c, 0x73, 0x6f, 0x66,
 0x74, 0x63, 0x79, 0x06, 0x73, 0x6f, 0x6c, 0x03,
 0xc4, 0x29, 0x08, 0x73, 0x6f, 0x6c, 0x62, 0x03,
 0x3f, 0x23, 0x0c, 0x73, 0x6f, 0x6c, 0x62, 0x61,
 0x72, 0x05, 0x35, 0xd8, 0x64, 0xdd, 0x08, 0x73,
 0x6f, 0x70, 0x66, 0x03, 0x60, 0x26, 0x0c, 0x73,
 0x70, 0x61, 0x64, 0x65, 0x73, 0x12, 0x73, 0x70,
 0x61, 0x64, 0x65, 0x73, 0x75, 0x69, 0x74, 0x08,
 0x73, 0x70, 0x61, 0x72, 0x0a, 0x73, 0x71, 0x63,
 0x61, 0x70, 0x05, 0x93, 0x22, 0x00, 0xfe, 0x0c,
 0x73, 0x71, 0x63, 0x61, 0x70, 0x73, 0x0a, 0x73,
 0x71, 0x63, 0x75, 0x70, 0x05, 0x94, 0x22, 0x00,
 0xfe, 0x0c, 0x73, 0x71, 0x63, 0x75, 0x70, 0x73,
 0x0a, 0x73, 0x71, 0x73, 0x75, 0x62, 0x0c, 0x73,
 0x71, 0x73, 0x75, 0x62, 0x65, 0x10, 0x73, 0x71,
 0x73, 0x75, 0x62, 0x73, 0x65, 0x74, 0x14, 0x73,
 0x71, 0x73, 0x75, 0x62, 0x73, 0x65, 0x74, 0x65,
 0x71, 0x0a, 0x73, 0x71, 0x73, 0x75, 0x70, 0x0c,
 0x73, 0x71, 0x73, 0x75, 0x70, 0x65, 0x10, 0x73,
 0x71, 0x73, 0x75, 0x70, 0x73, 0x65, 0x74, 0x14,
 0x73, 0x71, 0x73, 0x75, 0x70, 0x73, 0x65, 0x74,
 0x65, 0x71, 0x06, 0x73, 0x71, 0x75, 0x0c, 0x73,
 0x71, 0x75, 0x61, 0x72, 0x65, 0x0c, 0x73, 0x71,
 0x75, 0x61, 0x72, 0x66, 0x08, 0x73, 0x71, 0x75,
 0x66, 0x0a, 0x73, 0x72, 0x61, 0x72, 0x72, 0x05,
 0x35, 0xd8, 0xc8, 0xdc, 0x08, 0x73, 0x73, 0x63,
 0x72, 0x0c, 0x73, 0x73, 0x65, 0x74, 0x6d, 0x6e,
 0x0c, 0x73, 0x73, 0x6d, 0x69, 0x6c, 0x65, 0x0c,
 0x73, 0x73, 0x74, 0x61, 0x72, 0x66, 0x03, 0x06,
 0x26, 0x08, 0x73, 0x74, 0x61, 0x72, 0x0a, 0x73,
 0x74, 0x61, 0x72, 0x66, 0x1e, 0x73, 0x74, 0x72,
 0x61, 0x69, 0x67, 0x68, 0x74, 0x65, 0x70, 0x73,
 0x69, 0x6c, 0x6f, 0x6e, 0x16, 0x73, 0x74, 0x72,
 0x61, 0x69, 0x67, 0x68, 0x74, 0x70, 0x68, 0x69,
 0x0a, 0x73, 0x74, 0x72, 0x6e, 0x73, 0x03, 0x82,
 0x22, 0x06, 0x73, 0x75, 0x62, 0x03, 0xc5, 0x2a,
 0x08, 0x73, 0x75, 0x62, 0x45, 0x03, 0xbd, 0x2a,
 0x0c, 0x73, 0x75, 0x62, 0x64, 0x6f, 0x74, 0x08,
 0x73, 0x75, 0x62, 0x65, 0x03, 0xc3, 0x2a, 0x0e,
 0x73, 0x75, 0x62, 0x65, 0x64, 0x6f, 0x74, 0x03,
 0xc1, 0x2a, 0x0e, 0x73, 0x75, 0x62, 0x6d, 0x75,
 0x6c, 0x74, 0x03, 0xcb, 0x2a, 0x0a, 0x73, 0x75,
 0x62, 0x6e, 0x45, 0x03, 0x8a, 0x22, 0x0a, 0x73,
 0x75, 0x62, 0x6e, 0x65, 0x03, 0xbf, 0x2a, 0x0e,
 0x73, 0x75, 0x62, 0x70, 0x6c, 0x75, 0x73, 0x03,
 0x79, 0x29, 0x0e, 0x73, 0x75, 0x62, 0x72, 0x61,
 0x72, 0x72, 0x0c, 0x73, 0x75, 0x62, 0x73, 0x65,
 0x74, 0x10, 0x73, 0x75, 0x62, 0x73, 0x65, 0x74,
 0x65, 0x71, 0x12, 0x73, 0x75, 0x62, 0x73, 0x65,
 0x74, 0x65, 0x71, 0x71, 0x12, 0x73, 0x75, 0x62,
 0x73, 0x65, 0x74, 0x6e, 0x65, 0x71, 0x14, 0x73,
 0x75, 0x62, 0x73, 0x65, 0x74, 0x6e, 0x65, 0x71,
 0x71, 0x03, 0xc7, 0x2a, 0x0c, 0x73, 0x75, 0x62,
 0x73, 0x69, 0x6d, 0x03, 0xd5, 0x2a, 0x0c, 0x73,
 0x75, 0x62, 0x73, 0x75, 0x62, 0x03, 0xd3, 0x2a,
 0x0c, 0x73, 0x75, 0x62, 0x73, 0x75, 0x70, 0x08,
 0x73, 0x75, 0x63, 0x63, 0x14, 0x73, 0x75, 0x63,
 0x63, 0x61, 0x70, 0x70, 0x72, 0x6f, 0x78, 0x16,
 0x73, 0x75, 0x63, 0x63, 0x63, 0x75, 0x72, 0x6c,
 0x79, 0x65, 0x71, 0x0c, 0x73, 0x75, 0x63, 0x63,
 0x65, 0x71, 0x16, 0x73, 0x75, 0x63, 0x63, 0x6e,
 0x61, 0x70, 0x70, 0x72, 0x6f, 0x78, 0x10, 0x73,
 0x75, 0x63, 0x63, 0x6e, 0x65, 0x71, 0x71, 0x10,
 0x73, 0x75, 0x63, 0x63, 0x6e, 0x73, 0x69, 0x6d,
 0x0e, 0x73, 0x75, 0x63, 0x63, 0x73, 0x69, 0x6d,
 0x06, 0x73, 0x75, 0x6d, 0x03, 0x6a, 0x26, 0x08,
 0x73, 0x75, 0x6e, 0x67, 0x02, 0xb9, 0x08, 0x73,
 0x75, 0x70, 0x31, 0x02, 0xb2, 0x08, 0x73, 0x75,
 0x70, 0x32, 0x02, 0xb3, 0x08, 0x73, 0x75, 0x70,
 0x33, 0x06, 0x73, 0x75, 0x70, 0x03, 0xc6, 0x2a,
 0x08, 0x73, 0x75, 0x70, 0x45, 0x03, 0xbe, 0x2a,
 0x0c, 0x73, 0x75, 0x70, 0x64, 0x6f, 0x74, 0x03,
 0xd8, 0x2a, 0x0e, 0x73, 0x75, 0x70, 0x64, 0x73,
 0x75, 0x62, 0x08, 0x73, 0x75, 0x70, 0x65, 0x03,
 0xc4, 0x2a, 0x0e, 0x73, 0x75, 0x70, 0x65, 0x64,
 0x6f, 0x74, 0x03, 0xc9, 0x27, 0x0e, 0x73, 0x75,
 0x70, 0x68, 0x73, 0x6f, 0x6c, 0x03, 0xd7, 0x2a,
 0x0e, 0x73, 0x75, 0x70, 0x68, 0x73, 0x75, 0x62,
 0x03, 0x7b, 0x29, 0x0e, 0x73, 0x75, 0x70, 0x6c,
 0x61, 0x72, 0x72, 0x03, 0xc2, 0x2a, 0x0e, 0x73,
 0x75, 0x70, 0x6d, 0x75, 0x6c, 0x74, 0x03, 0xcc,
 0x2a, 0x0a, 0x73, 0x75, 0x70, 0x6e, 0x45, 0x03,
 0x8b, 0x22, 0x0a, 0x73, 0x75, 0x70, 0x6e, 0x65,
 0x03, 0xc0, 0x2a, 0x0e, 0x73, 0x75, 0x70, 0x70,
 0x6c, 0x75, 0x73, 0x0c, 0x73, 0x75, 0x70, 0x73,
 0x65, 0x74, 0x10, 0x73, 0x75, 0x70, 0x73, 0x65,
 0x74, 0x65, 0x71, 0x12, 0x73, 0x75, 0x70, 0x73,
 0x65, 0x74, 0x65, 0x71, 0x71, 0x12, 0x73, 0x75,
 0x70, 0x73, 0x65, 0x74, 0x6e, 0x65, 0x71, 0x14,
 0x73, 0x75, 0x70, 0x73, 0x65, 0x74, 0x6e, 0x65,
 0x71, 0x71, 0x03, 0xc8, 0x2a, 0x0c, 0x73, 0x75,
 0x70, 0x73, 0x69, 0x6d, 0x03, 0xd4, 0x2a, 0x0c,
 0x73, 0x75, 0x70, 0x73, 0x75, 0x62, 0x03, 0xd6,
 0x2a, 0x0c, 0x73, 0x75, 0x70, 0x73, 0x75, 0x70,
 0x03, 0xd9, 0x21, 0x0a, 0x73, 0x77, 0x41, 0x72,
 0x72, 0x0c, 0x73, 0x77, 0x61, 0x72, 0x68, 0x6b,
 0x0a, 0x73, 0x77, 0x61, 0x72, 0x72, 0x0e, 0x73,
 0x77, 0x61, 0x72, 0x72, 0x6f, 0x77, 0x03, 0x2a,
 0x29, 0x0c, 0x73, 0x77, 0x6e, 0x77, 0x61, 0x72,
 0x02, 0xdf, 0x0a, 0x73, 0x7a, 0x6c, 0x69, 0x67,
 0x03, 0x16, 0x23, 0x03, 0xc4, 0x03, 0x06, 0x74,
 0x61, 0x75, 0x08, 0x74, 0x62, 0x72, 0x6b, 0x03,
 0x65, 0x01, 0x0c, 0x74, 0x63, 0x61, 0x72, 0x6f,
 0x6e, 0x03, 0x63, 0x01, 0x0c, 0x74, 0x63, 0x65,
 0x64, 0x69, 0x6c, 0x03, 0x42, 0x04, 0x06, 0x74,
 0x63, 0x79, 0x08, 0x74, 0x64, 0x6f, 0x74, 0x03,
 0x15, 0x23, 0x0c, 0x74, 0x65, 0x6c, 0x72, 0x65,
 0x63, 0x05, 0x35, 0xd8, 0x31, 0xdd, 0x06, 0x74,
 0x66, 0x72, 0x0c, 0x74, 0x68, 0x65, 0x72, 0x65,
 0x34, 0x12, 0x74, 0x68, 0x65, 0x72, 0x65, 0x66,
 0x6f, 0x72, 0x65, 0x03, 0xb8, 0x03, 0x0a, 0x74,
 0x68, 0x65, 0x74, 0x61, 0x03, 0xd1, 0x03, 0x10,
 0x74, 0x68, 0x65, 0x74, 0x61, 0x73, 0x79, 0x6d,
 0x0c, 0x74, 0x68, 0x65, 0x74, 0x61, 0x76, 0x16,
 0x74, 0x68, 0x69, 0x63, 0x6b, 0x61, 0x70, 0x70,
 0x72, 0x6f, 0x78, 0x10, 0x74, 0x68, 0x69, 0x63,
 0x6b, 0x73, 0x69, 0x6d, 0x0c, 0x74, 0x68, 0x69,
 0x6e, 0x73, 0x70, 0x0a, 0x74, 0x68, 0x6b, 0x61,
 0x70, 0x0c, 0x74, 0x68, 0x6b, 0x73, 0x69, 0x6d,
 0x02, 0xfe, 0x0a, 0x74, 0x68, 0x6f, 0x72, 0x6e,
 0x0a, 0x74, 0x69, 0x6c, 0x64, 0x65, 0x02, 0xd7,
 0x0a, 0x74, 0x69, 0x6d, 0x65, 0x73, 0x0c, 0x74,
 0x69, 0x6d, 0x65, 0x73, 0x62, 0x03, 0x31, 0x2a,
 0x10, 0x74, 0x69, 0x6d, 0x65, 0x73, 0x62, 0x61,
 0x72, 0x03, 0x30, 0x2a, 0x0c, 0x74, 0x69, 0x6d,
 0x65, 0x73, 0x64, 0x08, 0x74, 0x69, 0x6e, 0x74,
 0x08, 0x74, 0x6f, 0x65, 0x61, 0x06, 0x74, 0x6f,
 0x70, 0x03, 0x36, 0x23, 0x0c, 0x74, 0x6f, 0x70,
 0x62, 0x6f, 0x74, 0x03, 0xf1, 0x2a, 0x0c, 0x74,
 0x6f, 0x70, 0x63, 0x69, 0x72, 0x05, 0x35, 0xd8,
 0x65, 0xdd, 0x08, 0x74, 0x6f, 0x70, 0x66, 0x03,
 0xda, 0x2a, 0x0e, 0x74, 0x6f, 0x70, 0x66, 0x6f,
 0x72, 0x6b, 0x08, 0x74, 0x6f, 0x73, 0x61, 0x03,
 0x34, 0x20, 0x0c, 0x74, 0x70, 0x72, 0x69, 0x6d,
 0x65, 0x0a, 0x74, 0x72, 0x61, 0x64, 0x65, 0x03,
 0xb5, 0x25, 0x10, 0x74, 0x72, 0x69, 0x61, 0x6e,
 0x67, 0x6c, 0x65, 0x18, 0x74, 0x72, 0x69, 0x61,
 0x6e, 0x67, 0x6c, 0x65, 0x64, 0x6f, 0x77, 0x6e,
 0x18, 0x74, 0x72, 0x69, 0x61, 0x6e, 0x67, 0x6c,
 0x65, 0x6c, 0x65, 0x66, 0x74, 0x1c, 0x74, 0x72,
 0x69, 0x61, 0x6e, 0x67, 0x6c, 0x65, 0x6c, 0x65,
 0x66, 0x74, 0x65, 0x71, 0x03, 0x5c, 0x22, 0x12,
 0x74, 0x72, 0x69, 0x61, 0x6e, 0x67, 0x6c, 0x65,
 0x71, 0x1a, 0x74, 0x72, 0x69, 0x61, 0x6e, 0x67,
 0x6c, 0x65, 0x72, 0x69, 0x67, 0x68, 0x74, 0x1e,
 0x74, 0x72, 0x69, 0x61, 0x6e, 0x67, 0x6c, 0x65,
 0x72, 0x69, 0x67, 0x68, 0x74, 0x65, 0x71, 0x03,
 0xec, 0x25, 0x0c, 0x74, 0x72, 0x69, 0x64, 0x6f,
 0x74, 0x08, 0x74, 0x72, 0x69, 0x65, 0x03, 0x3a,
 0x2a, 0x10, 0x74, 0x72, 0x69, 0x6d, 0x69, 0x6e,
 0x75, 0x73, 0x03, 0x39, 0x2a, 0x0e, 0x74, 0x72,
 0x69, 0x70, 0x6c, 0x75, 0x73, 0x03, 0xcd, 0x29,
 0x0a, 0x74, 0x72, 0x69, 0x73, 0x62, 0x03, 0x3b,
 0x2a, 0x0e, 0x74, 0x72, 0x69, 0x74, 0x69, 0x6d,
 0x65, 0x03, 0xe2, 0x23, 0x10, 0x74, 0x72, 0x70,
 0x65, 0x7a, 0x69, 0x75, 0x6d, 0x05, 0x35, 0xd8,
 0xc9, 0xdc, 0x08, 0x74, 0x73, 0x63, 0x72, 0x03,
 0x46, 0x04, 0x08, 0x74, 0x73, 0x63, 0x79, 0x03,
 0x5b, 0x04, 0x0a, 0x74, 0x73, 0x68, 0x63, 0x79,
 0x03, 0x67, 0x01, 0x0c, 0x74, 0x73, 0x74, 0x72,
 0x6f, 0x6b, 0x0a, 0x74, 0x77, 0x69, 0x78, 0x74,
 0x20, 0x74, 0x77, 0x6f, 0x68, 0x65, 0x61, 0x64,
 0x6c, 0x65, 0x66, 0x74, 0x61, 0x72, 0x72, 0x6f,
 0x77, 0x22, 0x74, 0x77, 0x6f, 0x68, 0x65, 0x61,
 0x64, 0x72, 0x69, 0x67, 0x68, 0x74, 0x61, 0x72,
 0x72, 0x6f, 0x77, 0x08, 0x75, 0x41, 0x72, 0x72,
 0x03, 0x63, 0x29, 0x08, 0x75, 0x48, 0x61, 0x72,
 0x02, 0xfa, 0x0c, 0x75, 0x61, 0x63, 0x75, 0x74,
 0x65, 0x08, 0x75, 0x61, 0x72, 0x72, 0x03, 0x5e,
 0x04, 0x0a, 0x75, 0x62, 0x72, 0x63, 0x79, 0x03,
 0x6d, 0x01, 0x0c, 0x75, 0x62, 0x72, 0x65, 0x76,
 0x65, 0x02, 0xfb, 0x0a, 0x75, 0x63, 0x69, 0x72,
 0x63, 0x03, 0x43, 0x04, 0x06, 0x75, 0x63, 0x79,
 0x0a, 0x75, 0x64, 0x61, 0x72, 0x72, 0x03, 0x71,
 0x01, 0x0c, 0x75, 0x64, 0x62, 0x6c, 0x61, 0x63,
 0x0a, 0x75, 0x64, 0x68, 0x61, 0x72, 0x03, 0x7e,
 0x29, 0x0c, 0x75, 0x66, 0x69, 0x73, 0x68, 0x74,
 0x05, 0x35, 0xd8, 0x32, 0xdd, 0x06, 0x75, 0x66,
 0x72, 0x02, 0xf9, 0x0c, 0x75, 0x67, 0x72, 0x61,
 0x76, 0x65, 0x0a, 0x75, 0x68, 0x61, 0x72, 0x6c,
 0x0a, 0x75, 0x68, 0x61, 0x72, 0x72, 0x03, 0x80,
 0x25, 0x0a, 0x75, 0x68, 0x62, 0x6c, 0x6b, 0x03,
 0x1c, 0x23, 0x0c, 0x75, 0x6c, 0x63, 0x6f, 0x72,
 0x6e, 0x10, 0x75, 0x6c, 0x63, 0x6f, 0x72, 0x6e,
 0x65, 0x72, 0x03, 0x0f, 0x23, 0x0c, 0x75, 0x6c,
 0x63, 0x72, 0x6f, 0x70, 0x03, 0xf8, 0x25, 0x0a,
 0x75, 0x6c, 0x74, 0x72, 0x69, 0x03, 0x6b, 0x01,
 0x0a, 0x75, 0x6d, 0x61, 0x63, 0x72, 0x06, 0x75,
 0x6d, 0x6c, 0x03, 0x73, 0x01, 0x0a, 0x75, 0x6f,
 0x67, 0x6f, 0x6e, 0x05, 0x35, 0xd8, 0x66, 0xdd,
 0x08, 0x75, 0x6f, 0x70, 0x66, 0x0e, 0x75, 0x70,
 0x61, 0x72, 0x72, 0x6f, 0x77, 0x16, 0x75, 0x70,
 0x64, 0x6f, 0x77, 0x6e, 0x61, 0x72, 0x72, 0x6f,
 0x77, 0x1a, 0x75, 0x70, 0x68, 0x61, 0x72, 0x70,
 0x6f, 0x6f, 0x6e, 0x6c, 0x65, 0x66, 0x74, 0x1c,
 0x75, 0x70, 0x68, 0x61, 0x72, 0x70, 0x6f, 0x6f,
 0x6e, 0x72, 0x69, 0x67, 0x68, 0x74, 0x0a, 0x75,
 0x70, 0x6c, 0x75, 0x73, 0x03, 0xc5, 0x03, 0x08,
 0x75, 0x70, 0x73, 0x69, 0x0a, 0x75, 0x70, 0x73,
 0x69, 0x68, 0x0e, 0x75, 0x70, 0x73, 0x69, 0x6c,
 0x6f, 0x6e, 0x03, 0xc8, 0x21, 0x14, 0x75, 0x70,
 0x75, 0x70, 0x61, 0x72, 0x72, 0x6f, 0x77, 0x73,
 0x03, 0x1d, 0x23, 0x0c, 0x75, 0x72, 0x63, 0x6f,
 0x72, 0x6e, 0x10, 0x75, 0x72, 0x63, 0x6f, 0x72,
 0x6e, 0x65, 0x72, 0x03, 0x0e, 0x23, 0x0c, 0x75,
 0x72, 0x63, 0x72, 0x6f, 0x70, 0x03, 0x6f, 0x01,
 0x0a, 0x75, 0x72, 0x69, 0x6e, 0x67, 0x03, 0xf9,
 0x25, 0x0a, 0x75, 0x72, 0x74, 0x72, 0x69, 0x05,
 0x35, 0xd8, 0xca, 0xdc, 0x08, 0x75, 0x73, 0x63,
 0x72, 0x03, 0xf0, 0x22, 0x0a, 0x75, 0x74, 0x64,
 0x6f, 0x74, 0x03, 0x69, 0x01, 0x0c, 0x75, 0x74,
 0x69, 0x6c, 0x64, 0x65, 0x08, 0x75, 0x74, 0x72,
 0x69, 0x0a, 0x75, 0x74, 0x72, 0x69, 0x66, 0x0a,
 0x75, 0x75, 0x61, 0x72, 0x72, 0x02, 0xfc, 0x08,
 0x75, 0x75, 0x6d, 0x6c, 0x03, 0xa7, 0x29, 0x0e,
 0x75, 0x77, 0x61, 0x6e, 0x67, 0x6c, 0x65, 0x08,
 0x76, 0x41, 0x72, 0x72, 0x03, 0xe8, 0x2a, 0x08,
 0x76, 0x42, 0x61, 0x72, 0x03, 0xe9, 0x2a, 0x0a,
 0x76, 0x42, 0x61, 0x72, 0x76, 0x0a, 0x76, 0x44,
 0x61, 0x73, 0x68, 0x03, 0x9c, 0x29, 0x0c, 0x76,
 0x61, 0x6e, 0x67, 0x72, 0x74, 0x14, 0x76, 0x61,
 0x72, 0x65, 0x70, 0x73, 0x69, 0x6c, 0x6f, 0x6e,
 0x10, 0x76, 0x61, 0x72, 0x6b, 0x61, 0x70, 0x70,
 0x61, 0x14, 0x76, 0x61, 0x72, 0x6e, 0x6f, 0x74,
 0x68, 0x69, 0x6e, 0x67, 0x0c, 0x76, 0x61, 0x72,
 0x70, 0x68, 0x69, 0x0a, 0x76, 0x61, 0x72, 0x70,
 0x69, 0x12, 0x76, 0x61, 0x72, 0x70, 0x72, 0x6f,
 0x70, 0x74, 0x6f, 0x08, 0x76, 0x61, 0x72, 0x72,
 0x0c, 0x76, 0x61, 0x72, 0x72, 0x68, 0x6f, 0x10,
 0x76, 0x61, 0x72, 0x73, 0x69, 0x67, 0x6d, 0x61,
 0x05, 0x8a, 0x22, 0x00, 0xfe, 0x18, 0x76, 0x61,
 0x72, 0x73, 0x75, 0x62, 0x73, 0x65, 0x74, 0x6e,
 0x65, 0x71, 0x05, 0xcb, 0x2a, 0x00, 0xfe, 0x1a,
 0x76, 0x61, 0x72, 0x73, 0x75, 0x62, 0x73, 0x65,
 0x74, 0x6e, 0x65, 0x71, 0x71, 0x05, 0x8b, 0x22,
 0x00, 0xfe, 0x18, 0x76, 0x61, 0x72, 0x73, 0x75,
 0x70, 0x73, 0x65, 0x74, 0x6e, 0x65, 0x71, 0x05,
 0xcc, 0x2a, 0x00, 0xfe, 0x1a, 0x76, 0x61, 0x72,
 0x73, 0x75, 0x70, 0x73, 0x65, 0x74, 0x6e, 0x65,
 0x71, 0x71, 0x10, 0x76, 0x61, 0x72, 0x74, 0x68,
 0x65, 0x74, 0x61, 0x1e, 0x76, 0x61, 0x72, 0x74,
 0x72, 0x69, 0x61, 0x6e, 0x67, 0x6c, 0x65, 0x6c,
 0x65, 0x66, 0x74, 0x20, 0x76, 0x61, 0x72, 0x74,
 0x72, 0x69, 0x61, 0x6e, 0x67, 0x6c, 0x65, 0x72,
 0x69, 0x67, 0x68, 0x74, 0x03, 0x32, 0x04, 0x06,
 0x76, 0x63, 0x79, 0x0a, 0x76, 0x64, 0x61, 0x73,
 0x68, 0x06, 0x76, 0x65, 0x65, 0x03, 0xbb, 0x22,
 0x0c, 0x76, 0x65, 0x65, 0x62, 0x61, 0x72, 0x03,
 0x5a, 0x22, 0x0a, 0x76, 0x65, 0x65, 0x65, 0x71,
 0x03, 0xee, 0x22, 0x0c, 0x76, 0x65, 0x6c, 0x6c,
 0x69, 0x70, 0x0c, 0x76, 0x65, 0x72, 0x62, 0x61,
 0x72, 0x08, 0x76, 0x65, 0x72, 0x74, 0x05, 0x35,
 0xd8, 0x33, 0xdd, 0x06, 0x76, 0x66, 0x72, 0x0a,
 0x76, 0x6c, 0x74, 0x72, 0x69, 0x0a, 0x76, 0x6e,
 0x73, 0x75, 0x62, 0x0a, 0x76, 0x6e, 0x73, 0x75,
 0x70, 0x05, 0x35, 0xd8, 0x67, 0xdd, 0x08, 0x76,
 0x6f, 0x70, 0x66, 0x0a, 0x76, 0x70, 0x72, 0x6f,
 0x70, 0x0a, 0x76, 0x72, 0x74, 0x72, 0x69, 0x05,
 0x35, 0xd8, 0xcb, 0xdc, 0x08, 0x76, 0x73, 0x63,
 0x72, 0x0c, 0x76, 0x73, 0x75, 0x62, 0x6e, 0x45,
 0x0c, 0x76, 0x73, 0x75, 0x62, 0x6e, 0x65, 0x0c,
 0x76, 0x73, 0x75, 0x70, 0x6e, 0x45, 0x0c, 0x76,
 0x73, 0x75, 0x70, 0x6e, 0x65, 0x03, 0x9a, 0x29,
 0x0e, 0x76, 0x7a, 0x69, 0x67, 0x7a, 0x61, 0x67,
 0x03, 0x75, 0x01, 0x0a, 0x77, 0x63, 0x69, 0x72,
 0x63, 0x03, 0x5f, 0x2a, 0x0c, 0x77, 0x65, 0x64,
 0x62, 0x61, 0x72, 0x0a, 0x77, 0x65, 0x64, 0x67,
 0x65, 0x03, 0x59, 0x22, 0x0c, 0x77, 0x65, 0x64,
 0x67, 0x65, 0x71, 0x03, 0x18, 0x21, 0x0c, 0x77,
 0x65, 0x69, 0x65, 0x72, 0x70, 0x05, 0x35, 0xd8,
 0x34, 0xdd, 0x06, 0x77, 0x66, 0x72, 0x05, 0x35,
 0xd8, 0x68, 0xdd, 0x08, 0x77, 0x6f, 0x70, 0x66,
 0x04, 0x77, 0x70, 0x04, 0x77, 0x72, 0x0c, 0x77,
 0x72, 0x65, 0x61, 0x74, 0x68, 0x05, 0x35, 0xd8,
 0xcc, 0xdc, 0x08, 0x77, 0x73, 0x63, 0x72, 0x08,
 0x78, 0x63, 0x61, 0x70, 0x0a, 0x78, 0x63, 0x69,
 0x72, 0x63, 0x08, 0x78, 0x63, 0x75, 0x70, 0x0a,
 0x78, 0x64, 0x74, 0x72, 0x69, 0x05, 0x35, 0xd8,
 0x35, 0xdd, 0x06, 0x78, 0x66, 0x72, 0x0a, 0x78,
 0x68, 0x41, 0x72, 0x72, 0x0a, 0x78, 0x68, 0x61,
 0x72, 0x72, 0x03, 0xbe, 0x03, 0x04, 0x78, 0x69,
 0x0a, 0x78, 0x6c, 0x41, 0x72, 0x72, 0x0a, 0x78,
 0x6c, 0x61, 0x72, 0x72, 0x08, 0x78, 0x6d, 0x61,
 0x70, 0x03, 0xfb, 0x22, 0x08, 0x78, 0x6e, 0x69,
 0x73, 0x0a, 0x78, 0x6f, 0x64, 0x6f, 0x74, 0x05,
 0x35, 0xd8, 0x69, 0xdd, 0x08, 0x78, 0x6f, 0x70,
 0x66, 0x0c, 0x78, 0x6f, 0x70, 0x6c, 0x75, 0x73,
 0x0c, 0x78, 0x6f, 0x74, 0x69, 0x6d, 0x65, 0x0a,
 0x78, 0x72, 0x41, 0x72, 0x72, 0x0a, 0x78, 0x72,
 0x61, 0x72, 0x72, 0x05, 0x35, 0xd8, 0xcd, 0xdc,
 0x08, 0x78, 0x73, 0x63, 0x72, 0x0c, 0x78, 0x73,
 0x71, 0x63, 0x75, 0x70, 0x0c, 0x78, 0x75, 0x70,
 0x6c, 0x75, 0x73, 0x0a, 0x78, 0x75, 0x74, 0x72,
 0x69, 0x08, 0x78, 0x76, 0x65, 0x65, 0x0c, 0x78,
 0x77, 0x65, 0x64, 0x67, 0x65, 0x02, 0xfd, 0x0c,
 0x79, 0x61, 0x63, 0x75, 0x74, 0x65, 0x03, 0x4f,
 0x04, 0x08, 0x79, 0x61, 0x63, 0x79, 0x03, 0x77,
 0x01, 0x0a, 0x79, 0x63, 0x69, 0x72, 0x63, 0x03,
 0x4b, 0x04, 0x06, 0x79, 0x63, 0x79, 0x02, 0xa5,
 0x06, 0x79, 0x65, 0x6e, 0x05, 0x35, 0xd8, 0x36,
 0xdd, 0x06, 0x79, 0x66, 0x72, 0x03, 0x57, 0x04,
 0x08, 0x79, 0x69, 0x63, 0x79, 0x05, 0x35, 0xd8,
 0x6a, 0xdd, 0x08, 0x79, 0x6f, 0x70, 0x66, 0x05,
 0x35, 0xd8, 0xce, 0xdc, 0x08, 0x79, 0x73, 0x63,
 0x72, 0x03, 0x4e, 0x04, 0x08, 0x79, 0x75, 0x63,
 0x79, 0x02, 0xff, 0x08, 0x79, 0x75, 0x6d, 0x6c,
 0x03, 0x7a, 0x01, 0x0c, 0x7a, 0x61, 0x63, 0x75,
 0x74, 0x65, 0x03, 0x7e, 0x01, 0x0c, 0x7a, 0x63,
 0x61, 0x72, 0x6f, 0x6e, 0x03, 0x37, 0x04, 0x06,
 0x7a, 0x63, 0x79, 0x03, 0x7c, 0x01, 0x08, 0x7a,
 0x64, 0x6f, 0x74, 0x0c, 0x7a, 0x65, 0x65, 0x74,
 0x72, 0x66, 0x03, 0xb6, 0x03, 0x08, 0x7a, 0x65,
 0x74, 0x61, 0x05, 0x35, 0xd8, 0x37, 0xdd, 0x06,
 0x7a, 0x66, 0x72, 0x03, 0x36, 0x04, 0x08, 0x7a,
 0x68, 0x63, 0x79, 0x03, 0xdd, 0x21, 0x0e, 0x7a,
 0x69, 0x67, 0x72, 0x61, 0x72, 0x72, 0x05, 0x35,
 0xd8, 0x6b, 0xdd, 0x08, 0x7a, 0x6f, 0x70, 0x66,
 0x05, 0x35, 0xd8, 0xcf, 0xdc, 0x08, 0x7a, 0x73,
 0x63, 0x72, 0x03, 0x0d, 0x20, 0x06, 0x7a, 0x77,
 0x6a, 0x03, 0x0c, 0x20, 0x08, 0x7a, 0x77, 0x6e,
 0x6a, 0x04, 0x63, 0x65, 0x20, 0x63, 0x72, 0x65,
 0x61, 0x74, 0x65, 0x43, 0x68, 0x69, 0x6c, 0x64,
 0x53, 0x63, 0x6f, 0x70, 0x65, 0x1a, 0x61, 0x64,
 0x64, 0x56, 0x61, 0x72, 0x4f, 0x72, 0x42, 0x6c,
 0x6f, 0x63, 0x6b, 0x14, 0x61, 0x64, 0x64, 0x56,
 0x61, 0x72, 0x4e, 0x61, 0x6d, 0x65, 0x16, 0x68,
 0x61, 0x73, 0x56, 0x61, 0x72, 0x69, 0x61, 0x62,
 0x6c, 0x65, 0x18, 0x61, 0x64, 0x64, 0x42, 0x6c,
 0x6f, 0x63, 0x6b, 0x4e, 0x61, 0x6d, 0x65, 0x20,
 0x72, 0x65, 0x63, 0x6f, 0x72, 0x64, 0x53, 0x63,
 0x6f, 0x70, 0x65, 0x45, 0x72, 0x72, 0x6f, 0x72,
 0x20, 0x72, 0x65, 0x70, 0x6f, 0x72, 0x74, 0x53,
 0x63, 0x6f, 0x70, 0x65, 0x45, 0x72, 0x72, 0x6f,
 0x72, 0x04, 0x75, 0x65, 0x28, 0x61, 0x64, 0x64,
 0x50, 0x72, 0x69, 0x76, 0x61, 0x74, 0x65, 0x49,
 0x64, 0x65, 0x6e, 0x74, 0x69, 0x66, 0x69, 0x65,
 0x72, 0x2e, 0x61, 0x64, 0x64, 0x50, 0x72, 0x69,
 0x76, 0x61, 0x74, 0x65, 0x49, 0x64, 0x65, 0x6e,
 0x74, 0x69, 0x66, 0x69, 0x65, 0x72, 0x52, 0x65,
 0x66, 0x34, 0x69, 0x73, 0x50, 0x72, 0x69, 0x76,
 0x61, 0x74, 0x65, 0x49, 0x64, 0x65, 0x6e, 0x74,
 0x69, 0x66, 0x69, 0x65, 0x72, 0x44, 0x65, 0x66,
 0x69, 0x6e, 0x65, 0x64, 0x3a, 0x76, 0x61, 0x6c,
 0x69, 0x64, 0x61, 0x74, 0x65, 0x50, 0x72, 0x69,
 0x76, 0x61, 0x74, 0x65, 0x49, 0x64, 0x65, 0x6e,
 0x74, 0x69, 0x66, 0x69, 0x65, 0x72, 0x52, 0x65,
 0x66, 0x73, 0x28, 0x68, 0x61, 0x73, 0x50, 0x72,
 0x69, 0x76, 0x61, 0x74, 0x65, 0x49, 0x64, 0x65,
 0x6e, 0x74, 0x69, 0x66, 0x69, 0x65, 0x72, 0x04,
 0x70, 0x65, 0x10, 0x67, 0x65, 0x74, 0x54, 0x6f,
 0x6b, 0x65, 0x6e, 0x10, 0x73, 0x65, 0x74, 0x54,
 0x6f, 0x6b, 0x65, 0x6e, 0x14, 0x74, 0x6f, 0x6b,
 0x65, 0x6e, 0x53, 0x74, 0x61, 0x72, 0x74, 0x1e,
 0x63, 0x75, 0x72, 0x72, 0x65, 0x6e, 0x74, 0x4c,
 0x6f, 0x63, 0x61, 0x74, 0x69, 0x6f, 0x6e, 0x14,
 0x66, 0x69, 0x6e, 0x69, 0x73, 0x68, 0x4e, 0x6f,
 0x64, 0x65, 0x26, 0x61, 0x64, 0x64, 0x42, 0x69,
 0x6e, 0x64, 0x69, 0x6e, 0x67, 0x54, 0x6f, 0x45,
 0x78, 0x70, 0x6f, 0x72, 0x74, 0x73, 0x2c, 0x64,
 0x65, 0x63, 0x6c, 0x61, 0x72, 0x65, 0x55, 0x6e,
 0x62, 0x6f, 0x75, 0x6e, 0x64, 0x56, 0x61, 0x72,
 0x69, 0x61, 0x62, 0x6c, 0x65, 0x0c, 0x72, 0x65,
 0x70, 0x6f, 0x72, 0x74, 0x28, 0x63, 0x72, 0x65,
 0x61, 0x74, 0x65, 0x53, 0x63, 0x6f, 0x70, 0x65,
 0x49, 0x66, 0x4c, 0x65, 0x78, 0x69, 0x63, 0x61,
 0x6c, 0x16, 0x63, 0x72, 0x65, 0x61, 0x74, 0x65,
 0x53, 0x63, 0x6f, 0x70, 0x65, 0x36, 0x63, 0x72,
 0x65, 0x61, 0x74, 0x65, 0x50, 0x72, 0x69, 0x76,
 0x61, 0x74, 0x65, 0x53, 0x63, 0x6f, 0x70, 0x65,
 0x49, 0x66, 0x4c, 0x65, 0x78, 0x69, 0x63, 0x61,
 0x6c, 0x12, 0x73, 0x74, 0x72, 0x69, 0x6e, 0x67,
 0x69, 0x66, 0x79, 0x0c, 0x72, 0x65, 0x70, 0x65,
 0x61, 0x74, 0xba, 0x01, 0x53, 0x74, 0x72, 0x69,
 0x6e, 0x67, 0x2e, 0x70, 0x72, 0x6f, 0x74, 0x6f,
 0x74, 0x79, 0x70, 0x65, 0x2e, 0x72, 0x65, 0x70,
 0x65, 0x61, 0x74, 0x20, 0x69, 0x73, 0x20, 0x75,
 0x6e, 0x64, 0x65, 0x66, 0x69, 0x6e, 0x65, 0x64,
 0x2c, 0x20, 0x73, 0x65, 0x65, 0x20, 0x68, 0x74,
 0x74, 0x70, 0x73, 0x3a, 0x2f, 0x2f, 0x67, 0x69,
 0x74, 0x68, 0x75, 0x62, 0x2e, 0x63, 0x6f, 0x6d,
 0x2f, 0x64, 0x61, 0x76, 0x69, 0x64, 0x62, 0x6f,
 0x6e, 0x6e, 0x65, 0x74, 0x2f, 0x61, 0x73, 0x74,
 0x72, 0x69, 0x6e, 0x67, 0x23, 0x69, 0x6e, 0x73,
 0x74, 0x61, 0x6c, 0x6c, 0x61, 0x74, 0x69, 0x6f,
 0x6e, 0x10, 0x65, 0x6e, 0x64, 0x73, 0x57, 0x69,
 0x74, 0x68, 0xbe, 0x01, 0x53, 0x74, 0x72, 0x69,
 0x6e, 0x67, 0x2e, 0x70, 0x72, 0x6f, 0x74, 0x6f,
 0x74, 0x79, 0x70, 0x65, 0x2e, 0x65, 0x6e, 0x64,
 0x73, 0x57, 0x69, 0x74, 0x68, 0x20, 0x69, 0x73,
 0x20, 0x75, 0x6e, 0x64, 0x65, 0x66, 0x69, 0x6e,
 0x65, 0x64, 0x2c, 0x20, 0x73, 0x65, 0x65, 0x20,
 0x68, 0x74, 0x74, 0x70, 0x73, 0x3a, 0x2f, 0x2f,
 0x67, 0x69, 0x74, 0x68, 0x75, 0x62, 0x2e, 0x63,
 0x6f, 0x6d, 0x2f, 0x64, 0x61, 0x76, 0x69, 0x64,
 0x62, 0x6f, 0x6e, 0x6e, 0x65, 0x74, 0x2f, 0x61,
 0x73, 0x74, 0x72, 0x69, 0x6e, 0x67, 0x23, 0x69,
 0x6e, 0x73, 0x74, 0x61, 0x6c, 0x6c, 0x61, 0x74,
 0x69, 0x6f, 0x6e, 0x1e, 0x41, 0x72, 0x72, 0x61,
 0x79, 0x45, 0x78, 0x70, 0x72, 0x65, 0x73, 0x73,
 0x69, 0x6f, 0x6e, 0x30, 0x54, 0x61, 0x67, 0x67,
 0x65, 0x64, 0x54, 0x65, 0x6d, 0x70, 0x6c, 0x61,
 0x74, 0x65, 0x45, 0x78, 0x70, 0x72, 0x65, 0x73,
 0x73, 0x69, 0x6f, 0x6e, 0x1c, 0x54, 0x68, 0x69,
 0x73, 0x45, 0x78, 0x70, 0x72, 0x65, 0x73, 0x73,
 0x69, 0x6f, 0x6e, 0x14, 0x49, 0x64, 0x65, 0x6e,
 0x74, 0x69, 0x66, 0x69, 0x65, 0x72, 0x22, 0x50,
 0x72, 0x69, 0x76, 0x61, 0x74, 0x65, 0x49, 0x64,
 0x65, 0x6e, 0x74, 0x69, 0x66, 0x69, 0x65, 0x72,
 0x0e, 0x4c, 0x69, 0x74, 0x65, 0x72, 0x61, 0x6c,
 0x1e, 0x54, 0x65, 0x6d, 0x70, 0x6c, 0x61, 0x74,
 0x65, 0x4c, 0x69, 0x74, 0x65, 0x72, 0x61, 0x6c,
 0x0a, 0x53, 0x75, 0x70, 0x65, 0x72, 0x24, 0x53,
 0x65, 0x71, 0x75, 0x65, 0x6e, 0x63, 0x65, 0x45,
 0x78, 0x70, 0x72, 0x65, 0x73, 0x73, 0x69, 0x6f,
 0x6e, 0x20, 0x4d, 0x65, 0x6d, 0x62, 0x65, 0x72,
 0x45, 0x78, 0x70, 0x72, 0x65, 0x73, 0x73, 0x69,
 0x6f, 0x6e, 0x1e, 0x43, 0x68, 0x61, 0x69, 0x6e,
 0x45, 0x78, 0x70, 0x72, 0x65, 0x73, 0x73, 0x69,
 0x6f, 0x6e, 0x1c, 0x43, 0x61, 0x6c, 0x6c, 0x45,
 0x78, 0x70, 0x72, 0x65, 0x73, 0x73, 0x69, 0x6f,
 0x6e, 0x1a, 0x4e, 0x65, 0x77, 0x45, 0x78, 0x70,
 0x72, 0x65, 0x73, 0x73, 0x69, 0x6f, 0x6e, 0x2e,
 0x41, 0x72, 0x72, 0x6f, 0x77, 0x46, 0x75, 0x6e,
 0x63, 0x74, 0x69, 0x6f, 0x6e, 0x45, 0x78, 0x70,
 0x72, 0x65, 0x73, 0x73, 0x69, 0x6f, 0x6e, 0x1e,
 0x43, 0x6c, 0x61, 0x73, 0x73, 0x45, 0x78, 0x70,
 0x72, 0x65, 0x73, 0x73, 0x69, 0x6f, 0x6e, 0x24,
 0x46, 0x75, 0x6e, 0x63, 0x74, 0x69, 0x6f, 0x6e,
 0x45, 0x78, 0x70, 0x72, 0x65, 0x73, 0x73, 0x69,
 0x6f, 0x6e, 0x20, 0x4f, 0x62, 0x6a, 0x65, 0x63,
 0x74, 0x45, 0x78, 0x70, 0x72, 0x65, 0x73, 0x73,
 0x69, 0x6f, 0x6e, 0x20, 0x55, 0x70, 0x64, 0x61,
 0x74, 0x65, 0x45, 0x78, 0x70, 0x72, 0x65, 0x73,
 0x73, 0x69, 0x6f, 0x6e, 0x1e, 0x55, 0x6e, 0x61,
 0x72, 0x79, 0x45, 0x78, 0x70, 0x72, 0x65, 0x73,
 0x73, 0x69, 0x6f, 0x6e, 0x1e, 0x41, 0x77, 0x61,
 0x69, 0x74, 0x45, 0x78, 0x70, 0x72, 0x65, 0x73,
 0x73, 0x69, 0x6f, 0x6e, 0x20, 0x42, 0x69, 0x6e,
 0x61, 0x72, 0x79, 0x45, 0x78, 0x70, 0x72, 0x65,
 0x73, 0x73, 0x69, 0x6f, 0x6e, 0x22, 0x4c, 0x6f,
 0x67, 0x69, 0x63, 0x61, 0x6c, 0x45, 0x78, 0x70,
 0x72, 0x65, 0x73, 0x73, 0x69, 0x6f, 0x6e, 0x2a,
 0x43, 0x6f, 0x6e, 0x64, 0x69, 0x74, 0x69, 0x6f,
 0x6e, 0x61, 0x6c, 0x45, 0x78, 0x70, 0x72, 0x65,
 0x73, 0x73, 0x69, 0x6f, 0x6e, 0x28, 0x41, 0x73,
 0x73, 0x69, 0x67, 0x6e, 0x6d, 0x65, 0x6e, 0x74,
 0x45, 0x78, 0x70, 0x72, 0x65, 0x73, 0x73, 0x69,
 0x6f, 0x6e, 0x1e, 0x59, 0x69, 0x65, 0x6c, 0x64,
 0x45, 0x78, 0x70, 0x72, 0x65, 0x73, 0x73, 0x69,
 0x6f, 0x6e, 0x16, 0x52, 0x65, 0x73, 0x74, 0x45,
 0x6c, 0x65, 0x6d, 0x65, 0x6e, 0x74, 0x0e, 0x50,
 0x72, 0x6f, 0x67, 0x72, 0x61, 0x6d, 0x04, 0x65,
 0x72, 0x1c, 0x42, 0x6c, 0x6f, 0x63, 0x6b, 0x53,
 0x74, 0x61, 0x74, 0x65, 0x6d, 0x65, 0x6e, 0x74,
 0x12, 0x43, 0x6c, 0x61, 0x73, 0x73, 0x42, 0x6f,
 0x64, 0x79, 0x16, 0x53, 0x74, 0x61, 0x74, 0x69,
 0x63, 0x42, 0x6c, 0x6f, 0x63, 0x6b, 0x1c, 0x45,
 0x6d, 0x70, 0x74, 0x79, 0x53, 0x74, 0x61, 0x74,
 0x65, 0x6d, 0x65, 0x6e, 0x74, 0x26, 0x45, 0x78,
 0x70, 0x72, 0x65, 0x73, 0x73, 0x69, 0x6f, 0x6e,
 0x53, 0x74, 0x61, 0x74, 0x65, 0x6d, 0x65, 0x6e,
 0x74, 0x16, 0x49, 0x66, 0x53, 0x74, 0x61, 0x74,
 0x65, 0x6d, 0x65, 0x6e, 0x74, 0x20, 0x4c, 0x61,
 0x62, 0x65, 0x6c, 0x65, 0x64, 0x53, 0x74, 0x61,
 0x74, 0x65, 0x6d, 0x65, 0x6e, 0x74, 0x1c, 0x42,
 0x72, 0x65, 0x61, 0x6b, 0x53, 0x74, 0x61, 0x74,
 0x65, 0x6d, 0x65, 0x6e, 0x74, 0x22, 0x43, 0x6f,
 0x6e, 0x74, 0x69, 0x6e, 0x75, 0x65, 0x53, 0x74,
 0x61, 0x74, 0x65, 0x6d, 0x65, 0x6e, 0x74, 0x1a,
 0x57, 0x69, 0x74, 0x68, 0x53, 0x74, 0x61, 0x74,
 0x65, 0x6d, 0x65, 0x6e, 0x74, 0x1e, 0x53, 0x77,
 0x69, 0x74, 0x63, 0x68, 0x53, 0x74, 0x61, 0x74,
 0x65, 0x6d, 0x65, 0x6e, 0x74, 0x1e, 0x52, 0x65,
 0x74, 0x75, 0x72, 0x6e, 0x53, 0x74, 0x61, 0x74,
 0x65, 0x6d, 0x65, 0x6e, 0x74, 0x1c, 0x54, 0x68,
 0x72, 0x6f, 0x77, 0x53, 0x74, 0x61, 0x74, 0x65,
 0x6d, 0x65, 0x6e, 0x74, 0x18, 0x54, 0x72, 0x79,
 0x53, 0x74, 0x61, 0x74, 0x65, 0x6d, 0x65, 0x6e,
 0x74, 0x1c, 0x57, 0x68, 0x69, 0x6c, 0x65, 0x53,
 0x74, 0x61, 0x74, 0x65, 0x6d, 0x65, 0x6e, 0x74,
 0x20, 0x44, 0x6f, 0x57, 0x68, 0x69, 0x6c, 0x65,
 0x53, 0x74, 0x61, 0x74, 0x65, 0x6d, 0x65, 0x6e,
 0x74, 0x18, 0x46, 0x6f, 0x72, 0x53, 0x74, 0x61,
 0x74, 0x65, 0x6d, 0x65, 0x6e, 0x74, 0x04, 0x5f,
 0x74, 0x1c, 0x46, 0x6f, 0x72, 0x49, 0x6e, 0x53,
 0x74, 0x61, 0x74, 0x65, 0x6d, 0x65, 0x6e, 0x74,
 0x1c, 0x46, 0x6f, 0x72, 0x4f, 0x66, 0x53, 0x74,
 0x61, 0x74, 0x65, 0x6d, 0x65, 0x6e, 0x74, 0x22,
 0x44, 0x65, 0x62, 0x75, 0x67, 0x67, 0x65, 0x72,
 0x53, 0x74, 0x61, 0x74, 0x65, 0x6d, 0x65, 0x6e,
 0x74, 0x04, 0x59, 0x74, 0x26, 0x46, 0x75, 0x6e,
 0x63, 0x74, 0x69, 0x6f, 0x6e, 0x44, 0x65, 0x63,
 0x6c, 0x61, 0x72, 0x61, 0x74, 0x69, 0x6f, 0x6e,
 0x26, 0x56, 0x61, 0x72, 0x69, 0x61, 0x62, 0x6c,
 0x65, 0x44, 0x65, 0x63, 0x6c, 0x61, 0x72, 0x61,
 0x74, 0x69, 0x6f, 0x6e, 0x24, 0x56, 0x61, 0x72,
 0x69, 0x61, 0x62, 0x6c, 0x65, 0x44, 0x65, 0x63,
 0x6c, 0x61, 0x72, 0x61, 0x74, 0x6f, 0x72, 0x20,
 0x43, 0x6c, 0x61, 0x73, 0x73, 0x44, 0x65, 0x63,
 0x6c, 0x61, 0x72, 0x61, 0x74, 0x69, 0x6f, 0x6e,
 0x22, 0x49, 0x6d, 0x70, 0x6f, 0x72, 0x74, 0x44,
 0x65, 0x63, 0x6c, 0x61, 0x72, 0x61, 0x74, 0x69,
 0x6f, 0x6e, 0x1e, 0x49, 0x6d, 0x70, 0x6f, 0x72,
 0x74, 0x41, 0x74, 0x74, 0x72, 0x69, 0x62, 0x75,
 0x74, 0x65, 0x20, 0x49, 0x6d, 0x70, 0x6f, 0x72,
 0x74, 0x45, 0x78, 0x70, 0x72, 0x65, 0x73, 0x73,
 0x69, 0x6f, 0x6e, 0x30, 0x45, 0x78, 0x70, 0x6f,
 0x72, 0x74, 0x44, 0x65, 0x66, 0x61, 0x75, 0x6c,
 0x74, 0x44, 0x65, 0x63, 0x6c, 0x61, 0x72, 0x61,
 0x74, 0x69, 0x6f, 0x6e, 0x2c, 0x45, 0x78, 0x70,
 0x6f, 0x72, 0x74, 0x4e, 0x61, 0x6d, 0x65, 0x64,
 0x44, 0x65, 0x63, 0x6c, 0x61, 0x72, 0x61, 0x74,
 0x69, 0x6f, 0x6e, 0x28, 0x45, 0x78, 0x70, 0x6f,
 0x72, 0x74, 0x41, 0x6c, 0x6c, 0x44, 0x65, 0x63,
 0x6c, 0x61, 0x72, 0x61, 0x74, 0x69, 0x6f, 0x6e,
 0x20, 0x4d, 0x65, 0x74, 0x68, 0x6f, 0x64, 0x44,
 0x65, 0x66, 0x69, 0x6e, 0x69, 0x74, 0x69, 0x6f,
 0x6e, 0x04, 0x5a, 0x74, 0x1a, 0x53, 0x70, 0x72,
 0x65, 0x61, 0x64, 0x45, 0x6c, 0x65, 0x6d, 0x65,
 0x6e, 0x74, 0x1e, 0x54, 0x65, 0x6d, 0x70, 0x6c,
 0x61, 0x74, 0x65, 0x45, 0x6c, 0x65, 0x6d, 0x65,
 0x6e, 0x74, 0x04, 0x51, 0x74, 0x18, 0x41, 0x72,
 0x72, 0x61, 0x79, 0x50, 0x61, 0x74, 0x74, 0x65,
 0x72, 0x6e, 0x10, 0x50, 0x72, 0x6f, 0x70, 0x65,
 0x72, 0x74, 0x79, 0x24, 0x50, 0x72, 0x6f, 0x70,
 0x65, 0x72, 0x74, 0x79, 0x44, 0x65, 0x66, 0x69,
 0x6e, 0x69, 0x74, 0x69, 0x6f, 0x6e, 0x1a, 0x4f,
 0x62, 0x6a, 0x65, 0x63, 0x74, 0x50, 0x61, 0x74,
 0x74, 0x65, 0x72, 0x6e, 0x22, 0x41, 0x73, 0x73,
 0x69, 0x67, 0x6e, 0x6d, 0x65, 0x6e, 0x74, 0x50,
 0x61, 0x74, 0x74, 0x65, 0x72, 0x6e, 0x04, 0x4b,
 0x74, 0x18, 0x4d, 0x65, 0x74, 0x61, 0x50, 0x72,
 0x6f, 0x70, 0x65, 0x72, 0x74, 0x79, 0x1a, 0x52,
 0x65, 0x67, 0x45, 0x78, 0x70, 0x4c, 0x69, 0x74,
 0x65, 0x72, 0x61, 0x6c, 0x04, 0x6e, 0x72, 0x0a,
 0x77, 0x72, 0x69, 0x74, 0x65, 0x1a, 0x77, 0x72,
 0x69, 0x74, 0x65, 0x54, 0x6f, 0x53, 0x74, 0x72,
 0x65, 0x61, 0x6d, 0x16, 0x77, 0x72, 0x69, 0x74,
 0x65, 0x41, 0x6e, 0x64, 0x4d, 0x61, 0x70, 0x26,
 0x77, 0x72, 0x69, 0x74, 0x65, 0x54, 0x6f, 0x53,
 0x74, 0x72, 0x65, 0x61, 0x6d, 0x41, 0x6e, 0x64,
 0x4d, 0x61, 0x70, 0x0a, 0x70, 0x61, 0x72, 0x73,
 0x65, 0x10, 0x67, 0x65, 0x6e, 0x65, 0x72, 0x61,
 0x74, 0x65, 0x0e, 0x61, 0x73, 0x74, 0x72, 0x69,
 0x6e, 0x67, 0x0e, 0x6d, 0x65, 0x72, 0x69, 0x79,
 0x61, 0x68, 0x08, 0x66, 0x69, 0x6c, 0x6c, 0x02,
 0x6e, 0x0c, 0x63, 0x6f, 0x6c, 0x75, 0x6d, 0x6e,
 0x14, 0x63, 0x68, 0x61, 0x72, 0x43, 0x6f, 0x64,
 0x65, 0x41, 0x74, 0x16, 0x63, 0x75, 0x72, 0x72,
 0x65, 0x6e, 0x74, 0x43, 0x68, 0x61, 0x72, 0x02,
 0x6f, 0x02, 0x69, 0x08, 0x6c, 0x69, 0x6e, 0x65,
 0x02, 0x61, 0x02, 0x73, 0x02, 0x63, 0x02, 0x6c,
 0x1c, 0x4e, 0x75, 0x6d, 0x65, 0x72, 0x69, 0x63,
 0x4c, 0x69, 0x74, 0x65, 0x72, 0x61, 0x6c, 0x1a,
 0x53, 0x74, 0x72, 0x69, 0x6e, 0x67, 0x4c, 0x69,
 0x74, 0x65, 0x72, 0x61, 0x6c, 0x1c, 0x42, 0x6f,
 0x6f, 0x6c, 0x65, 0x61, 0x6e, 0x4c, 0x69, 0x74,
 0x65, 0x72, 0x61, 0x6c, 0x16, 0x4e, 0x75, 0x6c,
 0x6c, 0x4c, 0x69, 0x74, 0x65, 0x72, 0x61, 0x6c,
 0x22, 0x52, 0x65, 0x67, 0x75, 0x6c, 0x61, 0x72,
 0x45, 0x78, 0x70, 0x72, 0x65, 0x73, 0x73, 0x69,
 0x6f, 0x6e, 0x14, 0x50, 0x75, 0x6e, 0x63, 0x74,
 0x75, 0x61, 0x74, 0x6f, 0x72, 0x0e, 0x4b, 0x65,
 0x79, 0x77, 0x6f, 0x72, 0x64, 0x02, 0x67, 0x02,
 0x66, 0x02, 0x6b, 0x02, 0x6d, 0x14, 0x74, 0x6f,
 0x6b, 0x65, 0x6e, 0x49, 0x6e, 0x64, 0x65, 0x78,
 0x12, 0x74, 0x6f, 0x6b, 0x65, 0x6e, 0x4c, 0x69,
 0x6e, 0x65, 0x16, 0x74, 0x6f, 0x6b, 0x65, 0x6e,
 0x43, 0x6f, 0x6c, 0x75, 0x6d, 0x6e, 0x06, 0x65,
 0x6e, 0x64, 0x0e, 0x6f, 0x70, 0x74, 0x69, 0x6f,
 0x6e, 0x73, 0x12, 0x6f, 0x6e, 0x43, 0x6f, 0x6d,
 0x6d, 0x65, 0x6e, 0x74, 0x0a, 0x73, 0x74, 0x61,
 0x72, 0x74, 0x0a, 0x73, 0x6c, 0x69, 0x63, 0x65,
 0x02, 0x62, 0x02, 0x54, 0x0a, 0x45, 0x6d, 0x70,
 0x74, 0x79, 0x0c, 0x45, 0x73, 0x63, 0x61, 0x70,
 0x65, 0x0a, 0x43, 0x6c, 0x61, 0x73, 0x73, 0x0c,
 0x47, 0x6c, 0x6f, 0x62, 0x61, 0x6c, 0x14, 0x49,
 0x67, 0x6e, 0x6f, 0x72, 0x65, 0x43, 0x61, 0x73,
 0x65, 0x12, 0x4d, 0x75, 0x6c, 0x74, 0x69, 0x6c,
 0x69, 0x6e, 0x65, 0x0e, 0x55, 0x6e, 0x69, 0x63,
 0x6f, 0x64, 0x65, 0x02, 0x75, 0x16, 0x55, 0x6e,
 0x69, 0x63, 0x6f, 0x64, 0x65, 0x53, 0x65, 0x74,
 0x73, 0x04, 0x76, 0x75, 0x04, 0x75, 0x76, 0x02,
 0x76, 0x0c, 0x53, 0x74, 0x69, 0x63, 0x6b, 0x79,
 0x02, 0x79, 0x0c, 0x44, 0x6f, 0x74, 0x41, 0x6c,
 0x6c, 0x0e, 0x49, 0x6e, 0x64, 0x69, 0x63, 0x65,
 0x73, 0x02, 0x64, 0x0e, 0x70, 0x61, 0x74, 0x74,
 0x65, 0x72, 0x6e, 0x16, 0x74, 0x6f, 0x6b, 0x65,
 0x6e, 0x52, 0x65, 0x67, 0x45, 0x78, 0x70, 0x10,
 0x74, 0x6f, 0x6b, 0x65, 0x6e, 0x52, 0x61, 0x77,
 0x14, 0x74, 0x6f, 0x6b, 0x65, 0x6e, 0x56, 0x61,
 0x6c, 0x75, 0x65, 0x02, 0x78, 0x1a, 0x66, 0x72,
 0x6f, 0x6d, 0x43, 0x6f, 0x64, 0x65, 0x50, 0x6f,
 0x69, 0x6e, 0x74, 0x02, 0x53, 0x12, 0x77, 0x65,
 0x62, 0x63, 0x6f, 0x6d, 0x70, 0x61, 0x74, 0x02,
 0x43, 0x02, 0x45, 0x02, 0x71, 0x0e, 0x72, 0x65,
 0x70, 0x6c, 0x61, 0x63, 0x65, 0x06, 0x5d, 0x3a,
 0x20, 0x06, 0x6c, 0x6f, 0x63, 0x16, 0x64, 0x65,
 0x73, 0x63, 0x72, 0x69, 0x70, 0x74, 0x69, 0x6f,
 0x6e, 0x02, 0x41, 0x12, 0x73, 0x75, 0x62, 0x73,
 0x74, 0x72, 0x69, 0x6e, 0x67, 0x14, 0x72, 0x65,
 0x70, 0x6c, 0x61, 0x63, 0x65, 0x41, 0x6c, 0x6c,
 0x02, 0x49, 0x02, 0x50, 0x26, 0x6f, 0x6e, 0x49,
 0x6e, 0x73, 0x65, 0x72, 0x74, 0x65, 0x64, 0x53,
 0x65, 0x6d, 0x69, 0x63, 0x6f, 0x6c, 0x6f, 0x6e,
 0x14, 0x73, 0x74, 0x61, 0x72, 0x74, 0x49, 0x6e,
 0x64, 0x65, 0x78, 0x02, 0x52, 0x14, 0x75, 0x73,
 0x65, 0x20, 0x73, 0x74, 0x72, 0x69, 0x63, 0x74,
 0x02, 0x42, 0x02, 0x55, 0x02, 0x4f, 0x02, 0x4d,
 0x08, 0x74, 0x79, 0x70, 0x65, 0x10, 0x65, 0x6c,
 0x65, 0x6d, 0x65, 0x6e, 0x74, 0x73, 0x14, 0x70,
 0x72, 0x6f, 0x70, 0x65, 0x72, 0x74, 0x69, 0x65,
 0x73, 0x10, 0x6f, 0x70, 0x65, 0x72, 0x61, 0x74,
 0x6f, 0x72, 0x08, 0x6c, 0x65, 0x66, 0x74, 0x10,
 0x61, 0x72, 0x67, 0x75, 0x6d, 0x65, 0x6e, 0x74,
 0x02, 0x6a, 0x02, 0x46, 0x02, 0x47, 0x18, 0x64,
 0x65, 0x73, 0x74, 0x72, 0x75, 0x63, 0x74, 0x69,
 0x62, 0x6c, 0x65, 0x02, 0x4a, 0x08, 0x6c, 0x6f,
 0x6f, 0x70, 0x02, 0x7a, 0x1a, 0x4a, 0x53, 0x58,
 0x49, 0x64, 0x65, 0x6e, 0x74, 0x69, 0x66, 0x69,
 0x65, 0x72, 0x22, 0x4a, 0x53, 0x58, 0x4e, 0x61,
 0x6d, 0x65, 0x73, 0x70, 0x61, 0x63, 0x65, 0x64,
 0x4e, 0x61, 0x6d, 0x65, 0x12, 0x6e, 0x61, 0x6d,
 0x65, 0x73, 0x70, 0x61, 0x63, 0x65, 0x26, 0x4a,
 0x53, 0x58, 0x4d, 0x65, 0x6d, 0x62, 0x65, 0x72,
 0x45, 0x78, 0x70, 0x72, 0x65, 0x73, 0x73, 0x69,
 0x6f, 0x6e, 0x10, 0x70, 0x72, 0x6f, 0x70, 0x65,
 0x72, 0x74, 0x79, 0x02, 0x48, 0x02, 0x58, 0x0c,
 0x68, 0x61, 0x73, 0x4f, 0x77, 0x6e, 0x02, 0x57,
 0x02, 0x59, 0x02, 0x5a, 0x02, 0x4b, 0x16, 0x73,
 0x74, 0x61, 0x72, 0x74, 0x43, 0x6f, 0x6c, 0x75,
 0x6d, 0x6e, 0x12, 0x73, 0x74, 0x61, 0x72, 0x74,
 0x4c, 0x69, 0x6e, 0x65, 0x04, 0x74, 0x65, 0x04,
 0x6f, 0x65, 0x0c, 0x63, 0x68, 0x61, 0x72, 0x41,
 0x74, 0x03, 0xfd, 0xff, 0x04, 0x69, 0x65, 0x04,
 0x61, 0x65, 0x04, 0x73, 0x65, 0x0c, 0x70, 0x61,
 0x72, 0x73, 0x65, 0x72, 0x0c, 0x70, 0x61, 0x72,
 0x65, 0x6e, 0x74, 0x20, 0x76, 0x61, 0x72, 0x69,
 0x61, 0x62, 0x6c, 0x65, 0x42, 0x69, 0x6e, 0x64,
 0x69, 0x6e, 0x67, 0x73, 0x0c, 0x70, 0x61, 0x72,
 0x61, 0x6d, 0x73, 0x14, 0x73, 0x63, 0x6f, 0x70,
 0x65, 0x45, 0x72, 0x72, 0x6f, 0x72, 0x24, 0x70,
 0x72, 0x69, 0x76, 0x61, 0x74, 0x65, 0x49, 0x64,
 0x65, 0x6e, 0x74, 0x69, 0x66, 0x69, 0x65, 0x72,
 0x73, 0x08, 0x72, 0x65, 0x66, 0x73, 0x08, 0x70,
 0x75, 0x73, 0x68, 0x0c, 0x63, 0x72, 0x65, 0x61,
 0x74, 0x65, 0x0a, 0x74, 0x6f, 0x6b, 0x65, 0x6e,
 0x0e, 0x6f, 0x6e, 0x54, 0x6f, 0x6b, 0x65, 0x6e,
 0x16, 0x6c, 0x61, 0x73, 0x74, 0x4f, 0x6e, 0x54,
 0x6f, 0x6b, 0x65, 0x6e, 0x0c, 0x72, 0x61, 0x6e,
 0x67, 0x65, 0x73, 0x20, 0x65, 0x78, 0x70, 0x6f,
 0x72, 0x74, 0x65, 0x64, 0x42, 0x69, 0x6e, 0x64,
 0x69, 0x6e, 0x67, 0x73, 0x1a, 0x65, 0x78, 0x70,
 0x6f, 0x72, 0x74, 0x65, 0x64, 0x4e, 0x61, 0x6d,
 0x65, 0x73, 0x0e, 0x6c, 0x65, 0x78, 0x69, 0x63,
 0x61, 0x6c, 0x14, 0x61, 0x73, 0x73, 0x69, 0x67,
 0x6e, 0x61, 0x62, 0x6c, 0x65, 0x14, 0x64, 0x65,
 0x63, 0x6f, 0x72, 0x61, 0x74, 0x6f, 0x72, 0x73,
 0x22, 0x6c, 0x65, 0x61, 0x64, 0x69, 0x6e, 0x67,
 0x44, 0x65, 0x63, 0x6f, 0x72, 0x61, 0x74, 0x6f,
 0x72, 0x73, 0x04, 0x64, 0x65, 0x0c, 0x6d, 0x6f,
 0x64, 0x75, 0x6c, 0x65, 0x18, 0x67, 0x6c, 0x6f,
 0x62, 0x61, 0x6c, 0x52, 0x65, 0x74, 0x75, 0x72,
 0x6e, 0x1a, 0x69, 0x6d, 0x70, 0x6c, 0x69, 0x65,
 0x64, 0x53, 0x74, 0x72, 0x69, 0x63, 0x74, 0x0c,
 0x73, 0x63, 0x72, 0x69, 0x70, 0x74, 0x14, 0x73,
 0x6f, 0x75, 0x72, 0x63, 0x65, 0x54, 0x79, 0x70,
 0x65, 0x08, 0x62, 0x6f, 0x64, 0x79, 0x0e, 0x69,
 0x73, 0x41, 0x72, 0x72, 0x61, 0x79, 0x0c, 0x61,
 0x73, 0x73, 0x69, 0x67, 0x6e, 0x16, 0x64, 0x65,
 0x63, 0x6c, 0x61, 0x72, 0x61, 0x74, 0x69, 0x6f,
 0x6e, 0x0c, 0x45, 0x78, 0x70, 0x6f, 0x72, 0x74,
 0x10, 0x65, 0x78, 0x70, 0x6f, 0x72, 0x74, 0x65,
 0x64, 0x14, 0x61, 0x74, 0x74, 0x72, 0x69, 0x62,
 0x75, 0x74, 0x65, 0x73, 0x1e, 0x45, 0x78, 0x70,
 0x6f, 0x72, 0x74, 0x53, 0x70, 0x65, 0x63, 0x69,
 0x66, 0x69, 0x65, 0x72, 0x0a, 0x6c, 0x6f, 0x63,
 0x61, 0x6c, 0x0e, 0x66, 0x6f, 0x72, 0x45, 0x61,
 0x63, 0x68, 0x14, 0x73, 0x70, 0x65, 0x63, 0x69,
 0x66, 0x69, 0x65, 0x72, 0x73, 0x2c, 0x49, 0x6d,
 0x70, 0x6f, 0x72, 0x74, 0x44, 0x65, 0x66, 0x61,
 0x75, 0x6c, 0x74, 0x53, 0x70, 0x65, 0x63, 0x69,
 0x66, 0x69, 0x65, 0x72, 0x0c, 0x49, 0x6d, 0x70,
 0x6f, 0x72, 0x74, 0x04, 0x66, 0x65, 0x08, 0x6b,
 0x69, 0x6e, 0x64, 0x18, 0x64, 0x65, 0x63, 0x6c,
 0x61, 0x72, 0x61, 0x74, 0x69, 0x6f, 0x6e, 0x73,
 0x04, 0x68, 0x65, 0x08, 0x74, 0x65, 0x73, 0x74,
 0x14, 0x63, 0x6f, 0x6e, 0x73, 0x65, 0x71, 0x75,
 0x65, 0x6e, 0x74, 0x12, 0x61, 0x6c, 0x74, 0x65,
 0x72, 0x6e, 0x61, 0x74, 0x65, 0x0a, 0x72, 0x69,
 0x67, 0x68, 0x74, 0x08, 0x69, 0x6e, 0x69, 0x74,
 0x0c, 0x75, 0x70, 0x64, 0x61, 0x74, 0x65, 0x14,
 0x53, 0x77, 0x69, 0x74, 0x63, 0x68, 0x43, 0x61,
 0x73, 0x65, 0x18, 0x64, 0x69, 0x73, 0x63, 0x72,
 0x69, 0x6d, 0x69, 0x6e, 0x61, 0x6e, 0x74, 0x0a,
 0x63, 0x61, 0x73, 0x65, 0x73, 0x0a, 0x6c, 0x61,
 0x62, 0x65, 0x6c, 0x0e, 0x68, 0x61, 0x6e, 0x64,
 0x6c, 0x65, 0x72, 0x12, 0x66, 0x69, 0x6e, 0x61,
 0x6c, 0x69, 0x7a, 0x65, 0x72, 0x16, 0x43, 0x61,
 0x74, 0x63, 0x68, 0x43, 0x6c, 0x61, 0x75, 0x73,
 0x65, 0x0a, 0x70, 0x61, 0x72, 0x61, 0x6d, 0x04,
 0x6b, 0x65, 0x04, 0x6d, 0x65, 0x14, 0x65, 0x78,
 0x70, 0x72, 0x65, 0x73, 0x73, 0x69, 0x6f, 0x6e,
 0x04, 0x62, 0x65, 0x04, 0x77, 0x65, 0x04, 0x79,
 0x65, 0x12, 0x64, 0x69, 0x72, 0x65, 0x63, 0x74,
 0x69, 0x76, 0x65, 0x04, 0x54, 0x65, 0x04, 0x78,
 0x65, 0x04, 0x53, 0x65, 0x04, 0x76, 0x65, 0x04,
 0x43, 0x65, 0x04, 0x45, 0x65, 0x1a, 0x64, 0x65,
 0x73, 0x74, 0x72, 0x75, 0x63, 0x74, 0x75, 0x72,
 0x69, 0x6e, 0x67, 0x04, 0x69, 0x64, 0x04, 0x71,
 0x65, 0x04, 0x4e, 0x65, 0x30, 0x49, 0x6d, 0x70,
 0x6f, 0x72, 0x74, 0x4e, 0x61, 0x6d, 0x65, 0x73,
 0x70, 0x61, 0x63, 0x65, 0x53, 0x70, 0x65, 0x63,
 0x69, 0x66, 0x69, 0x65, 0x72, 0x04, 0x4c, 0x65,
 0x1e, 0x49, 0x6d, 0x70, 0x6f, 0x72, 0x74, 0x53,
 0x70, 0x65, 0x63, 0x69, 0x66, 0x69, 0x65, 0x72,
 0x10, 0x69, 0x6d, 0x70, 0x6f, 0x72, 0x74, 0x65,
 0x64, 0x04, 0x41, 0x65, 0x04, 0x49, 0x65, 0x04,
 0x44, 0x65, 0x04, 0x56, 0x65, 0x16, 0x65, 0x78,
 0x70, 0x72, 0x65, 0x73, 0x73, 0x69, 0x6f, 0x6e,
 0x73, 0x04, 0x50, 0x65, 0x04, 0x42, 0x65, 0x04,
 0x55, 0x65, 0x04, 0x4f, 0x65, 0x04, 0x4d, 0x65,
 0x04, 0x6a, 0x65, 0x04, 0x46, 0x65, 0x10, 0x63,
 0x6f, 0x6d, 0x70, 0x75, 0x74, 0x65, 0x64, 0x10,
 0x6f, 0x70, 0x74, 0x69, 0x6f, 0x6e, 0x61, 0x6c,
 0x06, 0x74, 0x61, 0x67, 0x0a, 0x71, 0x75, 0x61,
 0x73, 0x69, 0x0c, 0x70, 0x72, 0x65, 0x66, 0x69,
 0x78, 0x04, 0x47, 0x65, 0x04, 0x4a, 0x65, 0x06,
 0x6a, 0x73, 0x78, 0x10, 0x64, 0x65, 0x6c, 0x65,
 0x67, 0x61, 0x74, 0x65, 0x1c, 0x70, 0x72, 0x65,
 0x73, 0x65, 0x72, 0x76, 0x65, 0x50, 0x61, 0x72,
 0x65, 0x6e, 0x73, 0x2e, 0x50, 0x61, 0x72, 0x65,
 0x6e, 0x74, 0x68, 0x65, 0x73, 0x69, 0x7a, 0x65,
 0x64, 0x45, 0x78, 0x70, 0x72, 0x65, 0x73, 0x73,
 0x69, 0x6f, 0x6e, 0x0a, 0x72, 0x65, 0x67, 0x65,
 0x78, 0x14, 0x73, 0x75, 0x70, 0x65, 0x72, 0x43,
 0x6c, 0x61, 0x73, 0x73, 0x04, 0x7a, 0x65, 0x04,
 0x48, 0x65, 0x04, 0x58, 0x65, 0x06, 0x6b, 0x65,
 0x79, 0x04, 0x24, 0x65, 0x04, 0x57, 0x65, 0x04,
 0x5f, 0x65, 0x04, 0x59, 0x65, 0x04, 0x5a, 0x65,
 0x0c, 0x71, 0x75, 0x61, 0x73, 0x69, 0x73, 0x04,
 0x4b, 0x65, 0x04, 0x51, 0x65, 0x0c, 0x63, 0x6f,
 0x6f, 0x6b, 0x65, 0x64, 0x08, 0x74, 0x61, 0x69,
 0x6c, 0x04, 0x65, 0x74, 0x04, 0x74, 0x74, 0x04,
 0x72, 0x74, 0x04, 0x6e, 0x74, 0x04, 0x6f, 0x74,
 0x12, 0x67, 0x65, 0x6e, 0x65, 0x72, 0x61, 0x74,
 0x6f, 0x72, 0x04, 0x61, 0x74, 0x04, 0x73, 0x74,
 0x04, 0x63, 0x74, 0x0c, 0x53, 0x65, 0x74, 0x74,
 0x65, 0x72, 0x06, 0x6f, 0x6e, 0x65, 0x0c, 0x47,
 0x65, 0x74, 0x74, 0x65, 0x72, 0x04, 0x6e, 0x6f,
 0x04, 0x75, 0x74, 0x24, 0x75, 0x6e, 0x69, 0x71,
 0x75, 0x65, 0x4b, 0x65, 0x79, 0x49, 0x6e, 0x50,
 0x61, 0x74, 0x74, 0x65, 0x72, 0x6e, 0x0c, 0x6d,
 0x65, 0x74, 0x68, 0x6f, 0x64, 0x12, 0x73, 0x68,
 0x6f, 0x72, 0x74, 0x68, 0x61, 0x6e, 0x64, 0x04,
 0x70, 0x74, 0x04, 0x64, 0x74, 0x04, 0x66, 0x74,
 0x04, 0x68, 0x74, 0x04, 0x6b, 0x74, 0x04, 0x6d,
 0x74, 0x04, 0x62, 0x74, 0x04, 0x77, 0x74, 0x04,
 0x79, 0x74, 0x04, 0x54, 0x74, 0x04, 0x78, 0x74,
 0x12, 0x44, 0x65, 0x63, 0x6f, 0x72, 0x61, 0x74,
 0x6f, 0x72, 0x04, 0x53, 0x74, 0x04, 0x76, 0x74,
 0x04, 0x43, 0x74, 0x04, 0x45, 0x74, 0x20, 0x41,
 0x63, 0x63, 0x65, 0x73, 0x73, 0x6f, 0x72, 0x50,
 0x72, 0x6f, 0x70, 0x65, 0x72, 0x74, 0x79, 0x04,
 0x71, 0x74, 0x04, 0x4e, 0x74, 0x16, 0x4a, 0x53,
 0x58, 0x46, 0x72, 0x61, 0x67, 0x6d, 0x65, 0x6e,
 0x74, 0x1e, 0x6f, 0x70, 0x65, 0x6e, 0x69, 0x6e,
 0x67, 0x46, 0x72, 0x61, 0x67, 0x6d, 0x65, 0x6e,
 0x74, 0x10, 0x63, 0x68, 0x69, 0x6c, 0x64, 0x72,
 0x65, 0x6e, 0x1e, 0x63, 0x6c, 0x6f, 0x73, 0x69,
 0x6e, 0x67, 0x46, 0x72, 0x61, 0x67, 0x6d, 0x65,
 0x6e, 0x74, 0x16, 0x73, 0x65, 0x6c, 0x66, 0x43,
 0x6c, 0x6f, 0x73, 0x69, 0x6e, 0x67, 0x14, 0x4a,
 0x53, 0x58, 0x45, 0x6c, 0x65, 0x6d, 0x65, 0x6e,
 0x74, 0x1c, 0x6f, 0x70, 0x65, 0x6e, 0x69, 0x6e,
 0x67, 0x45, 0x6c, 0x65, 0x6d, 0x65, 0x6e, 0x74,
 0x1c, 0x63, 0x6c, 0x6f, 0x73, 0x69, 0x6e, 0x67,
 0x45, 0x6c, 0x65, 0x6d, 0x65, 0x6e, 0x74, 0x24,
 0x4a, 0x53, 0x58, 0x4f, 0x70, 0x65, 0x6e, 0x69,
 0x6e, 0x67, 0x46, 0x72, 0x61, 0x67, 0x6d, 0x65,
 0x6e, 0x74, 0x24, 0x4a, 0x53, 0x58, 0x43, 0x6c,
 0x6f, 0x73, 0x69, 0x6e, 0x67, 0x46, 0x72, 0x61,
 0x67, 0x6d, 0x65, 0x6e, 0x74, 0x22, 0x4a, 0x53,
 0x58, 0x4f, 0x70, 0x65, 0x6e, 0x69, 0x6e, 0x67,
 0x45, 0x6c, 0x65, 0x6d, 0x65, 0x6e, 0x74, 0x22,
 0x4a, 0x53, 0x58, 0x43, 0x6c, 0x6f, 0x73, 0x69,
 0x6e, 0x67, 0x45, 0x6c, 0x65, 0x6d, 0x65, 0x6e,
 0x74, 0x04, 0x41, 0x74, 0x04, 0x49, 0x74, 0x04,
 0x44, 0x74, 0x04, 0x56, 0x74, 0x04, 0x50, 0x74,
 0x04, 0x52, 0x74, 0x18, 0x4a, 0x53, 0x58, 0x41,
 0x74, 0x74, 0x72, 0x69, 0x62, 0x75, 0x74, 0x65,
 0x24, 0x4a, 0x53, 0x58, 0x53, 0x70, 0x72, 0x65,
 0x61, 0x64, 0x41, 0x74, 0x74, 0x72, 0x69, 0x62,
 0x75, 0x74, 0x65, 0x04, 0x42, 0x74, 0x04, 0x55,
 0x74, 0x2c, 0x4a, 0x53, 0x58, 0x45, 0x78, 0x70,
 0x72, 0x65, 0x73, 0x73, 0x69, 0x6f, 0x6e, 0x43,
 0x6f, 0x6e, 0x74, 0x61, 0x69, 0x6e, 0x65, 0x72,
 0x1c, 0x4a, 0x53, 0x58, 0x53, 0x70, 0x72, 0x65,
 0x61, 0x64, 0x43, 0x68, 0x69, 0x6c, 0x64, 0x24,
 0x4a, 0x53, 0x58, 0x45, 0x6d, 0x70, 0x74, 0x79,
 0x45, 0x78, 0x70, 0x72, 0x65, 0x73, 0x73, 0x69,
 0x6f, 0x6e, 0x04, 0x4f, 0x74, 0x04, 0x4a, 0x74,
 0x04, 0x2c, 0x20, 0x04, 0x7a, 0x74, 0x2a, 0x65,
 0x78, 0x70, 0x72, 0x65, 0x73, 0x73, 0x69, 0x6f,
 0x6e, 0x73, 0x50, 0x72, 0x65, 0x63, 0x65, 0x64,
 0x65, 0x6e, 0x63, 0x65, 0x04, 0x48, 0x74, 0x04,
 0x58, 0x74, 0x08, 0x74, 0x72, 0x69, 0x6d, 0x04,
 0x24, 0x74, 0x06, 0x2f, 0x2f, 0x20, 0x04, 0x2f,
 0x2a, 0x04, 0x2a, 0x2f, 0x04, 0x57, 0x74, 0x02,
 0x20, 0x0c, 0x69, 0x6e, 0x64, 0x65, 0x6e, 0x74,
 0x16, 0x69, 0x6e, 0x64, 0x65, 0x6e, 0x74, 0x4c,
 0x65, 0x76, 0x65, 0x6c, 0x0e, 0x6c, 0x69, 0x6e,
 0x65, 0x45, 0x6e, 0x64, 0x1a, 0x77, 0x72, 0x69,
 0x74, 0x65, 0x43, 0x6f, 0x6d, 0x6d, 0x65, 0x6e,
 0x74, 0x73, 0x10, 0x63, 0x6f, 0x6d, 0x6d, 0x65,
 0x6e, 0x74, 0x73, 0x20, 0x74, 0x72, 0x61, 0x69,
 0x6c, 0x69, 0x6e, 0x67, 0x43, 0x6f, 0x6d, 0x6d,
 0x65, 0x6e, 0x74, 0x73, 0x0e, 0x73, 0x74, 0x61,
 0x74, 0x69, 0x63, 0x20, 0x08, 0x69, 0x66, 0x20,
 0x28, 0x04, 0x29, 0x20, 0x0c, 0x20, 0x65, 0x6c,
 0x73, 0x65, 0x20, 0x04, 0x3a, 0x20, 0x0c, 0x77,
 0x69, 0x74, 0x68, 0x20, 0x28, 0x10, 0x73, 0x77,
 0x69, 0x74, 0x63, 0x68, 0x20, 0x28, 0x06, 0x29,
 0x20, 0x7b, 0x0a, 0x63, 0x61, 0x73, 0x65, 0x20,
 0x10, 0x64, 0x65, 0x66, 0x61, 0x75, 0x6c, 0x74,
 0x3a, 0x0c, 0x74, 0x68, 0x72, 0x6f, 0x77, 0x20,
 0x08, 0x74, 0x72, 0x79, 0x20, 0x0e, 0x20, 0x63,
 0x61, 0x74, 0x63, 0x68, 0x20, 0x10, 0x20, 0x63,
 0x61, 0x74, 0x63, 0x68, 0x20, 0x28, 0x12, 0x20,
 0x66, 0x69, 0x6e, 0x61, 0x6c, 0x6c, 0x79, 0x20,
 0x0e, 0x77, 0x68, 0x69, 0x6c, 0x65, 0x20, 0x28,
 0x06, 0x64, 0x6f, 0x20, 0x10, 0x20, 0x77, 0x68,
 0x69, 0x6c, 0x65, 0x20, 0x28, 0x04, 0x29, 0x3b,
 0x0a, 0x66, 0x6f, 0x72, 0x20, 0x28, 0x02, 0x56,
 0x04, 0x3b, 0x20, 0x08, 0x66, 0x6f, 0x72, 0x20,
 0x0c, 0x61, 0x77, 0x61, 0x69, 0x74, 0x20, 0x08,
 0x20, 0x69, 0x6e, 0x20, 0x08, 0x20, 0x6f, 0x66,
 0x20, 0x12, 0x64, 0x65, 0x62, 0x75, 0x67, 0x67,
 0x65, 0x72, 0x3b, 0x0c, 0x61, 0x73, 0x79, 0x6e,
 0x63, 0x20, 0x14, 0x66, 0x75, 0x6e, 0x63, 0x74,
 0x69, 0x6f, 0x6e, 0x2a, 0x20, 0x12, 0x66, 0x75,
 0x6e, 0x63, 0x74, 0x69, 0x6f, 0x6e, 0x20, 0x06,
 0x20, 0x3d, 0x20, 0x0c, 0x63, 0x6c, 0x61, 0x73,
 0x73, 0x20, 0x10, 0x65, 0x78, 0x74, 0x65, 0x6e,
 0x64, 0x73, 0x20, 0x0e, 0x69, 0x6d, 0x70, 0x6f,
 0x72, 0x74, 0x20, 0x02, 0x44, 0x02, 0x4e, 0x0a,
 0x2a, 0x20, 0x61, 0x73, 0x20, 0x08, 0x20, 0x61,
 0x73, 0x20, 0x0c, 0x20, 0x66, 0x72, 0x6f, 0x6d,
 0x20, 0x10, 0x20, 0x77, 0x69, 0x74, 0x68, 0x20,
 0x7b, 0x20, 0x04, 0x20, 0x7d, 0x0e, 0x69, 0x6d,
 0x70, 0x6f, 0x72, 0x74, 0x28, 0x1e, 0x65, 0x78,
 0x70, 0x6f, 0x72, 0x74, 0x20, 0x64, 0x65, 0x66,
 0x61, 0x75, 0x6c, 0x74, 0x20, 0x0e, 0x65, 0x78,
 0x70, 0x6f, 0x72, 0x74, 0x20, 0x18, 0x65, 0x78,
 0x70, 0x6f, 0x72, 0x74, 0x20, 0x2a, 0x20, 0x61,
 0x73, 0x20, 0x1c, 0x65, 0x78, 0x70, 0x6f, 0x72,
 0x74, 0x20, 0x2a, 0x20, 0x66, 0x72, 0x6f, 0x6d,
 0x20, 0x08, 0x20, 0x3d, 0x3e, 0x20, 0x0c, 0x79,
 0x69, 0x65, 0x6c, 0x64, 0x2a, 0x04, 0x24, 0x7b,
 0x02, 0x70, 0x04, 0x20, 0x28, 0x06, 0x20, 0x3f,
 0x20, 0x06, 0x20, 0x3a, 0x20, 0x08, 0x6e, 0x65,
 0x77, 0x20, 0x02, 0x65, 0x0c, 0x6f, 0x75, 0x74,
 0x70, 0x75, 0x74, 0x04, 0x20, 0x20, 0x26, 0x73,
 0x74, 0x61, 0x72, 0x74, 0x69, 0x6e, 0x67, 0x49,
 0x6e, 0x64, 0x65, 0x6e, 0x74, 0x4c, 0x65, 0x76,
 0x65, 0x6c, 0x12, 0x73, 0x6f, 0x75, 0x72, 0x63,
 0x65, 0x4d, 0x61, 0x70, 0x16, 0x6c, 0x69, 0x6e,
 0x65, 0x45, 0x6e, 0x64, 0x53, 0x69, 0x7a, 0x65,
 0x10, 0x6f, 0x72, 0x69, 0x67, 0x69, 0x6e, 0x61,
 0x6c, 0x12, 0x67, 0x65, 0x6e, 0x65, 0x72, 0x61,
 0x74, 0x65, 0x64, 0x08, 0x66, 0x69, 0x6c, 0x65,
 0x0a, 0x5f, 0x66, 0x69, 0x6c, 0x65, 0x0e, 0x6d,
 0x61, 0x70, 0x70, 0x69, 0x6e, 0x67, 0x14, 0x61,
 0x64, 0x64, 0x4d, 0x61, 0x70, 0x70, 0x69, 0x6e,
 0x67, 0x0c, 0x00, 0x02, 0x00, 0xa8, 0x01, 0x00,
 0x01, 0x00, 0x02, 0x00, 0x0f, 0x01, 0x09, 0x01,
 0x00, 0x00, 0x00, 0x00, 0xe6, 0x03, 0x00, 0x04,
 0x00, 0xf8, 0x02, 0x00, 0x05, 0x00, 0xe6, 0x02,
 0x00, 0x05, 0x00, 0xd2, 0x02, 0x00, 0x05, 0x00,
 0x86, 0x03, 0x00, 0x05, 0x00, 0xe8, 0x03, 0x00,
 0x05, 0x00, 0xca, 0x02, 0x00, 0x05, 0x00, 0xea,
 0x03, 0x00, 0x05, 0x00, 0x8c, 0x03, 0x00, 0x05,
 0x00, 0xd4, 0x02, 0x00, 0x05, 0x00, 0x8e, 0x03,
 0x00, 0x05, 0x00, 0xcc, 0x02, 0x00, 0x05, 0x00,
 0xdc, 0x02, 0x00, 0x05, 0x00, 0xc0, 0x03, 0x00,
 0x05, 0x00, 0xce, 0x02, 0x00, 0x05, 0x00, 0xbe,
 0x00, 0x0b, 0xed, 0x39, 0x00, 0x00, 0xc3, 0x28,
 0x0c, 0x43, 0x02, 0x01, 0x00, 0x01, 0xb1, 0x01,
 0x01, 0x22, 0xa5, 0x01, 0x0e, 0xae, 0x03, 0xbf,
 0xfa, 0x02, 0xb2, 0x01, 0x00, 0x01, 0x00, 0x00,
 0x00, 0x00, 0x00, 0xf0, 0x00, 0x01, 0x02, 0xf0,
 0x00, 0x00, 0x07, 0x40, 0x00, 0x03, 0x21, 0x40,
 0x00, 0x04, 0x09, 0x40, 0x00, 0x05, 0x06, 0x40,
 0x00, 0x06, 0x2c, 0x40, 0x00, 0x07, 0x0f, 0x40,
 0x00, 0x08, 0x34, 0x40, 0x00, 0x02, 0x05, 0xf0,
 0x00, 0x0a, 0x01, 0xf0, 0x00, 0x0b, 0x03, 0xf0,
 0x00, 0x09, 0x16, 0x40, 0x00, 0x0d, 0x0c, 0x40,
 0x00, 0x0c, 0x08, 0xf0, 0x00, 0x0e, 0x29, 0x40,
 0x00, 0x10, 0x04, 0x40, 0x00, 0x11, 0x2a, 0x40,
 0x00, 0x12, 0x0a, 0x40, 0x00, 0x13, 0x0b, 0x40,
 0x00, 0x14, 0x2b, 0x40, 0x00, 0x15, 0x26, 0x40,
 0x00, 0x16, 0x0d, 0x40, 0x00, 0x17, 0x0e, 0x40,
 0x00, 0x18, 0x11, 0x40, 0x00, 0x19, 0x10, 0x40,
 0x00, 0x1a, 0x7c, 0x40, 0x00, 0x0f, 0x12, 0xf0,
 0x00, 0xb1, 0x01, 0x00, 0xb0, 0x00, 0x1d, 0x13,
 0xf0, 0x00, 0x1c, 0x15, 0xe0, 0x00, 0x1b, 0x25,
 0x40, 0x00, 0x20, 0x14, 0x40, 0x00, 0x1f, 0x17,
 0xf0, 0x00, 0x22, 0x1e, 0xf0, 0x00, 0x21, 0x46,
 0x40, 0x00, 0x24, 0x3a, 0x40, 0x00, 0x25, 0x7e,
 0x40, 0x00, 0x26, 0x18, 0x40, 0x00, 0x27, 0x48,
 0x40, 0x00, 0x28, 0x1a, 0x40, 0x00, 0x29, 0x62,
 0x40, 0x00, 0x2a, 0x7f, 0x40, 0x00, 0x2b, 0x74,
 0x40, 0x00, 0x2c, 0x5e, 0x40, 0x00, 0x2d, 0x1b,
 0x40, 0x00, 0x2e, 0x1c, 0x40, 0x00, 0x2f, 0x64,
 0x40, 0x00, 0x30, 0x1d, 0x40, 0x00, 0x31, 0x24,
 0x40, 0x00, 0x32, 0x27, 0x40, 0x00, 0x33, 0x1f,
 0x40, 0x00, 0x34, 0x28, 0x40, 0x00, 0x35, 0x20,
 0x40, 0x00, 0x23, 0x23, 0xf0, 0x00, 0x36, 0x19,
 0x40, 0x00, 0x38, 0x22, 0x40, 0x00, 0x37, 0x2e,
 0xf0, 0x00, 0x3a, 0x2d, 0xf0, 0x00, 0x39, 0x2f,
 0x40, 0x00, 0x3c, 0x95, 0x01, 0x40, 0x00, 0x3d,
 0x8a, 0x01, 0x40, 0x00, 0x3e, 0x91, 0x01, 0x40,
 0x00, 0xb1, 0x01, 0x31, 0xf0, 0x00, 0x40, 0x30,
 0xf0, 0x00, 0x3b, 0x35, 0xe0, 0x00, 0x3f, 0x43,
 0x40, 0x00, 0xb1, 0x01, 0x00, 0xb0, 0x00, 0x44,
 0x32, 0xf0, 0x00, 0x42, 0x36, 0xe0, 0x00, 0xb1,
 0x01, 0x00, 0xb0, 0x00, 0x47, 0x33, 0xf0, 0x00,
 0x46, 0x3c, 0xe0, 0x00, 0x43, 0xa3, 0x01, 0x40,
 0x00, 0x4a, 0x39, 0x40, 0x00, 0x4b, 0x3b, 0x40,
 0x00, 0x4c, 0x57, 0x40, 0x00, 0x4d, 0x60, 0x40,
 0x00, 0x4e, 0x55, 0x40, 0x00, 0x4f, 0x53, 0x40,
 0x00, 0x50, 0x56, 0x40, 0x00, 0x51, 0x37, 0x40,
 0x00, 0x52, 0x59, 0x40, 0x00, 0x53, 0x5d, 0x40,
 0x00, 0x54, 0x4a, 0x40, 0x00, 0x55, 0x4b, 0x40,
 0x00, 0x56, 0x52, 0x40, 0x00, 0x57, 0x66, 0x40,
 0x00, 0x58, 0x4c, 0x40, 0x00, 0x59, 0x4d, 0x40,
 0x00, 0x5a, 0x4e, 0x40, 0x00, 0x5b, 0x50, 0x40,
 0x00, 0x5c, 0x4f, 0x40, 0x00, 0x5d, 0x45, 0x40,
 0x00, 0x5e, 0x54, 0x40, 0x00, 0x5f, 0x58, 0x40,
 0x00, 0x60, 0x42, 0x40, 0x00, 0x61, 0x84, 0x01,
 0x40, 0x00, 0x62, 0x6a, 0x40, 0x00, 0x63, 0x69,
 0x40, 0x00, 0x64, 0x81, 0x01, 0x40, 0x00, 0x65,
 0x5a, 0x40, 0x00, 0x66, 0x41, 0x40, 0x00, 0x67,
 0x6c, 0x40, 0x00, 0x68, 0x61, 0x40, 0x00, 0x69,
 0x67, 0x40, 0x00, 0x6a, 0x68, 0x40, 0x00, 0x6b,
 0x49, 0x40, 0x00, 0x6c, 0x7a, 0x40, 0x00, 0x6d,
 0x79, 0x40, 0x00, 0x6e, 0x47, 0x40, 0x00, 0x6f,
 0x77, 0x40, 0x00, 0x70, 0x6e, 0x40, 0x00, 0x71,
 0x6d, 0x40, 0x00, 0x72, 0x7b, 0x40, 0x00, 0x73,
 0x7d, 0x40, 0x00, 0x74, 0x6b, 0x40, 0x00, 0x75,
 0x3f, 0x40, 0x00, 0x76, 0x38, 0x40, 0x00, 0x77,
 0x3d, 0x40, 0x00, 0x78, 0x71, 0x40, 0x00, 0x79,
 0x5c, 0x40, 0x00, 0x7a, 0x82, 0x01, 0x40, 0x00,
 0x7b, 0x73, 0x40, 0x00, 0x7c, 0x86, 0x01, 0x40,
 0x00, 0x7d, 0x5b, 0x40, 0x00, 0x7e, 0x85, 0x01,
 0x40, 0x00, 0x7f, 0x70, 0x40, 0x00, 0x80, 0x01,
 0x65, 0x40, 0x00, 0x81, 0x01, 0x72, 0x40, 0x00,
 0x82, 0x01, 0x44, 0x40, 0x00, 0x83, 0x01, 0x80,
 0x01, 0x40, 0x00, 0x84, 0x01, 0x76, 0x40, 0x00,
 0x85, 0x01, 0x63, 0x40, 0x00, 0x86, 0x01, 0x40,
 0x40, 0x00, 0x87, 0x01, 0x3e, 0x40, 0x00, 0x88,
 0x01, 0x51, 0x40, 0x00, 0x89, 0x01, 0x87, 0x01,
 0x40, 0x00, 0x8a, 0x01, 0x75, 0x40, 0x00, 0x8b,
 0x01, 0x88, 0x01, 0x40, 0x00, 0x8c, 0x01, 0x6f,
 0x40, 0x00, 0x8d, 0x01, 0x89, 0x01, 0x40, 0x00,
 0x8e, 0x01, 0x5f, 0x40, 0x00, 0x8f, 0x01, 0x83,
 0x01, 0x40, 0x00, 0x90, 0x01, 0x78, 0x40, 0x00,
 0x91, 0x01, 0x8e, 0x01, 0x40, 0x00, 0x92, 0x01,
 0x8b, 0x01, 0x40, 0x00, 0x93, 0x01, 0x8f, 0x01,
 0x40, 0x00, 0x94, 0x01, 0x8d, 0x01, 0x40, 0x00,
 0x95, 0x01, 0x94, 0x01, 0x40, 0x00, 0x96, 0x01,
 0x8c, 0x01, 0x40, 0x00, 0x97, 0x01, 0x93, 0x01,
 0x40, 0x00, 0x98, 0x01, 0x90, 0x01, 0x40, 0x00,
 0x99, 0x01, 0x92, 0x01, 0x40, 0x00, 0x49, 0x9e,
 0x01, 0xf0, 0x00, 0x9b, 0x01, 0x97, 0x01, 0xf0,
 0x00, 0x9c, 0x01, 0x96, 0x01, 0xf0, 0x00, 0x9d,
 0x01, 0xa2, 0x01, 0xf0, 0x00, 0x9a, 0x01, 0x9c,
 0x01, 0x40, 0x00, 0x9f, 0x01, 0x98, 0x01, 0x40,
 0x00, 0xa0, 0x01, 0x9d, 0x01, 0x40, 0x00, 0xa1,
 0x01, 0x99, 0x01, 0x40, 0x00, 0xa2, 0x01, 0x9a,
 0x01, 0x40, 0x00, 0xa3, 0x01, 0x9b, 0x01, 0x40,
 0x00, 0x9e, 0x01, 0x00, 0xa0, 0x00, 0xa5, 0x01,
 0x00, 0xa0, 0x00, 0xa6, 0x01, 0x00, 0xa0, 0x00,
 0xa7, 0x01, 0x00, 0xa0, 0x00, 0xa8, 0x01, 0x00,
 0xa0, 0x00, 0xa9, 0x01, 0x00, 0xa0, 0x00, 0xaa,
 0x01, 0xa1, 0x01, 0xf0, 0x00, 0xab, 0x01, 0xa0,
 0x01, 0xf0, 0x00, 0xb1, 0x01, 0x00, 0xb0, 0x00,
 0xad, 0x01, 0x9f, 0x01, 0xf0, 0x00, 0xac, 0x01,
 0xa4, 0x01, 0xe0, 0x00, 0xaf, 0x01, 0x00, 0xb0,
 0x00, 0xb0, 0x01, 0x00, 0xb0, 0xf8, 0x02, 0x01,
 0x03, 0x00, 0xe6, 0x02, 0x02, 0x03, 0x00, 0xd2,
 0x02, 0x03, 0x03, 0x00, 0x86, 0x03, 0x04, 0x03,
 0x00, 0xe8, 0x03, 0x05, 0x03, 0x00, 0xca, 0x02,
 0x06, 0x03, 0x00, 0xea, 0x03, 0x07, 0x03, 0x00,
 0x8c, 0x03, 0x08, 0x03, 0x00, 0xd4, 0x02, 0x09,
 0x03, 0x00, 0x8e, 0x03, 0x0a, 0x03, 0x00, 0xcc,
 0x02, 0x0b, 0x03, 0x00, 0xdc, 0x02, 0x0c, 0x03,
 0x00, 0xc0, 0x03, 0x0d, 0x03, 0x00, 0xce, 0x02,
 0x0e, 0x03, 0x00, 0xbe, 0xc1, 0xc9, 0xbe, 0xc2,
 0xca, 0xbe, 0xc3, 0xc1, 0x04, 0xbe, 0xc4, 0xc1,
 0x05, 0xbe, 0xc5, 0xc1, 0x06, 0xbe, 0xc6, 0xc1,
 0x07, 0xbe, 0xc7, 0xc1, 0x08, 0xbe, 0xc8, 0xc1,
 0x0c, 0xbe, 0xc9, 0xc1, 0x0d, 0xbe, 0xca, 0xc1,
 0x0f, 0xbe, 0xcb, 0xc1, 0x10, 0xbe, 0xcc, 0xc1,
 0x11, 0xbe, 0xcd, 0xc1, 0x14, 0xbe, 0xce, 0xc1,
 0x15, 0xbe, 0xcf, 0xc1, 0x16, 0xbe, 0xd0, 0xc1,
 0x17, 0xbe, 0xd1, 0xc1, 0x18, 0xbe, 0xd2, 0xc1,
 0x19, 0xbe, 0xd3, 0xc1, 0x1a, 0xbe, 0xd8, 0xc1,
 0x1f, 0xbe, 0xd9, 0xc1, 0x20, 0xbe, 0xda, 0xc1,
 0x23, 0xbe, 0xdb, 0xc1, 0x24, 0xbe, 0xdc, 0xc1,
 0x25, 0xbe, 0xdd, 0xc1, 0x26, 0xbe, 0xde, 0xc1,
 0x27, 0xbe, 0xdf, 0xc1, 0x28, 0xbe, 0xe0, 0xc1,
 0x29, 0xbe, 0xe1, 0xc1, 0x2a, 0xbe, 0xe2, 0xc1,
 0x2b, 0xbe, 0xe3, 0xc1, 0x2c, 0xbe, 0xe4, 0xc1,
 0x2d, 0xbe, 0xe5, 0xc1, 0x2e, 0xbe, 0xe6, 0xc1,
 0x2f, 0xbe, 0xe7, 0xc1, 0x30, 0xbe, 0xe8, 0xc1,
 0x31, 0xbe, 0xe9, 0xc1, 0x32, 0xbe, 0xea, 0xc1,
 0x33, 0xbe, 0xeb, 0xc1, 0x34, 0xbe, 0xec, 0xc1,
 0x35, 0xbe, 0xed, 0xc1, 0x37, 0xbe, 0xee, 0xc1,
 0x38, 0xbe, 0xef, 0xc1, 0x3b, 0xbe, 0xf0, 0xc1,
 0x3c, 0xbe, 0xf1, 0xc1, 0x3d, 0xbe, 0xf2, 0xc1,
 0x3e, 0xbe, 0xfc, 0xc1, 0x42, 0x03, 0x11, 0x01,
 0x00, 0x00, 0xc1, 0x49, 0x03, 0x12, 0x01, 0x00,
 0x00, 0xc1, 0x4a, 0x03, 0x13, 0x01, 0x00, 0x00,
 0xc1, 0x4b, 0x03, 0x14, 0x01, 0x00, 0x00, 0xc1,
 0x4c, 0x03, 0x15, 0x01, 0x00, 0x00, 0xc1, 0x4d,
 0x03, 0x16, 0x01, 0x00, 0x00, 0xc1, 0x4e, 0x03,
 0x17, 0x01, 0x00, 0x00, 0xc1, 0x4f, 0x03, 0x18,
 0x01, 0x00, 0x00, 0xc1, 0x50, 0x03, 0x19, 0x01,
 0x00, 0x00, 0xc1, 0x51, 0x03, 0x1a, 0x01, 0x00,
 0x00, 0xc1, 0x52, 0x03, 0x1b, 0x01, 0x00, 0x00,
 0xc1, 0x53, 0x03, 0x1c, 0x01, 0x00, 0x00, 0xc1,
 0x54, 0x03, 0x1d, 0x01, 0x00, 0x00, 0xc1, 0x55,
 0x03, 0x1e, 0x01, 0x00, 0x00, 0xc1, 0x56, 0x03,
 0x1f, 0x01, 0x00, 0x00, 0xc1, 0x57, 0x03, 0x20,
 0x01, 0x00, 0x00, 0xc1, 0x58, 0x03, 0x21, 0x01,
 0x00, 0x00, 0xc1, 0x59, 0x03, 0x22, 0x01, 0x00,
 0x00, 0xc1, 0x5a, 0x03, 0x23, 0x01, 0x00, 0x00,
 0xc1, 0x5b, 0x03, 0x24, 0x01, 0x00, 0x00, 0xc1,
 0x5c, 0x03, 0x25, 0x01, 0x00, 0x00, 0xc1, 0x5d,
 0x03, 0x26, 0x01, 0x00, 0x00, 0xc1, 0x5e, 0x03,
 0x27, 0x01, 0x00, 0x00, 0xc1, 0x5f, 0x03, 0x28,
 0x01, 0x00, 0x00, 0xc1, 0x60, 0x03, 0x29, 0x01,
 0x00, 0x00, 0xc1, 0x61, 0x03, 0x2a, 0x01, 0x00,
 0x00, 0xc1, 0x62, 0x03, 0x2b, 0x01, 0x00, 0x00,
 0xc1, 0x63, 0x03, 0x2c, 0x01, 0x00, 0x00, 0xc1,
 0x64, 0x03, 0x2d, 0x01, 0x00, 0x00, 0xc1, 0x65,
 0x03, 0x2e, 0x01, 0x00, 0x00, 0xc1, 0x66, 0x03,
 0x2f, 0x01, 0x00, 0x00, 0xc1, 0x67, 0x03, 0x30,
 0x01, 0x00, 0x00, 0xc1, 0x68, 0x03, 0x31, 0x01,
 0x00, 0x00, 0xc1, 0x69, 0x03, 0x32, 0x01, 0x00,
 0x00, 0xc1, 0x6a, 0x03, 0x33, 0x01, 0x00, 0x00,
 0xc1, 0x6b, 0x03, 0x34, 0x01, 0x00, 0x00, 0xc1,
 0x6c, 0x03, 0x35, 0x01, 0x00, 0x00, 0xc1, 0x6d,
 0x03, 0x36, 0x01, 0x00, 0x00, 0xc1, 0x6e, 0x03,
 0x37, 0x01, 0x00, 0x00, 0xc1, 0x6f, 0x03, 0x38,
 0x01, 0x00, 0x00, 0xc1, 0x70, 0x03, 0x39, 0x01,
 0x00, 0x00, 0xc1, 0x71, 0x03, 0x3a, 0x01, 0x00,
 0x00, 0xc1, 0x72, 0x03, 0x3b, 0x01, 0x00, 0x00,
 0xc1, 0x73, 0x03, 0x3c, 0x01, 0x00, 0x00, 0xc1,
 0x74, 0x03, 0x3d, 0x01, 0x00, 0x00, 0xc1, 0x75,
 0x03, 0x3e, 0x01, 0x00, 0x00, 0xc1, 0x76, 0x03,
 0x3f, 0x01, 0x00, 0x00, 0xc1, 0x77, 0x03, 0x40,
 0x01, 0x00, 0x00, 0xc1, 0x78, 0x03, 0x41, 0x01,
 0x00, 0x00, 0xc1, 0x79, 0x03, 0x42, 0x01, 0x00,
 0x00, 0xc1, 0x7a, 0x03, 0x43, 0x01, 0x00, 0x00,
 0xc1, 0x7b, 0x03, 0x44, 0x01, 0x00, 0x00, 0xc1,
 0x7c, 0x03, 0x45, 0x01, 0x00, 0x00, 0xc1, 0x7d,
 0x03, 0x46, 0x01, 0x00, 0x00, 0xc1, 0x7e, 0x03,
 0x47, 0x01, 0x00, 0x00, 0xc1, 0x7f, 0x03, 0x48,
 0x01, 0x00, 0x00, 0xc1, 0x80, 0x03, 0x49, 0x01,
 0x00, 0x00, 0xc1, 0x81, 0x03, 0x4a, 0x01, 0x00,
 0x00, 0xc1, 0x82, 0x03, 0x4b, 0x01, 0x00, 0x00,
 0xc1, 0x83, 0x03, 0x4c, 0x01, 0x00, 0x00, 0xc1,
 0x84, 0x03, 0x4d, 0x01, 0x00, 0x00, 0xc1, 0x85,
 0x03, 0x4e, 0x01, 0x00, 0x00, 0xc1, 0x86, 0x03,
 0x4f, 0x01, 0x00, 0x00, 0xc1, 0x87, 0x03, 0x50,
 0x01, 0x00, 0x00, 0xc1, 0x88, 0x03, 0x51, 0x01,
 0x00, 0x00, 0xc1, 0x89, 0x03, 0x52, 0x01, 0x00,
 0x00, 0xc1, 0x8a, 0x03, 0x53, 0x01, 0x00, 0x00,
 0xc1, 0x8b, 0x03, 0x54, 0x01, 0x00, 0x00, 0xc1,
 0x8c, 0x03, 0x55, 0x01, 0x00, 0x00, 0xc1, 0x8d,
 0x03, 0x56, 0x01, 0x00, 0x00, 0xc1, 0x8e, 0x03,
 0x57, 0x01, 0x00, 0x00, 0xc1, 0x8f, 0x03, 0x58,
 0x01, 0x00, 0x00, 0xc1, 0x90, 0x03, 0x59, 0x01,
 0x00, 0x00, 0xc1, 0x91, 0x03, 0x5a, 0x01, 0x00,
 0x00, 0xc1, 0x92, 0x03, 0x5b, 0x01, 0x00, 0x00,
 0xc1, 0x93, 0x03, 0x5c, 0x01, 0x00, 0x00, 0xc1,
 0x94, 0x03, 0x5d, 0x01, 0x00, 0x00, 0xc1, 0x95,
 0x03, 0x5e, 0x01, 0x00, 0x00, 0xc1, 0x96, 0x03,
 0x5f, 0x01, 0x00, 0x00, 0xc1, 0x97, 0x03, 0x60,
 0x01, 0x00, 0x00, 0xc1, 0x98, 0x03, 0x61, 0x01,
 0x00, 0x00, 0xc1, 0x99, 0x03, 0x62, 0x01, 0x00,
 0x00, 0xc1, 0x9e, 0x03, 0x63, 0x01, 0x00, 0x00,
 0xc1, 0x9f, 0x03, 0x64, 0x01, 0x00, 0x00, 0xc1,
 0xa0, 0x03, 0x65, 0x01, 0x00, 0x00, 0xc1, 0xa1,
 0x03, 0x66, 0x01, 0x00, 0x00, 0xc1, 0xa2, 0x03,
 0x67, 0x01, 0x00, 0x00, 0xc1, 0xa3, 0x5e, 0xb0,
 0x00, 0x5e, 0xaf, 0x00, 0x5e, 0xae, 0x00, 0x5e,
 0xab, 0x00, 0x5e, 0xaa, 0x00, 0x5e, 0xa9, 0x00,
 0x5e, 0xa8, 0x00, 0x5e, 0xa7, 0x00, 0x5e, 0xa6,
 0x00, 0x5e, 0xa5, 0x00, 0x5e, 0xa4, 0x00, 0x5e,
 0x9d, 0x00, 0x5e, 0x9c, 0x00, 0x5e, 0x9b, 0x00,
 0x5e, 0x9a, 0x00, 0x5e, 0x48, 0x00, 0x5e, 0x45,
 0x00, 0x5e, 0x41, 0x00, 0x5e, 0x3a, 0x00, 0x5e,
 0x39, 0x00, 0x5e, 0x36, 0x00, 0x5e, 0x22, 0x00,
 0x5e, 0x21, 0x00, 0x5e, 0x1e, 0x00, 0x5e, 0x1b,
 0x00, 0x5e, 0x0e, 0x00, 0x5e, 0x0b, 0x00, 0x5e,
 0x0a, 0x00, 0x5e, 0x09, 0x00, 0x5e, 0x01, 0x00,
 0x5e, 0x00, 0x00, 0xbe, 0x00, 0xb2, 0xb5, 0xbb,
 0x1a, 0xb5, 0xbb, 0x1b, 0xb5, 0xb8, 0xb2, 0xb3,
 0x01, 0x00, 0x04, 0xa0, 0x04, 0xb6, 0xbb, 0x2c,
 0xb5, 0xb6, 0xb3, 0xbb, 0x0e, 0xb5, 0xbb, 0x3f,
 0xb5, 0xbb, 0x40, 0xb6, 0xb3, 0xb6, 0xb3, 0xbd,
 0x01, 0xb3, 0xbd, 0x02, 0xb5, 0xb4, 0xb5, 0xb3,
 0xb5, 0x26, 0x20, 0x00, 0xbb, 0x29, 0x49, 0x20,
 0x00, 0x00, 0x80, 0xb6, 0x49, 0x21, 0x00, 0x00,
 0x80, 0xb3, 0x49, 0x22, 0x00, 0x00, 0x80, 0xb7,
 0x49, 0x23, 0x00, 0x00, 0x80, 0xb3, 0x49, 0x24,
 0x00, 0x00, 0x80, 0xbd, 0x03, 0x49, 0x25, 0x00,
 0x00, 0x80, 0xb6, 0x49, 0x26, 0x00, 0x00, 0x80,
 0xb3, 0x49, 0x27, 0x00, 0x00, 0x80, 0xb7, 0x49,
 0x28, 0x00, 0x00, 0x80, 0xb5, 0x49, 0x29, 0x00,
 0x00, 0x80, 0xbb, 0x10, 0x49, 0x2a, 0x00, 0x00,
 0x80, 0xb5, 0x49, 0x2b, 0x00, 0x00, 0x80, 0xbb,
 0x41, 0x49, 0x2c, 0x00, 0x00, 0x80, 0xb5, 0x49,
 0x2d, 0x00, 0x00, 0x80, 0xb3, 0x49, 0x2e, 0x00,
 0x00, 0x80, 0xb3, 0x49, 0x2f, 0x00, 0x00, 0x80,
 0xbd, 0x04, 0x49, 0x30, 0x00, 0x00, 0x80, 0xb3,
 0x49, 0x31, 0x00, 0x00, 0x80, 0xbd, 0x05, 0x49,
 0x32, 0x00, 0x00, 0x80, 0xb3, 0x49, 0x33, 0x00,
 0x00, 0x80, 0xbd, 0x06, 0x49, 0x34, 0x00, 0x00,
 0x80, 0xb5, 0x49, 0x35, 0x00, 0x00, 0x80, 0xbb,
 0x42, 0x49, 0x36, 0x00, 0x00, 0x80, 0xb3, 0x49,
 0x37, 0x00, 0x00, 0x80, 0x01, 0x00, 0x00, 0xff,
 0x07, 0x49, 0x38, 0x00, 0x00, 0x80, 0xb6, 0x49,
 0x39, 0x00, 0x00, 0x80, 0xb3, 0x49, 0x3a, 0x00,
 0x00, 0x80, 0xb5, 0x49, 0x3b, 0x00, 0x00, 0x80,
 0xb3, 0x49, 0x3c, 0x00, 0x00, 0x80, 0xbd, 0x07,
 0x49, 0x3d, 0x00, 0x00, 0x80, 0xb6, 0x49, 0x3e,
 0x00, 0x00, 0x80, 0xb3, 0x49, 0x3f, 0x00, 0x00,
 0x80, 0xb5, 0x49, 0x40, 0x00, 0x00, 0x80, 0xb3,
 0x49, 0x41, 0x00, 0x00, 0x80, 0xbd, 0x08, 0x49,
 0x42, 0x00, 0x00, 0x80, 0xb3, 0x49, 0x43, 0x00,
 0x00, 0x80, 0xbd, 0x09, 0x49, 0x44, 0x00, 0x00,
 0x80, 0xb5, 0x49, 0x45, 0x00, 0x00, 0x80, 0xbb,
 0x12, 0x49, 0x46, 0x00, 0x00, 0x80, 0xb5, 0x49,
 0x47, 0x00, 0x00, 0x80, 0xb3, 0x49, 0x48, 0x00,
 0x00, 0x80, 0xb3, 0x49, 0x49, 0x00, 0x00, 0x80,
 0xbd, 0x0a, 0x49, 0x4a, 0x00, 0x00, 0x80, 0xb6,
 0x49, 0x4b, 0x00, 0x00, 0x80, 0xb3, 0x49, 0x4c,
 0x00, 0x00, 0x80, 0xb5, 0x49, 0x4d, 0x00, 0x00,
 0x80, 0xb5, 0x49, 0x4e, 0x00, 0x00, 0x80, 0xbb,
 0x13, 0x49, 0x4f, 0x00, 0x00, 0x80, 0xb5, 0x49,
 0x50, 0x00, 0x00, 0x80, 0xb3, 0x49, 0x51, 0x00,
 0x00, 0x80, 0xb3, 0x49, 0x52, 0x00, 0x00, 0x80,
 0x01, 0xff, 0xff, 0x3f, 0x24, 0x49, 0x53, 0x00,
 0x00, 0x80, 0xb5, 0x49, 0x54, 0x00, 0x00, 0x80,
 0xb3, 0x49, 0x55, 0x00, 0x00, 0x80, 0xb5, 0x49,
 0x56, 0x00, 0x00, 0x80, 0xbb, 0x3c, 0x49, 0x57,
 0x00, 0x00, 0x80, 0xb5, 0x49, 0x58, 0x00, 0x00,
 0x80, 0xba, 0x49, 0x59, 0x00, 0x00, 0x80, 0xb5,
 0x49, 0x5a, 0x00, 0x00, 0x80, 0xb9, 0x49, 0x5b,
 0x00, 0x00, 0x80, 0xb3, 0x49, 0x5c, 0x00, 0x00,
 0x80, 0xbd, 0x0b, 0x49, 0x5d, 0x00, 0x00, 0x80,
 0xb6, 0x49, 0x5e, 0x00, 0x00, 0x80, 0xb3, 0x49,
 0x5f, 0x00, 0x00, 0x80, 0xb5, 0x49, 0x60, 0x00,
 0x00, 0x80, 0xb5, 0x49, 0x61, 0x00, 0x00, 0x80,
 0xb4, 0x49, 0x62, 0x00, 0x00, 0x80, 0xb6, 0x49,
 0x63, 0x00, 0x00, 0x80, 0xb3, 0x49, 0x64, 0x00,
 0x00, 0x80, 0xb6, 0x49, 0x65, 0x00, 0x00, 0x80,
 0xb3, 0x49, 0x66, 0x00, 0x00, 0x80, 0xbd, 0x0c,
 0x49, 0x67, 0x00, 0x00, 0x80, 0xb5, 0x49, 0x68,
 0x00, 0x00, 0x80, 0xbb, 0x28, 0x49, 0x69, 0x00,
 0x00, 0x80, 0xb3, 0x49, 0x6a, 0x00, 0x00, 0x80,
 0xbd, 0x0d, 0x49, 0x6b, 0x00, 0x00, 0x80, 0xb3,
 0x49, 0x6c, 0x00, 0x00, 0x80, 0xbd, 0x0e, 0x49,
 0x6d, 0x00, 0x00, 0x80, 0xb3, 0x49, 0x6e, 0x00,
 0x00, 0x80, 0x01, 0xcf, 0xff, 0x03, 0x50, 0x49,
 0x6f, 0x00, 0x00, 0x80, 0xb3, 0x49, 0x70, 0x00,
 0x00, 0x80, 0xbd, 0x0f, 0x49, 0x71, 0x00, 0x00,
 0x80, 0xb3, 0x49, 0x72, 0x00, 0x00, 0x80, 0xbd,
 0x10, 0x49, 0x73, 0x00, 0x00, 0x80, 0xb3, 0x49,
 0x74, 0x00, 0x00, 0x80, 0x01, 0x87, 0x39, 0x02,
 0x5e, 0x49, 0x75, 0x00, 0x00, 0x80, 0xb3, 0x49,
 0x76, 0x00, 0x00, 0x80, 0x01, 0xc0, 0xff, 0x3f,
 0x00, 0x49, 0x77, 0x00, 0x00, 0x80, 0xb3, 0x49,
 0x78, 0x00, 0x00, 0x80, 0xbd, 0x11, 0x49, 0x79,
 0x00, 0x00, 0x80, 0xb5, 0x49, 0x7a, 0x00, 0x00,
 0x80, 0xb5, 0x49, 0x7b, 0x00, 0x00, 0x80, 0xb3,
 0x49, 0x7c, 0x00, 0x00, 0x80, 0x01, 0xbf, 0x3b,
 0x01, 0x00, 0x49, 0x7d, 0x00, 0x00, 0x80, 0xb3,
 0x49, 0x7e, 0x00, 0x00, 0x80, 0xbd, 0x12, 0x49,
 0x7f, 0x00, 0x00, 0x80, 0xb3, 0x49, 0x80, 0x00,
 0x00, 0x80, 0xbd, 0x13, 0x49, 0x81, 0x00, 0x00,
 0x80, 0xb5, 0x49, 0x82, 0x00, 0x00, 0x80, 0xb5,
 0x49, 0x83, 0x00, 0x00, 0x80, 0xb3, 0x49, 0x84,
 0x00, 0x00, 0x80, 0xbd, 0x14, 0x49, 0x85, 0x00,
 0x00, 0x80, 0xb3, 0x49, 0x86, 0x00, 0x00, 0x80,
 0x01, 0xcf, 0xff, 0x02, 0x00, 0x49, 0x87, 0x00,
 0x00, 0x80, 0xb3, 0x49, 0x88, 0x00, 0x00, 0x80,
 0xbd, 0x15, 0x49, 0x89, 0x00, 0x00, 0x80, 0xb3,
 0x49, 0x8a, 0x00, 0x00, 0x80, 0xbd, 0x16, 0x49,
 0x8b, 0x00, 0x00, 0x80, 0xb3, 0x49, 0x8c, 0x00,
 0x00, 0x80, 0x01, 0xc7, 0x3d, 0x81, 0x00, 0x49,
 0x8d, 0x00, 0x00, 0x80, 0xb3, 0x49, 0x8e, 0x00,
 0x00, 0x80, 0x01, 0xc0, 0xff, 0x00, 0x00, 0x49,
 0x8f, 0x00, 0x00, 0x80, 0xb5, 0x49, 0x90, 0x00,
 0x00, 0x80, 0xb6, 0x49, 0x91, 0x00, 0x00, 0x80,
 0xb3, 0x49, 0x92, 0x00, 0x00, 0x80, 0xbd, 0x17,
 0x49, 0x93, 0x00, 0x00, 0x80, 0xb3, 0x49, 0x94,
 0x00, 0x00, 0x80, 0x01, 0xdf, 0x3d, 0x60, 0x27,
 0x49, 0x95, 0x00, 0x00, 0x80, 0xb3, 0x49, 0x96,
 0x00, 0x00, 0x80, 0x01, 0xcf, 0xff, 0x00, 0x00,
 0x49, 0x97, 0x00, 0x00, 0x80, 0xb3, 0x49, 0x98,
 0x00, 0x00, 0x80, 0xbd, 0x18, 0x49, 0x99, 0x00,
 0x00, 0x80, 0xb3, 0x49, 0x9a, 0x00, 0x00, 0x80,
 0xbd, 0x19, 0x49, 0x9b, 0x00, 0x00, 0x80, 0xb3,
 0x49, 0x9c, 0x00, 0x00, 0x80, 0x01, 0xdf, 0x3d,
 0x60, 0x60, 0x49, 0x9d, 0x00, 0x00, 0x80, 0xb3,
 0x49, 0x9e, 0x00, 0x00, 0x80, 0x01, 0xcf, 0xff,
 0x0e, 0x00, 0x49, 0x9f, 0x00, 0x00, 0x80, 0xb5,
 0x49, 0xa0, 0x00, 0x00, 0x80, 0xb6, 0x49, 0xa1,
 0x00, 0x00, 0x80, 0xb5, 0x49, 0xa2, 0x00, 0x00,
 0x80, 0xb3, 0x49, 0xa3, 0x00, 0x00, 0x80, 0xb3,
 0x49, 0xa4, 0x00, 0x00, 0x80, 0xbd, 0x1a, 0x49,
 0xa5, 0x00, 0x00, 0x80, 0xb3, 0x49, 0xa6, 0x00,
 0x00, 0x80, 0xbd, 0x1b, 0x49, 0xa7, 0x00, 0x00,
 0x80, 0xb3, 0x49, 0xa8, 0x00, 0x00, 0x80, 0xbd,
 0x1c, 0x49, 0xa9, 0x00, 0x00, 0x80, 0xb5, 0x49,
 0xaa, 0x00, 0x00, 0x80, 0xbb, 0x47, 0x49, 0xab,
 0x00, 0x00, 0x80, 0xb3, 0x49, 0xac, 0x00, 0x00,
 0x80, 0xbd, 0x1d, 0x49, 0xad, 0x00, 0x00, 0x80,
 0xb3, 0x49, 0xae, 0x00, 0x00, 0x80, 0x01, 0xc0,
 0xff, 0x0c, 0x00, 0x49, 0xaf, 0x00, 0x00, 0x80,
 0xb5, 0x49, 0xb0, 0x00, 0x00, 0x80, 0xb7, 0x49,
 0xb1, 0x00, 0x00, 0x80, 0xb5, 0x49, 0xb2, 0x00,
 0x00, 0x80, 0xbb, 0x0c, 0x49, 0xb3, 0x00, 0x00,
 0x80, 0xb3, 0x49, 0xb4, 0x00, 0x00, 0x80, 0x01,
 0xff, 0x7f, 0xff, 0x03, 0x49, 0xb5, 0x00, 0x00,
 0x80, 0xb2, 0x49, 0xb6, 0x00, 0x00, 0x80, 0xb5,
 0x49, 0xb7, 0x00, 0x00, 0x80, 0xbb, 0x48, 0x49,
 0xb8, 0x00, 0x00, 0x80, 0xb3, 0x49, 0xb9, 0x00,
 0x00, 0x80, 0x01, 0xaf, 0xff, 0xff, 0x3f, 0x49,
 0xba, 0x00, 0x00, 0x80, 0xb3, 0x49, 0xbb, 0x00,
 0x00, 0x80, 0xbd, 0x1e, 0x49, 0xbc, 0x00, 0x00,
 0x80, 0xb2, 0x49, 0xbd, 0x00, 0x00, 0x80, 0xb3,
 0x49, 0xbe, 0x00, 0x00, 0x80, 0x01, 0x01, 0x00,
 0x00, 0x03, 0x49, 0xbf, 0x00, 0x00, 0x80, 0xb3,
 0x49, 0xc0, 0x00, 0x00, 0x80, 0xbd, 0x1f, 0x49,
 0xc1, 0x00, 0x00, 0x80, 0xb5, 0x49, 0xc2, 0x00,
 0x00, 0x80, 0xbb, 0x21, 0x49, 0xc3, 0x00, 0x00,
 0x80, 0xb3, 0x49, 0xc4, 0x00, 0x00, 0x80, 0xbd,
 0x20, 0x49, 0xc5, 0x00, 0x00, 0x80, 0xb3, 0x49,
 0xc6, 0x00, 0x00, 0x80, 0xbd, 0x21, 0x49, 0xc7,
 0x00, 0x00, 0x80, 0xb5, 0x49, 0xc8, 0x00, 0x00,
 0x80, 0xbb, 0x14, 0x49, 0xc9, 0x00, 0x00, 0x80,
 0xb5, 0x49, 0xca, 0x00, 0x00, 0x80, 0xbc, 0x89,
 0x00, 0x49, 0xcb, 0x00, 0x00, 0x80, 0xb2, 0x49,
 0xcc, 0x00, 0x00, 0x80, 0xb6, 0x49, 0xcd, 0x00,
 0x00, 0x80, 0xb3, 0x49, 0xce, 0x00, 0x00, 0x80,
 0xb5, 0x49, 0xcf, 0x00, 0x00, 0x80, 0xb5, 0x49,
 0xd0, 0x00, 0x00, 0x80, 0xbb, 0x17, 0x49, 0xd1,
 0x00, 0x00, 0x80, 0xb5, 0x49, 0xd2, 0x00, 0x00,
 0x80, 0xb3, 0x49, 0xd3, 0x00, 0x00, 0x80, 0xb5,
 0x49, 0xd4, 0x00, 0x00, 0x80, 0xbb, 0x0a, 0x49,
 0xd5, 0x00, 0x00, 0x80, 0xb5, 0x49, 0xd6, 0x00,
 0x00, 0x80, 0xb3, 0x49, 0xd7, 0x00, 0x00, 0x80,
 0xb5, 0x49, 0xd8, 0x00, 0x00, 0x80, 0xbb, 0x0f,
 0x49, 0xd9, 0x00, 0x00, 0x80, 0xb5, 0x49, 0xda,
 0x00, 0x00, 0x80, 0xbb, 0x16, 0x49, 0xdb, 0x00,
 0x00, 0x80, 0xb6, 0x49, 0xdc, 0x00, 0x00, 0x80,
 0xb3, 0x49, 0xdd, 0x00, 0x00, 0x80, 0xbb, 0x0a,
 0x49, 0xde, 0x00, 0x00, 0x80, 0xb5, 0x49, 0xdf,
 0x00, 0x00, 0x80, 0xbb, 0x4a, 0x49, 0xe0, 0x00,
 0x00, 0x80, 0xb5, 0x49, 0xe1, 0x00, 0x00, 0x80,
 0xb3, 0x49, 0xe2, 0x00, 0x00, 0x80, 0xb5, 0x49,
 0xe3, 0x00, 0x00, 0x80, 0xbb, 0x4b, 0x49, 0xe4,
 0x00, 0x00, 0x80, 0xb5, 0x49, 0xe5, 0x00, 0x00,
 0x80, 0xbb, 0x4c, 0x49, 0xe6, 0x00, 0x00, 0x80,
 0xb5, 0x49, 0xe7, 0x00, 0x00, 0x80, 0xbb, 0x4d,
 0x49, 0xe8, 0x00, 0x00, 0x80, 0xb5, 0x49, 0xe9,
 0x00, 0x00, 0x80, 0xb3, 0x49, 0xea, 0x00, 0x00,
 0x80, 0xb5, 0x49, 0xeb, 0x00, 0x00, 0x80, 0xbb,
 0x4e, 0x49, 0xec, 0x00, 0x00, 0x80, 0xb5, 0x49,
 0xed, 0x00, 0x00, 0x80, 0xb3, 0x49, 0xee, 0x00,
 0x00, 0x80, 0xb5, 0x49, 0xef, 0x00, 0x00, 0x80,
 0xbb, 0x0b, 0x49, 0xf0, 0x00, 0x00, 0x80, 0xb3,
 0x49, 0xf1, 0x00, 0x00, 0x80, 0x01, 0x00, 0xfe,
 0x03, 0x00, 0x49, 0xf2, 0x00, 0x00, 0x80, 0xb5,
 0x49, 0xf3, 0x00, 0x00, 0x80, 0xbb, 0x19, 0x49,
 0xf4, 0x00, 0x00, 0x80, 0xb6, 0x49, 0xf5, 0x00,
 0x00, 0x80, 0xb3, 0x49, 0xf6, 0x00, 0x00, 0x80,
 0xb5, 0x49, 0xf7, 0x00, 0x00, 0x80, 0xb5, 0x49,
 0xf8, 0x00, 0x00, 0x80, 0xbb, 0x0d, 0x49, 0xf9,
 0x00, 0x00, 0x80, 0xb5, 0x49, 0xfa, 0x00, 0x00,
 0x80, 0xb7, 0x49, 0xfb, 0x00, 0x00, 0x80, 0xb6,
 0x49, 0xfc, 0x00, 0x00, 0x80, 0xb3, 0x49, 0xfd,
 0x00, 0x00, 0x80, 0xbb, 0x12, 0x49, 0xfe, 0x00,
 0x00, 0x80, 0xb5, 0x49, 0xff, 0x00, 0x00, 0x80,
 0xbb, 0x4f, 0x49, 0x00, 0x01, 0x00, 0x80, 0xb5,
 0x49, 0x01, 0x01, 0x00, 0x80, 0xb8, 0x49, 0x02,
 0x01, 0x00, 0x80, 0xb6, 0x49, 0x03, 0x01, 0x00,
 0x80, 0xb3, 0x49, 0x04, 0x01, 0x00, 0x80, 0xb5,
 0x49, 0x05, 0x01, 0x00, 0x80, 0xb5, 0x49, 0x06,
 0x01, 0x00, 0x80, 0xbb, 0x50, 0x49, 0x07, 0x01,
 0x00, 0x80, 0xb3, 0x49, 0x08, 0x01, 0x00, 0x80,
 0xbd, 0x22, 0x49, 0x09, 0x01, 0x00, 0x80, 0xb5,
 0x49, 0x0a, 0x01, 0x00, 0x80, 0xbb, 0x1d, 0x49,
 0x0b, 0x01, 0x00, 0x80, 0xb5, 0x49, 0x0c, 0x01,
 0x00, 0x80, 0xbb, 0x09, 0x49, 0x0d, 0x01, 0x00,
 0x80, 0xb3, 0x49, 0x0e, 0x01, 0x00, 0x80, 0x01,
 0xff, 0xdf, 0x0d, 0x00, 0x49, 0x0f, 0x01, 0x00,
 0x80, 0xb6, 0x49, 0x10, 0x01, 0x00, 0x80, 0xb3,
 0x49, 0x11, 0x01, 0x00, 0x80, 0xb5, 0x49, 0x12,
 0x01, 0x00, 0x80, 0xb3, 0x49, 0x13, 0x01, 0x00,
 0x80, 0x01, 0xff, 0xff, 0x8f, 0x30, 0x49, 0x14,
 0x01, 0x00, 0x80, 0xb5, 0x49, 0x15, 0x01, 0x00,
 0x80, 0xbb, 0x31, 0x49, 0x16, 0x01, 0x00, 0x80,
 0xb3, 0x49, 0x17, 0x01, 0x00, 0x80, 0x01, 0x00,
 0xb8, 0xff, 0x03, 0x49, 0x18, 0x01, 0x00, 0x80,
 0xb6, 0x49, 0x19, 0x01, 0x00, 0x80, 0xb3, 0x49,
 0x1a, 0x01, 0x00, 0x80, 0xb5, 0x49, 0x1b, 0x01,
 0x00, 0x80, 0xb5, 0x49, 0x1c, 0x01, 0x00, 0x80,
 0xbb, 0x2a, 0x49, 0x1d, 0x01, 0x00, 0x80, 0xb5,
 0x49, 0x1e, 0x01, 0x00, 0x80, 0xb3, 0x49, 0x1f,
 0x01, 0x00, 0x80, 0xb5, 0x49, 0x20, 0x01, 0x00,
 0x80, 0xb9, 0x49, 0x21, 0x01, 0x00, 0x80, 0xb5,
 0x49, 0x22, 0x01, 0x00, 0x80, 0xb3, 0x49, 0x23,
 0x01, 0x00, 0x80, 0xb5, 0x49, 0x24, 0x01, 0x00,
 0x80, 0xbb, 0x1e, 0x49, 0x25, 0x01, 0x00, 0x80,
 0xb5, 0x49, 0x26, 0x01, 0x00, 0x80, 0xbb, 0x08,
 0x49, 0x27, 0x01, 0x00, 0x80, 0xb3, 0x49, 0x28,
 0x01, 0x00, 0x80, 0x01, 0xff, 0x0f, 0xff, 0x0f,
 0x49, 0x29, 0x01, 0x00, 0x80, 0xb5, 0x49, 0x2a,
 0x01, 0x00, 0x80, 0xbb, 0x6e, 0x49, 0x2b, 0x01,
 0x00, 0x80, 0xb5, 0x49, 0x2c, 0x01, 0x00, 0x80,
 0xbb, 0x33, 0x49, 0x2d, 0x01, 0x00, 0x80, 0xb5,
 0x49, 0x2e, 0x01, 0x00, 0x80, 0xb3, 0x49, 0x2f,
 0x01, 0x00, 0x80, 0xb5, 0x49, 0x30, 0x01, 0x00,
 0x80, 0xbb, 0x51, 0x49, 0x31, 0x01, 0x00, 0x80,
 0xb3, 0x49, 0x32, 0x01, 0x00, 0x80, 0x01, 0xff,
 0x03, 0xff, 0x07, 0x49, 0x33, 0x01, 0x00, 0x80,
 0xb2, 0x49, 0x34, 0x01, 0x00, 0x80, 0xb5, 0x49,
 0x35, 0x01, 0x00, 0x80, 0xba, 0x49, 0x36, 0x01,
 0x00, 0x80, 0xb5, 0x49, 0x37, 0x01, 0x00, 0x80,
 0xb3, 0x49, 0x38, 0x01, 0x00, 0x80, 0xb5, 0x49,
 0x39, 0x01, 0x00, 0x80, 0xbb, 0x08, 0x49, 0x3a,
 0x01, 0x00, 0x80, 0xb3, 0x49, 0x3b, 0x01, 0x00,
 0x80, 0xbd, 0x23, 0x49, 0x3c, 0x01, 0x00, 0x80,
 0xb3, 0x49, 0x3d, 0x01, 0x00, 0x80, 0x01, 0xff,
 0x03, 0xff, 0x03, 0x49, 0x3e, 0x01, 0x00, 0x80,
 0xb3, 0x49, 0x3f, 0x01, 0x00, 0x80, 0xbd, 0x24,
 0x49, 0x40, 0x01, 0x00, 0x80, 0xb5, 0x49, 0x41,
 0x01, 0x00, 0x80, 0xbb, 0x11, 0x49, 0x42, 0x01,
 0x00, 0x80, 0xb2, 0x49, 0x43, 0x01, 0x00, 0x80,
 0xb6, 0x49, 0x44, 0x01, 0x00, 0x80, 0xb3, 0x49,
 0x45, 0x01, 0x00, 0x80, 0xb5, 0x49, 0x46, 0x01,
 0x00, 0x80, 0xb5, 0x49, 0x47, 0x01, 0x00, 0x80,
 0xbb, 0x35, 0x49, 0x48, 0x01, 0x00, 0x80, 0xb3,
 0x49, 0x49, 0x01, 0x00, 0x80, 0x01, 0x00, 0xf8,
 0x0f, 0x00, 0x49, 0x4a, 0x01, 0x00, 0x80, 0xb6,
 0x49, 0x4b, 0x01, 0x00, 0x80, 0xb3, 0x49, 0x4c,
 0x01, 0x00, 0x80, 0xb6, 0x49, 0x4d, 0x01, 0x00,
 0x80, 0xb5, 0x49, 0x4e, 0x01, 0x00, 0x80, 0xbb,
 0x09, 0x49, 0x4f, 0x01, 0x00, 0x80, 0xb5, 0x49,
 0x50, 0x01, 0x00, 0x80, 0xb3, 0x49, 0x51, 0x01,
 0x00, 0x80, 0xb5, 0x49, 0x52, 0x01, 0x00, 0x80,
 0xbb, 0x36, 0x49, 0x53, 0x01, 0x00, 0x80, 0xb3,
 0x49, 0x54, 0x01, 0x00, 0x80, 0xbd, 0x25, 0x49,
 0x55, 0x01, 0x00, 0x80, 0xb5, 0x49, 0x56, 0x01,
 0x00, 0x80, 0xbb, 0x0a, 0x49, 0x57, 0x01, 0x00,
 0x80, 0xb5, 0x49, 0x58, 0x01, 0x00, 0x80, 0xb9,
 0x49, 0x59, 0x01, 0x00, 0x80, 0xb5, 0x49, 0x5a,
 0x01, 0x00, 0x80, 0xbb, 0x0b, 0x49, 0x5b, 0x01,
 0x00, 0x80, 0xb3, 0x49, 0x5c, 0x01, 0x00, 0x80,
 0xbd, 0x26, 0x49, 0x5d, 0x01, 0x00, 0x80, 0xb5,
 0x49, 0x5e, 0x01, 0x00, 0x80, 0xbb, 0x0c, 0x49,
 0x5f, 0x01, 0x00, 0x80, 0xb6, 0x49, 0x60, 0x01,
 0x00, 0x80, 0xb3, 0x49, 0x61, 0x01, 0x00, 0x80,
 0xbb, 0x10, 0x49, 0x62, 0x01, 0x00, 0x80, 0xb5,
 0x49, 0x63, 0x01, 0x00, 0x80, 0xbb, 0x0d, 0x49,
 0x64, 0x01, 0x00, 0x80, 0xb5, 0x49, 0x65, 0x01,
 0x00, 0x80, 0xb3, 0x49, 0x66, 0x01, 0x00, 0x80,
 0xb5, 0x49, 0x67, 0x01, 0x00, 0x80, 0xbb, 0x52,
 0x49, 0x68, 0x01, 0x00, 0x80, 0xb5, 0x49, 0x69,
 0x01, 0x00, 0x80, 0xbb, 0x0a, 0x49, 0x6a, 0x01,
 0x00, 0x80, 0xb5, 0x49, 0x6b, 0x01, 0x00, 0x80,
 0xb3, 0x49, 0x6c, 0x01, 0x00, 0x80, 0xb5, 0x49,
 0x6d, 0x01, 0x00, 0x80, 0xbb, 0x53, 0x49, 0x6e,
 0x01, 0x00, 0x80, 0xb5, 0x49, 0x6f, 0x01, 0x00,
 0x80, 0xbb, 0x54, 0x49, 0x70, 0x01, 0x00, 0x80,
 0xb5, 0x49, 0x71, 0x01, 0x00, 0x80, 0xbb, 0x55,
 0x49, 0x72, 0x01, 0x00, 0x80, 0xb3, 0x49, 0x73,
 0x01, 0x00, 0x80, 0xbc, 0x00, 0x30, 0x49, 0x74,
 0x01, 0x00, 0x80, 0xb5, 0x49, 0x75, 0x01, 0x00,
 0x80, 0xbb, 0x37, 0x49, 0x76, 0x01, 0x00, 0x80,
 0xb3, 0x49, 0x77, 0x01, 0x00, 0x80, 0x01, 0x01,
 0x00, 0x10, 0x00, 0x49, 0x78, 0x01, 0x00, 0x80,
 0xb5, 0x49, 0x79, 0x01, 0x00, 0x80, 0xbb, 0x56,
 0x49, 0x7a, 0x01, 0x00, 0x80, 0xb5, 0x49, 0x7b,
 0x01, 0x00, 0x80, 0xbb, 0x0e, 0x49, 0x7c, 0x01,
 0x00, 0x80, 0xb2, 0x49, 0x7d, 0x01, 0x00, 0x80,
 0xb5, 0x49, 0x7e, 0x01, 0x00, 0x80, 0xbb, 0x0e,
 0x49, 0x7f, 0x01, 0x00, 0x80, 0xb3, 0x49, 0x80,
 0x01, 0x00, 0x80, 0x01, 0xe2, 0xff, 0x01, 0x00,
 0x49, 0x81, 0x01, 0x00, 0x80, 0xb5, 0x49, 0x82,
 0x01, 0x00, 0x80, 0xbb, 0x57, 0x49, 0x83, 0x01,
 0x00, 0x80, 0xb5, 0x49, 0x84, 0x01, 0x00, 0x80,
 0xbb, 0x58, 0x49, 0x85, 0x01, 0x00, 0x80, 0xb5,
 0x49, 0x86, 0x01, 0x00, 0x80, 0xbb, 0x59, 0x49,
 0x87, 0x01, 0x00, 0x80, 0xb5, 0x49, 0x88, 0x01,
 0x00, 0x80, 0xb3, 0x49, 0x89, 0x01, 0x00, 0x80,
 0xb5, 0x49, 0x8a, 0x01, 0x00, 0x80, 0xbb, 0x22,
 0x49, 0x8b, 0x01, 0x00, 0x80, 0xbb, 0xad, 0x49,
 0x8c, 0x01, 0x00, 0x80, 0xb6, 0x49, 0x8d, 0x01,
 0x00, 0x80, 0xb3, 0x49, 0x8e, 0x01, 0x00, 0x80,
 0xba, 0x49, 0x8f, 0x01, 0x00, 0x80, 0xb3, 0x49,
 0x90, 0x01, 0x00, 0x80, 0x01, 0x1f, 0xf8, 0x0f,
 0x00, 0x49, 0x91, 0x01, 0x00, 0x80, 0xb5, 0x49,
 0x92, 0x01, 0x00, 0x80, 0xb3, 0x49, 0x93, 0x01,
 0x00, 0x80, 0xb5, 0x49, 0x94, 0x01, 0x00, 0x80,
 0xbb, 0x0f, 0x49, 0x95, 0x01, 0x00, 0x80, 0xb5,
 0x49, 0x96, 0x01, 0x00, 0x80, 0xb3, 0x49, 0x97,
 0x01, 0x00, 0x80, 0xb3, 0x49, 0x98, 0x01, 0x00,
 0x80, 0xbd, 0x27, 0x49, 0x99, 0x01, 0x00, 0x80,
 0xb5, 0x49, 0x9a, 0x01, 0x00, 0x80, 0xbb, 0x15,
 0x49, 0x9b, 0x01, 0x00, 0x80, 0xb6, 0x49, 0x9c,
 0x01, 0x00, 0x80, 0xbb, 0x5a, 0x49, 0x9d, 0x01,
 0x00, 0x80, 0xb5, 0x49, 0x9e, 0x01, 0x00, 0x80,
 0xb5, 0x49, 0x9f, 0x01, 0x00, 0x80, 0xb3, 0x49,
 0xa0, 0x01, 0x00, 0x80, 0xbb, 0xf0, 0x49, 0xa1,
 0x01, 0x00, 0x80, 0xb5, 0x49, 0xa2, 0x01, 0x00,
 0x80, 0xbb, 0x5b, 0x49, 0xa3, 0x01, 0x00, 0x80,
 0xb3, 0x49, 0xa4, 0x01, 0x00, 0x80, 0x01, 0xfe,
 0xff, 0x3e, 0x1f, 0x49, 0xa5, 0x01, 0x00, 0x80,
 0xb5, 0x49, 0xa6, 0x01, 0x00, 0x80, 0xb7, 0x49,
 0xa7, 0x01, 0x00, 0x80, 0xb5, 0x49, 0xa8, 0x01,
 0x00, 0x80, 0xb3, 0x49, 0xa9, 0x01, 0x00, 0x80,
 0xb3, 0x49, 0xaa, 0x01, 0x00, 0x80, 0xbd, 0x28,
 0x49, 0xab, 0x01, 0x00, 0x80, 0xb5, 0x49, 0xac,
 0x01, 0x00, 0x80, 0xb7, 0x49, 0xad, 0x01, 0x00,
 0x80, 0xb6, 0x49, 0xae, 0x01, 0x00, 0x80, 0xb3,
 0x49, 0xaf, 0x01, 0x00, 0x80, 0xb5, 0x49, 0xb0,
 0x01, 0x00, 0x80, 0xb5, 0x49, 0xb1, 0x01, 0x00,
 0x80, 0xbb, 0x1c, 0x49, 0xb2, 0x01, 0x00, 0x80,
 0xb5, 0x49, 0xb3, 0x01, 0x00, 0x80, 0xbb, 0x10,
 0x49, 0xb4, 0x01, 0x00, 0x80, 0xb6, 0x49, 0xb5,
 0x01, 0x00, 0x80, 0xb3, 0x49, 0xb6, 0x01, 0x00,
 0x80, 0xb5, 0x49, 0xb7, 0x01, 0x00, 0x80, 0xb5,
 0x49, 0xb8, 0x01, 0x00, 0x80, 0xbb, 0x11, 0x49,
 0xb9, 0x01, 0x00, 0x80, 0xb5, 0x49, 0xba, 0x01,
 0x00, 0x80, 0xb3, 0x49, 0xbb, 0x01, 0x00, 0x80,
 0xb2, 0x49, 0xbc, 0x01, 0x00, 0x80, 0xb5, 0x49,
 0xbd, 0x01, 0x00, 0x80, 0xbb, 0x12, 0x49, 0xbe,
 0x01, 0x00, 0x80, 0xbb, 0xf0, 0x49, 0xbf, 0x01,
 0x00, 0x80, 0xb6, 0x49, 0xc0, 0x01, 0x00, 0x80,
 0xb3, 0x49, 0xc1, 0x01, 0x00, 0x80, 0xbc, 0xce,
 0x00, 0x49, 0xc2, 0x01, 0x00, 0x80, 0xbb, 0xfe,
 0x49, 0xc3, 0x01, 0x00, 0x80, 0xb6, 0x49, 0xc4,
 0x01, 0x00, 0x80, 0xb3, 0x49, 0xc5, 0x01, 0x00,
 0x80, 0xbc, 0xb4, 0x02, 0x49, 0xc6, 0x01, 0x00,
 0x80, 0xb5, 0x49, 0xc7, 0x01, 0x00, 0x80, 0xbb,
 0x49, 0x49, 0xc8, 0x01, 0x00, 0x80, 0xb2, 0x49,
 0xc9, 0x01, 0x00, 0x80, 0xb5, 0x49, 0xca, 0x01,
 0x00, 0x80, 0xbb, 0x12, 0x49, 0xcb, 0x01, 0x00,
 0x80, 0xb5, 0x49, 0xcc, 0x01, 0x00, 0x80, 0xbb,
 0x0a, 0x49, 0xcd, 0x01, 0x00, 0x80, 0xb6, 0x49,
 0xce, 0x01, 0x00, 0x80, 0xb3, 0x49, 0xcf, 0x01,
 0x00, 0x80, 0xbb, 0x08, 0x49, 0xd0, 0x01, 0x00,
 0x80, 0xb5, 0x49, 0xd1, 0x01, 0x00, 0x80, 0xbb,
 0x5d, 0x49, 0xd2, 0x01, 0x00, 0x80, 0xb5, 0x49,
 0xd3, 0x01, 0x00, 0x80, 0xbc, 0x85, 0x00, 0x49,
 0xd4, 0x01, 0x00, 0x80, 0xb5, 0x49, 0xd5, 0x01,
 0x00, 0x80, 0xb3, 0x49, 0xd6, 0x01, 0x00, 0x80,
 0xb3, 0x49, 0xd7, 0x01, 0x00, 0x80, 0xbd, 0x29,
 0x49, 0xd8, 0x01, 0x00, 0x80, 0xb6, 0x49, 0xd9,
 0x01, 0x00, 0x80, 0xb3, 0x49, 0xda, 0x01, 0x00,
 0x80, 0xb6, 0x49, 0xdb, 0x01, 0x00, 0x80, 0xb5,
 0x49, 0xdc, 0x01, 0x00, 0x80, 0xbb, 0x13, 0x49,
 0xdd, 0x01, 0x00, 0x80, 0xb5, 0x49, 0xde, 0x01,
 0x00, 0x80, 0xbb, 0x5e, 0x49, 0xdf, 0x01, 0x00,
 0x80, 0xb5, 0x49, 0xe0, 0x01, 0x00, 0x80, 0xbb,
 0x5f, 0x49, 0xe1, 0x01, 0x00, 0x80, 0xb6, 0x49,
 0xe2, 0x01, 0x00, 0x80, 0xb3, 0x49, 0xe3, 0x01,
 0x00, 0x80, 0xb5, 0x49, 0xe4, 0x01, 0x00, 0x80,
 0xb5, 0x49, 0xe5, 0x01, 0x00, 0x80, 0xbb, 0x60,
 0x49, 0xe6, 0x01, 0x00, 0x80, 0xb5, 0x49, 0xe7,
 0x01, 0x00, 0x80, 0xb3, 0x49, 0xe8, 0x01, 0x00,
 0x80, 0xb5, 0x49, 0xe9, 0x01, 0x00, 0x80, 0xbb,
 0x61, 0x49, 0xea, 0x01, 0x00, 0x80, 0xb5, 0x49,
 0xeb, 0x01, 0x00, 0x80, 0xbb, 0x2e, 0x49, 0xec,
 0x01, 0x00, 0x80, 0xb5, 0x49, 0xed, 0x01, 0x00,
 0x80, 0xb3, 0x49, 0xee, 0x01, 0x00, 0x80, 0xb3,
 0x49, 0xef, 0x01, 0x00, 0x80, 0xbc, 0xff, 0x10,
 0x49, 0xf0, 0x01, 0x00, 0x80, 0xb5, 0x49, 0xf1,
 0x01, 0x00, 0x80, 0xb3, 0x49, 0xf2, 0x01, 0x00,
 0x80, 0xb5, 0x49, 0xf3, 0x01, 0x00, 0x80, 0xbb,
 0x09, 0x49, 0xf4, 0x01, 0x00, 0x80, 0xb6, 0x49,
 0xf5, 0x01, 0x00, 0x80, 0xb3, 0x49, 0xf6, 0x01,
 0x00, 0x80, 0xb5, 0x49, 0xf7, 0x01, 0x00, 0x80,
 0xb3, 0x49, 0xf8, 0x01, 0x00, 0x80, 0x01, 0x3f,
 0x00, 0xff, 0x03, 0x49, 0xf9, 0x01, 0x00, 0x80,
 0xb3, 0x49, 0xfa, 0x01, 0x00, 0x80, 0xbd, 0x2a,
 0x49, 0xfb, 0x01, 0x00, 0x80, 0xb5, 0x49, 0xfc,
 0x01, 0x00, 0x80, 0xb3, 0x49, 0xfd, 0x01, 0x00,
 0x80, 0xb5, 0x49, 0xfe, 0x01, 0x00, 0x80, 0xbb,
 0x18, 0x49, 0xff, 0x01, 0x00, 0x80, 0xb5, 0x49,
 0x00, 0x02, 0x00, 0x80, 0xbb, 0x09, 0x49, 0x01,
 0x02, 0x00, 0x80, 0xb5, 0x49, 0x02, 0x02, 0x00,
 0x80, 0xbb, 0x14, 0x49, 0x03, 0x02, 0x00, 0x80,
 0xb6, 0x49, 0x04, 0x02, 0x00, 0x80, 0xb3, 0x49,
 0x05, 0x02, 0x00, 0x80, 0xb5, 0x49, 0x06, 0x02,
 0x00, 0x80, 0xb3, 0x49, 0x07, 0x02, 0x00, 0x80,
 0x01, 0x01, 0x80, 0xff, 0x03, 0x49, 0x08, 0x02,
 0x00, 0x80, 0xb5, 0x49, 0x09, 0x02, 0x00, 0x80,
 0xbb, 0x08, 0x49, 0x0a, 0x02, 0x00, 0x80, 0xb5,
 0x49, 0x0b, 0x02, 0x00, 0x80, 0xb3, 0x49, 0x0c,
 0x02, 0x00, 0x80, 0xb5, 0x49, 0x0d, 0x02, 0x00,
 0x80, 0xbb, 0x15, 0x49, 0x0e, 0x02, 0x00, 0x80,
 0xb3, 0x49, 0x0f, 0x02, 0x00, 0x80, 0x01, 0xff,
 0x3f, 0xff, 0x03, 0x49, 0x10, 0x02, 0x00, 0x80,
 0xb3, 0x49, 0x11, 0x02, 0x00, 0x80, 0xbd, 0x2b,
 0x49, 0x12, 0x02, 0x00, 0x80, 0xb6, 0x49, 0x13,
 0x02, 0x00, 0x80, 0xb3, 0x49, 0x14, 0x02, 0x00,
 0x80, 0xb5, 0x49, 0x15, 0x02, 0x00, 0x80, 0xb3,
 0x49, 0x16, 0x02, 0x00, 0x80, 0x01, 0x07, 0x00,
 0x00, 0x38, 0x49, 0x17, 0x02, 0x00, 0x80, 0xb3,
 0x49, 0x18, 0x02, 0x00, 0x80, 0x01, 0xff, 0xff,
 0x7c, 0x00, 0x49, 0x19, 0x02, 0x00, 0x80, 0xb5,
 0x49, 0x1a, 0x02, 0x00, 0x80, 0xbb, 0x65, 0x49,
 0x1b, 0x02, 0x00, 0x80, 0xb5, 0x49, 0x1c, 0x02,
 0x00, 0x80, 0xbb, 0x66, 0x49, 0x1d, 0x02, 0x00,
 0x80, 0xb5, 0x49, 0x1e, 0x02, 0x00, 0x80, 0xbb,
 0x16, 0x49, 0x1f, 0x02, 0x00, 0x80, 0xb5, 0x49,
 0x20, 0x02, 0x00, 0x80, 0xbb, 0x17, 0x49, 0x21,
 0x02, 0x00, 0x80, 0xb6, 0x49, 0x22, 0x02, 0x00,
 0x80, 0xb3, 0x49, 0x23, 0x02, 0x00, 0x80, 0xb6,
 0x49, 0x24, 0x02, 0x00, 0x80, 0xb3, 0x49, 0x25,
 0x02, 0x00, 0x80, 0x01, 0xff, 0x37, 0xff, 0x03,
 0x49, 0x26, 0x02, 0x00, 0x80, 0xb6, 0x49, 0x27,
 0x02, 0x00, 0x80, 0xb3, 0x49, 0x28, 0x02, 0x00,
 0x80, 0xbc, 0x5d, 0x01, 0x49, 0x29, 0x02, 0x00,
 0x80, 0xb5, 0x49, 0x2a, 0x02, 0x00, 0x80, 0xbb,
 0x67, 0x49, 0x2b, 0x02, 0x00, 0x80, 0xb5, 0x49,
 0x2c, 0x02, 0x00, 0x80, 0xbb, 0x68, 0x49, 0x2d,
 0x02, 0x00, 0x80, 0xb5, 0x49, 0x2e, 0x02, 0x00,
 0x80, 0xba, 0x49, 0x2f, 0x02, 0x00, 0x80, 0xbc,
 0xf8, 0xfe, 0x49, 0x30, 0x02, 0x00, 0x80, 0xb6,
 0x49, 0x31, 0x02, 0x00, 0x80, 0xb3, 0x49, 0x32,
 0x02, 0x00, 0x80, 0xbb, 0x0b, 0x49, 0x33, 0x02,
 0x00, 0x80, 0xb5, 0x49, 0x34, 0x02, 0x00, 0x80,
 0xbb, 0x18, 0x49, 0x35, 0x02, 0x00, 0x80, 0xb6,
 0x49, 0x36, 0x02, 0x00, 0x80, 0xb3, 0x49, 0x37,
 0x02, 0x00, 0x80, 0xb5, 0x49, 0x38, 0x02, 0x00,
 0x80, 0xb5, 0x49, 0x39, 0x02, 0x00, 0x80, 0xbb,
 0x20, 0x49, 0x3a, 0x02, 0x00, 0x80, 0xb2, 0x49,
 0x3b, 0x02, 0x00, 0x80, 0xb3, 0x49, 0x3c, 0x02,
 0x00, 0x80, 0xbd, 0x2c, 0x49, 0x3d, 0x02, 0x00,
 0x80, 0xb5, 0x49, 0x3e, 0x02, 0x00, 0x80, 0xbb,
 0x69, 0x49, 0x3f, 0x02, 0x00, 0x80, 0xb5, 0x49,
 0x40, 0x02, 0x00, 0x80, 0xbb, 0x6a, 0x49, 0x41,
 0x02, 0x00, 0x80, 0xb6, 0x49, 0x42, 0x02, 0x00,
 0x80, 0xb3, 0x49, 0x43, 0x02, 0x00, 0x80, 0xb5,
 0x49, 0x44, 0x02, 0x00, 0x80, 0xb5, 0x49, 0x45,
 0x02, 0x00, 0x80, 0xbb, 0x13, 0x49, 0x46, 0x02,
 0x00, 0x80, 0xb5, 0x49, 0x47, 0x02, 0x00, 0x80,
 0xbb, 0x6b, 0x49, 0x48, 0x02, 0x00, 0x80, 0xb6,
 0x49, 0x49, 0x02, 0x00, 0x80, 0xb3, 0x49, 0x4a,
 0x02, 0x00, 0x80, 0xbb, 0x0a, 0x49, 0x4b, 0x02,
 0x00, 0x80, 0xb5, 0x49, 0x4c, 0x02, 0x00, 0x80,
 0xbb, 0x0a, 0x49, 0x4d, 0x02, 0x00, 0x80, 0xb5,
 0x49, 0x4e, 0x02, 0x00, 0x80, 0xbb, 0x12, 0x49,
 0x4f, 0x02, 0x00, 0x80, 0xb5, 0x49, 0x50, 0x02,
 0x00, 0x80, 0xb3, 0x49, 0x51, 0x02, 0x00, 0x80,
 0xb5, 0x49, 0x52, 0x02, 0x00, 0x80, 0xbb, 0x2f,
 0x49, 0x53, 0x02, 0x00, 0x80, 0xb5, 0x49, 0x54,
 0x02, 0x00, 0x80, 0xb3, 0x49, 0x55, 0x02, 0x00,
 0x80, 0xb5, 0x49, 0x56, 0x02, 0x00, 0x80, 0xbb,
 0x1f, 0x49, 0x57, 0x02, 0x00, 0x80, 0xb5, 0x49,
 0x58, 0x02, 0x00, 0x80, 0xbb, 0x6c, 0x49, 0x59,
 0x02, 0x00, 0x80, 0xb5, 0x49, 0x5a, 0x02, 0x00,
 0x80, 0xbb, 0x19, 0x49, 0x5b, 0x02, 0x00, 0x80,
 0xb3, 0x49, 0x5c, 0x02, 0x00, 0x80, 0x01, 0xff,
 0xff, 0x18, 0x00, 0x49, 0x5d, 0x02, 0x00, 0x80,
 0xb3, 0x49, 0x5e, 0x02, 0x00, 0x80, 0x01, 0x00,
 0xe0, 0x00, 0x00, 0x49, 0x5f, 0x02, 0x00, 0x80,
 0xb5, 0x49, 0x60, 0x02, 0x00, 0x80, 0xbb, 0x6d,
 0x49, 0x61, 0x02, 0x00, 0x80, 0xb6, 0x49, 0x62,
 0x02, 0x00, 0x80, 0xb3, 0x49, 0x63, 0x02, 0x00,
 0x80, 0xb6, 0x49, 0x64, 0x02, 0x00, 0x80, 0xb5,
 0x49, 0x65, 0x02, 0x00, 0x80, 0xbb, 0x14, 0x49,
 0x66, 0x02, 0x00, 0x80, 0xb5, 0x49, 0x67, 0x02,
 0x00, 0x80, 0xbb, 0x1a, 0x49, 0x68, 0x02, 0x00,
 0x80, 0xb5, 0x49, 0x69, 0x02, 0x00, 0x80, 0xbb,
 0x1b, 0x49, 0x6a, 0x02, 0x00, 0x80, 0xb5, 0x49,
 0x6b, 0x02, 0x00, 0x80, 0xb8, 0x49, 0x6c, 0x02,
 0x00, 0x80, 0xb5, 0x49, 0x6d, 0x02, 0x00, 0x80,
 0xbb, 0x1c, 0x49, 0x6e, 0x02, 0x00, 0x80, 0xb5,
 0x49, 0x6f, 0x02, 0x00, 0x80, 0xb3, 0x49, 0x70,
 0x02, 0x00, 0x80, 0xb5, 0x49, 0x71, 0x02, 0x00,
 0x80, 0xbb, 0x08, 0x49, 0x72, 0x02, 0x00, 0x80,
 0xb5, 0x49, 0x73, 0x02, 0x00, 0x80, 0xbb, 0x6f,
 0x49, 0x74, 0x02, 0x00, 0x80, 0xb2, 0x49, 0x75,
 0x02, 0x00, 0x80, 0xb5, 0x49, 0x76, 0x02, 0x00,
 0x80, 0xbb, 0x70, 0x49, 0x77, 0x02, 0x00, 0x80,
 0xb5, 0x49, 0x78, 0x02, 0x00, 0x80, 0xbb, 0x71,
 0x49, 0x79, 0x02, 0x00, 0x80, 0xb5, 0x49, 0x7a,
 0x02, 0x00, 0x80, 0xbb, 0x72, 0x49, 0x7b, 0x02,
 0x00, 0x80, 0xb2, 0x49, 0x7c, 0x02, 0x00, 0x80,
 0xb6, 0x49, 0x7d, 0x02, 0x00, 0x80, 0xb3, 0x49,
 0x7e, 0x02, 0x00, 0x80, 0xb6, 0x49, 0x7f, 0x02,
 0x00, 0x80, 0xb5, 0x49, 0x80, 0x02, 0x00, 0x80,
 0xbb, 0x0c, 0x49, 0x81, 0x02, 0x00, 0x80, 0xbb,
 0xfe, 0x49, 0x82, 0x02, 0x00, 0x80, 0xb5, 0x49,
 0x83, 0x02, 0x00, 0x80, 0xb3, 0x49, 0x84, 0x02,
 0x00, 0x80, 0xb5, 0x49, 0x85, 0x02, 0x00, 0x80,
 0xbb, 0x1d, 0x49, 0x86, 0x02, 0x00, 0x80, 0xbb,
 0xfd, 0x49, 0x87, 0x02, 0x00, 0x80, 0xb3, 0x49,
 0x88, 0x02, 0x00, 0x80, 0x01, 0x00, 0x00, 0x00,
 0x20, 0x49, 0x89, 0x02, 0x00, 0x80, 0xbb, 0xfc,
 0x49, 0x8a, 0x02, 0x00, 0x80, 0xb5, 0x49, 0x8b,
 0x02, 0x00, 0x80, 0xbb, 0x14, 0x49, 0x8c, 0x02,
 0x00, 0x80, 0xb5, 0x49, 0x8d, 0x02, 0x00, 0x80,
 0xb3, 0x49, 0x8e, 0x02, 0x00, 0x80, 0xb5, 0x49,
 0x8f, 0x02, 0x00, 0x80, 0xbb, 0x24, 0x49, 0x90,
 0x02, 0x00, 0x80, 0xb3, 0x49, 0x91, 0x02, 0x00,
 0x80, 0xb4, 0x49, 0x92, 0x02, 0x00, 0x80, 0xb5,
 0x49, 0x93, 0x02, 0x00, 0x80, 0xb3, 0x49, 0x94,
 0x02, 0x00, 0x80, 0xb5, 0x49, 0x95, 0x02, 0x00,
 0x80, 0xbb, 0x43, 0x49, 0x96, 0x02, 0x00, 0x80,
 0xb5, 0x49, 0x97, 0x02, 0x00, 0x80, 0xb9, 0x49,
 0x98, 0x02, 0x00, 0x80, 0xb5, 0x49, 0x99, 0x02,
 0x00, 0x80, 0xbb, 0x0c, 0x49, 0x9a, 0x02, 0x00,
 0x80, 0xb5, 0x49, 0x9b, 0x02, 0x00, 0x80, 0xbb,
 0x0a, 0x49, 0x9c, 0x02, 0x00, 0x80, 0xb5, 0x49,
 0x9d, 0x02, 0x00, 0x80, 0xb3, 0x49, 0x9e, 0x02,
 0x00, 0x80, 0xb5, 0x49, 0x9f, 0x02, 0x00, 0x80,
 0xbb, 0x73, 0x49, 0xa0, 0x02, 0x00, 0x80, 0xb2,
 0x49, 0xa1, 0x02, 0x00, 0x80, 0xb6, 0x49, 0xa2,
 0x02, 0x00, 0x80, 0xb3, 0x49, 0xa3, 0x02, 0x00,
 0x80, 0xb7, 0x49, 0xa4, 0x02, 0x00, 0x80, 0xb5,
 0x49, 0xa5, 0x02, 0x00, 0x80, 0xbb, 0x0a, 0x49,
 0xa6, 0x02, 0x00, 0x80, 0xb5, 0x49, 0xa7, 0x02,
 0x00, 0x80, 0xbb, 0x17, 0x49, 0xa8, 0x02, 0x00,
 0x80, 0xb5, 0x49, 0xa9, 0x02, 0x00, 0x80, 0xbb,
 0x74, 0x49, 0xaa, 0x02, 0x00, 0x80, 0xb5, 0x49,
 0xab, 0x02, 0x00, 0x80, 0xba, 0x49, 0xac, 0x02,
 0x00, 0x80, 0xb5, 0x49, 0xad, 0x02, 0x00, 0x80,
 0xb3, 0x49, 0xae, 0x02, 0x00, 0x80, 0xb5, 0x49,
 0xaf, 0x02, 0x00, 0x80, 0xbb, 0x75, 0x49, 0xb0,
 0x02, 0x00, 0x80, 0xb5, 0x49, 0xb1, 0x02, 0x00,
 0x80, 0xb3, 0x49, 0xb2, 0x02, 0x00, 0x80, 0xb5,
 0x49, 0xb3, 0x02, 0x00, 0x80, 0xbb, 0x76, 0x49,
 0xb4, 0x02, 0x00, 0x80, 0xb5, 0x49, 0xb5, 0x02,
 0x00, 0x80, 0xbb, 0x77, 0x49, 0xb6, 0x02, 0x00,
 0x80, 0xb5, 0x49, 0xb7, 0x02, 0x00, 0x80, 0xbb,
 0x78, 0x49, 0xb8, 0x02, 0x00, 0x80, 0xb5, 0x49,
 0xb9, 0x02, 0x00, 0x80, 0xb3, 0x49, 0xba, 0x02,
 0x00, 0x80, 0xb5, 0x49, 0xbb, 0x02, 0x00, 0x80,
 0xbb, 0x09, 0x49, 0xbc, 0x02, 0x00, 0x80, 0xb6,
 0x49, 0xbd, 0x02, 0x00, 0x80, 0xb3, 0x49, 0xbe,
 0x02, 0x00, 0x80, 0xbb, 0x09, 0x49, 0xbf, 0x02,
 0x00, 0x80, 0xb5, 0x49, 0xc0, 0x02, 0x00, 0x80,
 0xbb, 0x15, 0x49, 0xc1, 0x02, 0x00, 0x80, 0xb5,
 0x49, 0xc2, 0x02, 0x00, 0x80, 0xbb, 0x1e, 0x49,
 0xc3, 0x02, 0x00, 0x80, 0xb5, 0x49, 0xc4, 0x02,
 0x00, 0x80, 0xbb, 0x1f, 0x49, 0xc5, 0x02, 0x00,
 0x80, 0xb5, 0x49, 0xc6, 0x02, 0x00, 0x80, 0xbb,
 0x79, 0x49, 0xc7, 0x02, 0x00, 0x80, 0xb5, 0x49,
 0xc8, 0x02, 0x00, 0x80, 0xbb, 0x7a, 0x49, 0xc9,
 0x02, 0x00, 0x80, 0xbb, 0xfe, 0x49, 0xca, 0x02,
 0x00, 0x80, 0xb5, 0x49, 0xcb, 0x02, 0x00, 0x80,
 0xbb, 0x7b, 0x49, 0xcc, 0x02, 0x00, 0x80, 0xb5,
 0x49, 0xcd, 0x02, 0x00, 0x80, 0xbb, 0x7c, 0x49,
 0xce, 0x02, 0x00, 0x80, 0xb5, 0x49, 0xcf, 0x02,
 0x00, 0x80, 0xbb, 0x1e, 0x49, 0xd0, 0x02, 0x00,
 0x80, 0xb5, 0x49, 0xd1, 0x02, 0x00, 0x80, 0xbb,
 0x15, 0x49, 0xd2, 0x02, 0x00, 0x80, 0xb5, 0x49,
 0xd3, 0x02, 0x00, 0x80, 0xbb, 0x08, 0x49, 0xd4,
 0x02, 0x00, 0x80, 0xbb, 0xfe, 0x49, 0xd5, 0x02,
 0x00, 0x80, 0xb5, 0x49, 0xd6, 0x02, 0x00, 0x80,
 0xbb, 0x7d, 0x49, 0xd7, 0x02, 0x00, 0x80, 0xb5,
 0x49, 0xd8, 0x02, 0x00, 0x80, 0xbb, 0x1e, 0x49,
 0xd9, 0x02, 0x00, 0x80, 0xb5, 0x49, 0xda, 0x02,
 0x00, 0x80, 0xbb, 0x20, 0x49, 0xdb, 0x02, 0x00,
 0x80, 0xbb, 0xfe, 0x49, 0xdc, 0x02, 0x00, 0x80,
 0xb5, 0x49, 0xdd, 0x02, 0x00, 0x80, 0xb3, 0x49,
 0xde, 0x02, 0x00, 0x80, 0xb5, 0x49, 0xdf, 0x02,
 0x00, 0x80, 0xbb, 0x27, 0x49, 0xe0, 0x02, 0x00,
 0x80, 0xbb, 0xfe, 0x49, 0xe1, 0x02, 0x00, 0x80,
 0xb3, 0x49, 0xe2, 0x02, 0x00, 0x80, 0xbd, 0x2d,
 0x49, 0xe3, 0x02, 0x00, 0x80, 0xb3, 0x49, 0xe4,
 0x02, 0x00, 0x80, 0xbd, 0x2e, 0x49, 0xe5, 0x02,
 0x00, 0x80, 0xb2, 0x49, 0xe6, 0x02, 0x00, 0x80,
 0xb6, 0x49, 0xe7, 0x02, 0x00, 0x80, 0xbb, 0x14,
 0x49, 0xe8, 0x02, 0x00, 0x80, 0xb5, 0x49, 0xe9,
 0x02, 0x00, 0x80, 0xb2, 0x49, 0xea, 0x02, 0x00,
 0x80, 0xb5, 0x49, 0xeb, 0x02, 0x00, 0x80, 0xbb,
 0x21, 0x49, 0xec, 0x02, 0x00, 0x80, 0xb5, 0x49,
 0xed, 0x02, 0x00, 0x80, 0xbb, 0x26, 0x49, 0xee,
 0x02, 0x00, 0x80, 0xb5, 0x49, 0xef, 0x02, 0x00,
 0x80, 0xb3, 0x49, 0xf0, 0x02, 0x00, 0x80, 0xb6,
 0x49, 0xf1, 0x02, 0x00, 0x80, 0xbb, 0x1e, 0x49,
 0xf2, 0x02, 0x00, 0x80, 0xb5, 0x49, 0xf3, 0x02,
 0x00, 0x80, 0xb5, 0x49, 0xf4, 0x02, 0x00, 0x80,
 0xbb, 0x23, 0x49, 0xf5, 0x02, 0x00, 0x80, 0xb5,
 0x49, 0xf6, 0x02, 0x00, 0x80, 0xbb, 0x13, 0x49,
 0xf7, 0x02, 0x00, 0x80, 0xbb, 0xfd, 0x49, 0xf8,
 0x02, 0x00, 0x80, 0xb6, 0x49, 0xf9, 0x02, 0x00,
 0x80, 0xb3, 0x49, 0xfa, 0x02, 0x00, 0x80, 0xb5,
 0x49, 0xfb, 0x02, 0x00, 0x80, 0xb5, 0x49, 0xfc,
 0x02, 0x00, 0x80, 0xbb, 0x22, 0x49, 0xfd, 0x02,
 0x00, 0x80, 0xb2, 0x49, 0xfe, 0x02, 0x00, 0x80,
 0xb5, 0x49, 0xff, 0x02, 0x00, 0x80, 0xb3, 0x49,
 0x00, 0x03, 0x00, 0x80, 0xb5, 0x49, 0x01, 0x03,
 0x00, 0x80, 0xbb, 0x23, 0x49, 0x02, 0x03, 0x00,
 0x80, 0xb5, 0x49, 0x03, 0x03, 0x00, 0x80, 0xb3,
 0x49, 0x04, 0x03, 0x00, 0x80, 0xb5, 0x49, 0x05,
 0x03, 0x00, 0x80, 0xbb, 0x23, 0x49, 0x06, 0x03,
 0x00, 0x80, 0xb5, 0x49, 0x07, 0x03, 0x00, 0x80,
 0xb3, 0x49, 0x08, 0x03, 0x00, 0x80, 0xb5, 0x49,
 0x09, 0x03, 0x00, 0x80, 0xbb, 0x30, 0x49, 0x0a,
 0x03, 0x00, 0x80, 0xb5, 0x49, 0x0b, 0x03, 0x00,
 0x80, 0xb3, 0x49, 0x0c, 0x03, 0x00, 0x80, 0xb3,
 0x49, 0x0d, 0x03, 0x00, 0x80, 0xbd, 0x2f, 0x49,
 0x0e, 0x03, 0x00, 0x80, 0xb5, 0x49, 0x0f, 0x03,
 0x00, 0x80, 0xbb, 0x25, 0x49, 0x10, 0x03, 0x00,
 0x80, 0xbb, 0xf9, 0x49, 0x11, 0x03, 0x00, 0x80,
 0xb5, 0x49, 0x12, 0x03, 0x00, 0x80, 0xb3, 0x49,
 0x13, 0x03, 0x00, 0x80, 0xb3, 0x49, 0x14, 0x03,
 0x00, 0x80, 0x01, 0xff, 0x1b, 0x03, 0x00, 0x49,
 0x15, 0x03, 0x00, 0x80, 0xb5, 0x49, 0x16, 0x03,
 0x00, 0x80, 0xbb, 0x39, 0x49, 0x17, 0x03, 0x00,
 0x80, 0xb3, 0x49, 0x18, 0x03, 0x00, 0x80, 0xbd,
 0x30, 0x49, 0x19, 0x03, 0x00, 0x80, 0xb5, 0x49,
 0x1a, 0x03, 0x00, 0x80, 0xbb, 0x14, 0x49, 0x1b,
 0x03, 0x00, 0x80, 0xb5, 0x49, 0x1c, 0x03, 0x00,
 0x80, 0xbb, 0x2b, 0x49, 0x1d, 0x03, 0x00, 0x80,
 0xb5, 0x49, 0x1e, 0x03, 0x00, 0x80, 0xbb, 0x24,
 0x49, 0x1f, 0x03, 0x00, 0x80, 0xb5, 0x49, 0x20,
 0x03, 0x00, 0x80, 0xbb, 0x12, 0x49, 0x21, 0x03,
 0x00, 0x80, 0xb5, 0x49, 0x22, 0x03, 0x00, 0x80,
 0xbb, 0x25, 0x49, 0x23, 0x03, 0x00, 0x80, 0xb5,
 0x49, 0x24, 0x03, 0x00, 0x80, 0xbb, 0x12, 0x49,
 0x25, 0x03, 0x00, 0x80, 0xb5, 0x49, 0x26, 0x03,
 0x00, 0x80, 0xbb, 0x7e, 0x49, 0x27, 0x03, 0x00,
 0x80, 0xb5, 0x49, 0x28, 0x03, 0x00, 0x80, 0xbb,
 0x15, 0x49, 0x29, 0x03, 0x00, 0x80, 0xb6, 0x49,
 0x2a, 0x03, 0x00, 0x80, 0xb3, 0x49, 0x2b, 0x03,
 0x00, 0x80, 0xb5, 0x49, 0x2c, 0x03, 0x00, 0x80,
 0xb5, 0x49, 0x2d, 0x03, 0x00, 0x80, 0xbb, 0x26,
 0x49, 0x2e, 0x03, 0x00, 0x80, 0xb3, 0x49, 0x2f,
 0x03, 0x00, 0x80, 0xbd, 0x31, 0x49, 0x30, 0x03,
 0x00, 0x80, 0xb5, 0x49, 0x31, 0x03, 0x00, 0x80,
 0xb3, 0x49, 0x32, 0x03, 0x00, 0x80, 0xb5, 0x49,
 0x33, 0x03, 0x00, 0x80, 0xbb, 0x0c, 0x49, 0x34,
 0x03, 0x00, 0x80, 0xb3, 0x49, 0x35, 0x03, 0x00,
 0x80, 0xbd, 0x32, 0x49, 0x36, 0x03, 0x00, 0x80,
 0xb5, 0x49, 0x37, 0x03, 0x00, 0x80, 0xbc, 0x90,
 0x00, 0x49, 0x38, 0x03, 0x00, 0x80, 0xb5, 0x49,
 0x39, 0x03, 0x00, 0x80, 0xb3, 0x49, 0x3a, 0x03,
 0x00, 0x80, 0xb5, 0x49, 0x3b, 0x03, 0x00, 0x80,
 0xbb, 0x3a, 0x49, 0x3c, 0x03, 0x00, 0x80, 0xb5,
 0x49, 0x3d, 0x03, 0x00, 0x80, 0xbb, 0x38, 0x49,
 0x3e, 0x03, 0x00, 0x80, 0xb3, 0x49, 0x3f, 0x03,
 0x00, 0x80, 0x01, 0xff, 0xff, 0x4f, 0x00, 0x49,
 0x40, 0x03, 0x00, 0x80, 0xb6, 0x49, 0x41, 0x03,
 0x00, 0x80, 0xb3, 0x49, 0x42, 0x03, 0x00, 0x80,
 0xb5, 0x49, 0x43, 0x03, 0x00, 0x80, 0xb3, 0x49,
 0x44, 0x03, 0x00, 0x80, 0x01, 0x1f, 0xde, 0xff,
 0x17, 0x49, 0x45, 0x03, 0x00, 0x80, 0xb2, 0x49,
 0x46, 0x03, 0x00, 0x80, 0xb5, 0x49, 0x47, 0x03,
 0x00, 0x80, 0xbc, 0x80, 0x00, 0x49, 0x48, 0x03,
 0x00, 0x80, 0xb5, 0x49, 0x49, 0x03, 0x00, 0x80,
 0xbb, 0x27, 0x49, 0x4a, 0x03, 0x00, 0x80, 0xb3,
 0x49, 0x4b, 0x03, 0x00, 0x80, 0xb6, 0x49, 0x4c,
 0x03, 0x00, 0x80, 0xb2, 0x49, 0x4d, 0x03, 0x00,
 0x80, 0xb5, 0x49, 0x4e, 0x03, 0x00, 0x80, 0xbc,
 0x81, 0x00, 0x49, 0x4f, 0x03, 0x00, 0x80, 0xb5,
 0x49, 0x50, 0x03, 0x00, 0x80, 0xbc, 0x82, 0x00,
 0x49, 0x51, 0x03, 0x00, 0x80, 0xb5, 0x49, 0x52,
 0x03, 0x00, 0x80, 0xb3, 0x49, 0x53, 0x03, 0x00,
 0x80, 0xb3, 0x49, 0x54, 0x03, 0x00, 0x80, 0x01,
 0xff, 0x07, 0xff, 0x03, 0x49, 0x55, 0x03, 0x00,
 0x80, 0xb5, 0x49, 0x56, 0x03, 0x00, 0x80, 0xbb,
 0x28, 0x49, 0x57, 0x03, 0x00, 0x80, 0xb3, 0x49,
 0x58, 0x03, 0x00, 0x80, 0xbd, 0x33, 0x49, 0x59,
 0x03, 0x00, 0x80, 0xb3, 0x49, 0x5a, 0x03, 0x00,
 0x80, 0xbd, 0x34, 0x49, 0x5b, 0x03, 0x00, 0x80,
 0xb3, 0x49, 0x5c, 0x03, 0x00, 0x80, 0x01, 0xcf,
 0x1f, 0x1f, 0x00, 0x49, 0x5d, 0x03, 0x00, 0x80,
 0xb5, 0x49, 0x5e, 0x03, 0x00, 0x80, 0xbc, 0x84,
 0x00, 0x49, 0x5f, 0x03, 0x00, 0x80, 0xb5, 0x49,
 0x60, 0x03, 0x00, 0x80, 0xbb, 0x29, 0x49, 0x61,
 0x03, 0x00, 0x80, 0xb3, 0x49, 0x62, 0x03, 0x00,
 0x80, 0x01, 0xa5, 0xf7, 0x0f, 0x00, 0x49, 0x63,
 0x03, 0x00, 0x80, 0xb3, 0x49, 0x64, 0x03, 0x00,
 0x80, 0xb9, 0x49, 0x65, 0x03, 0x00, 0x80, 0xb6,
 0x49, 0x66, 0x03, 0x00, 0x80, 0xb3, 0x49, 0x67,
 0x03, 0x00, 0x80, 0xb5, 0x49, 0x68, 0x03, 0x00,
 0x80, 0xb3, 0x49, 0x69, 0x03, 0x00, 0x80, 0xbd,
 0x35, 0x49, 0x6a, 0x03, 0x00, 0x80, 0xb3, 0x49,
 0x6b, 0x03, 0x00, 0x80, 0xb6, 0x49, 0x6c, 0x03,
 0x00, 0x80, 0xb6, 0x49, 0x6d, 0x03, 0x00, 0x80,
 0xb3, 0x49, 0x6e, 0x03, 0x00, 0x80, 0xb5, 0x49,
 0x6f, 0x03, 0x00, 0x80, 0xb3, 0x49, 0x70, 0x03,
 0x00, 0x80, 0x01, 0xbf, 0x00, 0xff, 0x03, 0x49,
 0x71, 0x03, 0x00, 0x80, 0xbb, 0xfb, 0x49, 0x72,
 0x03, 0x00, 0x80, 0xb5, 0x49, 0x73, 0x03, 0x00,
 0x80, 0xb3, 0x49, 0x74, 0x03, 0x00, 0x80, 0xb3,
 0x49, 0x75, 0x03, 0x00, 0x80, 0xbd, 0x36, 0x49,
 0x76, 0x03, 0x00, 0x80, 0xb3, 0x49, 0x77, 0x03,
 0x00, 0x80, 0x01, 0x01, 0x00, 0x00, 0x3f, 0x49,
 0x78, 0x03, 0x00, 0x80, 0xb2, 0x49, 0x79, 0x03,
 0x00, 0x80, 0xb6, 0x49, 0x7a, 0x03, 0x00, 0x80,
 0xb3, 0x49, 0x7b, 0x03, 0x00, 0x80, 0xb5, 0x49,
 0x7c, 0x03, 0x00, 0x80, 0xb3, 0x49, 0x7d, 0x03,
 0x00, 0x80, 0x01, 0x11, 0x00, 0xff, 0x03, 0x49,
 0x7e, 0x03, 0x00, 0x80, 0xb2, 0x49, 0x7f, 0x03,
 0x00, 0x80, 0xb5, 0x49, 0x80, 0x03, 0x00, 0x80,
 0xb3, 0x49, 0x81, 0x03, 0x00, 0x80, 0xb5, 0x49,
 0x82, 0x03, 0x00, 0x80, 0xbb, 0x2a, 0x49, 0x83,
 0x03, 0x00, 0x80, 0xb5, 0x49, 0x84, 0x03, 0x00,
 0x80, 0xbb, 0x17, 0x49, 0x85, 0x03, 0x00, 0x80,
 0xb5, 0x49, 0x86, 0x03, 0x00, 0x80, 0xbb, 0x32,
 0x49, 0x87, 0x03, 0x00, 0x80, 0xb5, 0x49, 0x88,
 0x03, 0x00, 0x80, 0xbb, 0x0b, 0x49, 0x89, 0x03,
 0x00, 0x80, 0xb5, 0x49, 0x8a, 0x03, 0x00, 0x80,
 0xbb, 0x3d, 0x49, 0x8b, 0x03, 0x00, 0x80, 0xb5,
 0x49, 0x8c, 0x03, 0x00, 0x80, 0xbb, 0x26, 0x49,
 0x8d, 0x03, 0x00, 0x80, 0xbb, 0xfb, 0x49, 0x8e,
 0x03, 0x00, 0x80, 0xb5, 0x49, 0x8f, 0x03, 0x00,
 0x80, 0xb3, 0x49, 0x90, 0x03, 0x00, 0x80, 0xb5,
 0x49, 0x91, 0x03, 0x00, 0x80, 0xbb, 0x0c, 0x49,
 0x92, 0x03, 0x00, 0x80, 0xbb, 0xfd, 0x49, 0x93,
 0x03, 0x00, 0x80, 0xb6, 0x49, 0x94, 0x03, 0x00,
 0x80, 0xb3, 0x49, 0x95, 0x03, 0x00, 0x80, 0xb5,
 0x49, 0x96, 0x03, 0x00, 0x80, 0xb3, 0x49, 0x97,
 0x03, 0x00, 0x80, 0xbd, 0x37, 0x49, 0x98, 0x03,
 0x00, 0x80, 0xb5, 0x49, 0x99, 0x03, 0x00, 0x80,
 0xbc, 0x86, 0x00, 0x49, 0x9a, 0x03, 0x00, 0x80,
 0xb3, 0x49, 0x9b, 0x03, 0x00, 0x80, 0xbd, 0x38,
 0x49, 0x9c, 0x03, 0x00, 0x80, 0xb5, 0x49, 0x9d,
 0x03, 0x00, 0x80, 0xbb, 0x34, 0x49, 0x9e, 0x03,
 0x00, 0x80, 0xbb, 0xfe, 0x49, 0x9f, 0x03, 0x00,
 0x80, 0xb5, 0x49, 0xa0, 0x03, 0x00, 0x80, 0xbc,
 0x87, 0x00, 0x49, 0xa1, 0x03, 0x00, 0x80, 0xb3,
 0x49, 0xa2, 0x03, 0x00, 0x80, 0xbd, 0x39, 0x49,
 0xa3, 0x03, 0x00, 0x80, 0xb3, 0x49, 0xa4, 0x03,
 0x00, 0x80, 0xbb, 0x1b, 0x49, 0xa5, 0x03, 0x00,
 0x80, 0xb5, 0x49, 0xa6, 0x03, 0x00, 0x80, 0xb3,
 0x49, 0xa7, 0x03, 0x00, 0x80, 0xb5, 0x49, 0xa8,
 0x03, 0x00, 0x80, 0xbb, 0x08, 0x49, 0xa9, 0x03,
 0x00, 0x80, 0xb5, 0x49, 0xaa, 0x03, 0x00, 0x80,
 0xbb, 0x2b, 0x49, 0xab, 0x03, 0x00, 0x80, 0xb5,
 0x49, 0xac, 0x03, 0x00, 0x80, 0xb3, 0x49, 0xad,
 0x03, 0x00, 0x80, 0xb5, 0x49, 0xae, 0x03, 0x00,
 0x80, 0xbb, 0x44, 0x49, 0xaf, 0x03, 0x00, 0x80,
 0xb5, 0x49, 0xb0, 0x03, 0x00, 0x80, 0xbb, 0x12,
 0x49, 0xb1, 0x03, 0x00, 0x80, 0xb5, 0x49, 0xb2,
 0x03, 0x00, 0x80, 0xb3, 0x49, 0xb3, 0x03, 0x00,
 0x80, 0xb5, 0x49, 0xb4, 0x03, 0x00, 0x80, 0xbb,
 0x2a, 0x49, 0xb5, 0x03, 0x00, 0x80, 0xbb, 0xfa,
 0x49, 0xb6, 0x03, 0x00, 0x80, 0xb5, 0x49, 0xb7,
 0x03, 0x00, 0x80, 0xb3, 0x49, 0xb8, 0x03, 0x00,
 0x80, 0xb5, 0x49, 0xb9, 0x03, 0x00, 0x80, 0xbb,
 0x2d, 0x49, 0xba, 0x03, 0x00, 0x80, 0xb5, 0x49,
 0xbb, 0x03, 0x00, 0x80, 0xbb, 0x3b, 0x49, 0xbc,
 0x03, 0x00, 0x80, 0xb5, 0x49, 0xbd, 0x03, 0x00,
 0x80, 0xbb, 0x2c, 0x49, 0xbe, 0x03, 0x00, 0x80,
 0xb5, 0x49, 0xbf, 0x03, 0x00, 0x80, 0xbb, 0x2d,
 0x49, 0xc0, 0x03, 0x00, 0x80, 0xb5, 0x49, 0xc1,
 0x03, 0x00, 0x80, 0xbb, 0x2e, 0x49, 0xc2, 0x03,
 0x00, 0x80, 0xb5, 0x49, 0xc3, 0x03, 0x00, 0x80,
 0xbb, 0x2f, 0x49, 0xc4, 0x03, 0x00, 0x80, 0xb3,
 0x49, 0xc5, 0x03, 0x00, 0x80, 0x01, 0xff, 0xfe,
 0x7f, 0x00, 0x49, 0xc6, 0x03, 0x00, 0x80, 0xbb,
 0xfe, 0x49, 0xc7, 0x03, 0x00, 0x80, 0xb5, 0x49,
 0xc8, 0x03, 0x00, 0x80, 0xbc, 0x88, 0x00, 0x49,
 0xc9, 0x03, 0x00, 0x80, 0xb3, 0x49, 0xca, 0x03,
 0x00, 0x80, 0xbd, 0x3a, 0x49, 0xcb, 0x03, 0x00,
 0x80, 0xb5, 0x49, 0xcc, 0x03, 0x00, 0x80, 0xbb,
 0x30, 0x49, 0xcd, 0x03, 0x00, 0x80, 0xb5, 0x49,
 0xce, 0x03, 0x00, 0x80, 0xbc, 0x8a, 0x00, 0x49,
 0xcf, 0x03, 0x00, 0x80, 0xb3, 0x49, 0xd0, 0x03,
 0x00, 0x80, 0x01, 0xff, 0x7f, 0xfb, 0x01, 0x49,
 0xd1, 0x03, 0x00, 0x80, 0xb5, 0x49, 0xd2, 0x03,
 0x00, 0x80, 0xbb, 0x31, 0x49, 0xd3, 0x03, 0x00,
 0x80, 0xbb, 0xf7, 0x49, 0xd4, 0x03, 0x00, 0x80,
 0xb5, 0x49, 0xd5, 0x03, 0x00, 0x80, 0xbb, 0x15,
 0x49, 0xd6, 0x03, 0x00, 0x80, 0xb3, 0x49, 0xd7,
 0x03, 0x00, 0x80, 0xbd, 0x3b, 0x49, 0xd8, 0x03,
 0x00, 0x80, 0xb3, 0x49, 0xd9, 0x03, 0x00, 0x80,
 0xbd, 0x3c, 0x49, 0xda, 0x03, 0x00, 0x80, 0xb3,
 0x49, 0xdb, 0x03, 0x00, 0x80, 0x01, 0x07, 0x00,
 0xff, 0x07, 0x49, 0xdc, 0x03, 0x00, 0x80, 0xbb,
 0xfe, 0x49, 0xdd, 0x03, 0x00, 0x80, 0xb5, 0x49,
 0xde, 0x03, 0x00, 0x80, 0xbb, 0x45, 0x49, 0xdf,
 0x03, 0x00, 0x80, 0xbb, 0xfe, 0x49, 0xe0, 0x03,
 0x00, 0x80, 0xb6, 0x49, 0xe1, 0x03, 0x00, 0x80,
 0xb3, 0x49, 0xe2, 0x03, 0x00, 0x80, 0xbb, 0x1c,
 0x49, 0xe3, 0x03, 0x00, 0x80, 0xb5, 0x49, 0xe4,
 0x03, 0x00, 0x80, 0xbb, 0x20, 0x49, 0xe5, 0x03,
 0x00, 0x80, 0xbb, 0xfd, 0x49, 0xe6, 0x03, 0x00,
 0x80, 0xb6, 0x49, 0xe7, 0x03, 0x00, 0x80, 0xb3,
 0x49, 0xe8, 0x03, 0x00, 0x80, 0xb6, 0x49, 0xe9,
 0x03, 0x00, 0x80, 0xb5, 0x49, 0xea, 0x03, 0x00,
 0x80, 0xbb, 0x11, 0x49, 0xeb, 0x03, 0x00, 0x80,
 0xb6, 0x49, 0xec, 0x03, 0x00, 0x80, 0xb3, 0x49,
 0xed, 0x03, 0x00, 0x80, 0xb9, 0x49, 0xee, 0x03,
 0x00, 0x80, 0xb5, 0x49, 0xef, 0x03, 0x00, 0x80,
 0xbb, 0x32, 0x49, 0xf0, 0x03, 0x00, 0x80, 0xbb,
 0xaf, 0x49, 0xf1, 0x03, 0x00, 0x80, 0xb5, 0x49,
 0xf2, 0x03, 0x00, 0x80, 0xbb, 0x12, 0x49, 0xf3,
 0x03, 0x00, 0x80, 0xb6, 0x49, 0xf4, 0x03, 0x00,
 0x80, 0xb3, 0x49, 0xf5, 0x03, 0x00, 0x80, 0xb5,
 0x49, 0xf6, 0x03, 0x00, 0x80, 0xb5, 0x49, 0xf7,
 0x03, 0x00, 0x80, 0xbb, 0x24, 0x49, 0xf8, 0x03,
 0x00, 0x80, 0xb6, 0x49, 0xf9, 0x03, 0x00, 0x80,
 0xb3, 0x49, 0xfa, 0x03, 0x00, 0x80, 0xbb, 0x21,
 0x49, 0xfb, 0x03, 0x00, 0x80, 0xb5, 0x49, 0xfc,
 0x03, 0x00, 0x80, 0xbb, 0x19, 0x49, 0xfd, 0x03,
 0x00, 0x80, 0xb5, 0x49, 0xfe, 0x03, 0x00, 0x80,
 0xbb, 0x1e, 0x49, 0xff, 0x03, 0x00, 0x80, 0xb6,
 0x49, 0x00, 0x04, 0x00, 0x80, 0xb3, 0x49, 0x01,
 0x04, 0x00, 0x80, 0xbb, 0x7c, 0x49, 0x02, 0x04,
 0x00, 0x80, 0xb5, 0x49, 0x03, 0x04, 0x00, 0x80,
 0xbb, 0x0c, 0x49, 0x04, 0x04, 0x00, 0x80, 0xb6,
 0x49, 0x05, 0x04, 0x00, 0x80, 0xb3, 0x49, 0x06,
 0x04, 0x00, 0x80, 0xbb, 0x12, 0x49, 0x07, 0x04,
 0x00, 0x80, 0xb5, 0x49, 0x08, 0x04, 0x00, 0x80,
 0xbb, 0x26, 0x49, 0x09, 0x04, 0x00, 0x80, 0xbc,
 0x2b, 0xff, 0x49, 0x0a, 0x04, 0x00, 0x80, 0xb5,
 0x49, 0x0b, 0x04, 0x00, 0x80, 0xb3, 0x49, 0x0c,
 0x04, 0x00, 0x80, 0xb5, 0x49, 0x0d, 0x04, 0x00,
 0x80, 0xbb, 0x20, 0x49, 0x0e, 0x04, 0x00, 0x80,
 0xbb, 0xca, 0x49, 0x0f, 0x04, 0x00, 0x80, 0xb6,
 0x49, 0x10, 0x04, 0x00, 0x80, 0xb3, 0x49, 0x11,
 0x04, 0x00, 0x80, 0xbb, 0x11, 0x49, 0x12, 0x04,
 0x00, 0x80, 0xb5, 0x49, 0x13, 0x04, 0x00, 0x80,
 0xbb, 0x2a, 0x49, 0x14, 0x04, 0x00, 0x80, 0xb5,
 0x49, 0x15, 0x04, 0x00, 0x80, 0xbb, 0x08, 0x49,
 0x16, 0x04, 0x00, 0x80, 0xb5, 0x49, 0x17, 0x04,
 0x00, 0x80, 0xbb, 0x17, 0x49, 0x18, 0x04, 0x00,
 0x80, 0xb5, 0x49, 0x19, 0x04, 0x00, 0x80, 0xb3,
 0x49, 0x1a, 0x04, 0x00, 0x80, 0xb5, 0x49, 0x1b,
 0x04, 0x00, 0x80, 0xbb, 0x08, 0x49, 0x1c, 0x04,
 0x00, 0x80, 0xb5, 0x49, 0x1d, 0x04, 0x00, 0x80,
 0xbb, 0x17, 0x49, 0x1e, 0x04, 0x00, 0x80, 0xb5,
 0x49, 0x1f, 0x04, 0x00, 0x80, 0xbb, 0x33, 0x49,
 0x20, 0x04, 0x00, 0x80, 0xb5, 0x49, 0x21, 0x04,
 0x00, 0x80, 0xb3, 0x49, 0x22, 0x04, 0x00, 0x80,
 0xb5, 0x49, 0x23, 0x04, 0x00, 0x80, 0xbb, 0x15,
 0x49, 0x24, 0x04, 0x00, 0x80, 0xb5, 0x49, 0x25,
 0x04, 0x00, 0x80, 0xbb, 0x34, 0x49, 0x26, 0x04,
 0x00, 0x80, 0xb5, 0x49, 0x27, 0x04, 0x00, 0x80,
 0xbc, 0x8b, 0x00, 0x49, 0x28, 0x04, 0x00, 0x80,
 0xb5, 0x49, 0x29, 0x04, 0x00, 0x80, 0xbb, 0x19,
 0x49, 0x2a, 0x04, 0x00, 0x80, 0xbb, 0xf3, 0x49,
 0x2b, 0x04, 0x00, 0x80, 0xb5, 0x49, 0x2c, 0x04,
 0x00, 0x80, 0xb3, 0x49, 0x2d, 0x04, 0x00, 0x80,
 0xb5, 0x49, 0x2e, 0x04, 0x00, 0x80, 0xbb, 0x35,
 0x49, 0x2f, 0x04, 0x00, 0x80, 0xbb, 0xfa, 0x49,
 0x30, 0x04, 0x00, 0x80, 0xb6, 0x49, 0x31, 0x04,
 0x00, 0x80, 0xb3, 0x49, 0x32, 0x04, 0x00, 0x80,
 0xb5, 0x49, 0x33, 0x04, 0x00, 0x80, 0xbb, 0xfc,
 0x49, 0x34, 0x04, 0x00, 0x80, 0xb6, 0x49, 0x35,
 0x04, 0x00, 0x80, 0xb3, 0x49, 0x36, 0x04, 0x00,
 0x80, 0xb5, 0x49, 0x37, 0x04, 0x00, 0x80, 0xb3,
 0x49, 0x38, 0x04, 0x00, 0x80, 0xbd, 0x3d, 0x49,
 0x39, 0x04, 0x00, 0x80, 0xb5, 0x49, 0x3a, 0x04,
 0x00, 0x80, 0xb3, 0x49, 0x3b, 0x04, 0x00, 0x80,
 0xb3, 0x49, 0x3c, 0x04, 0x00, 0x80, 0xbd, 0x3e,
 0x49, 0x3d, 0x04, 0x00, 0x80, 0xbb, 0xfe, 0x49,
 0x3e, 0x04, 0x00, 0x80, 0xb3, 0x49, 0x3f, 0x04,
 0x00, 0x80, 0x01, 0x1b, 0x00, 0x03, 0x00, 0x49,
 0x40, 0x04, 0x00, 0x80, 0xb6, 0x49, 0x41, 0x04,
 0x00, 0x80, 0xb3, 0x49, 0x42, 0x04, 0x00, 0x80,
 0xbc, 0xbf, 0x00, 0x49, 0x43, 0x04, 0x00, 0x80,
 0xb5, 0x49, 0x44, 0x04, 0x00, 0x80, 0xbb, 0x36,
 0x49, 0x45, 0x04, 0x00, 0x80, 0xb6, 0x49, 0x46,
 0x04, 0x00, 0x80, 0xb3, 0x49, 0x47, 0x04, 0x00,
 0x80, 0xbb, 0x26, 0x49, 0x48, 0x04, 0x00, 0x80,
 0xb5, 0x49, 0x49, 0x04, 0x00, 0x80, 0xbb, 0x1e,
 0x49, 0x4a, 0x04, 0x00, 0x80, 0xb5, 0x49, 0x4b,
 0x04, 0x00, 0x80, 0xbb, 0x37, 0x49, 0x4c, 0x04,
 0x00, 0x80, 0xb5, 0x49, 0x4d, 0x04, 0x00, 0x80,
 0xbb, 0x22, 0x49, 0x4e, 0x04, 0x00, 0x80, 0xbc,
 0xea, 0xfe, 0x49, 0x4f, 0x04, 0x00, 0x80, 0xb5,
 0x49, 0x50, 0x04, 0x00, 0x80, 0xbc, 0x8c, 0x00,
 0x49, 0x51, 0x04, 0x00, 0x80, 0xb6, 0x49, 0x52,
 0x04, 0x00, 0x80, 0xb3, 0x49, 0x53, 0x04, 0x00,
 0x80, 0xbb, 0x09, 0x49, 0x54, 0x04, 0x00, 0x80,
 0xb5, 0x49, 0x55, 0x04, 0x00, 0x80, 0xbc, 0x8d,
 0x00, 0x49, 0x56, 0x04, 0x00, 0x80, 0xb5, 0x49,
 0x57, 0x04, 0x00, 0x80, 0xbc, 0x8e, 0x00, 0x49,
 0x58, 0x04, 0x00, 0x80, 0xb5, 0x49, 0x59, 0x04,
 0x00, 0x80, 0xbb, 0x38, 0x49, 0x5a, 0x04, 0x00,
 0x80, 0xb6, 0x49, 0x5b, 0x04, 0x00, 0x80, 0xb3,
 0x49, 0x5c, 0x04, 0x00, 0x80, 0xbb, 0x0b, 0x49,
 0x5d, 0x04, 0x00, 0x80, 0xb5, 0x49, 0x5e, 0x04,
 0x00, 0x80, 0xba, 0x49, 0x5f, 0x04, 0x00, 0x80,
 0xbb, 0xb8, 0x49, 0x60, 0x04, 0x00, 0x80, 0xb6,
 0x49, 0x61, 0x04, 0x00, 0x80, 0xb3, 0x49, 0x62,
 0x04, 0x00, 0x80, 0xb6, 0x49, 0x63, 0x04, 0x00,
 0x80, 0xb5, 0x49, 0x64, 0x04, 0x00, 0x80, 0xbc,
 0x8f, 0x00, 0x49, 0x65, 0x04, 0x00, 0x80, 0xb3,
 0x49, 0x66, 0x04, 0x00, 0x80, 0x01, 0xff, 0x01,
 0xff, 0x63, 0x49, 0x67, 0x04, 0x00, 0x80, 0xbc,
 0x7e, 0xff, 0x49, 0x68, 0x04, 0x00, 0x80, 0xb5,
 0x49, 0x69, 0x04, 0x00, 0x80, 0xbb, 0x1a, 0x49,
 0x6a, 0x04, 0x00, 0x80, 0xbb, 0xf0, 0x49, 0x6b,
 0x04, 0x00, 0x80, 0xb5, 0x49, 0x6c, 0x04, 0x00,
 0x80, 0xb3, 0x49, 0x6d, 0x04, 0x00, 0x80, 0xb5,
 0x49, 0x6e, 0x04, 0x00, 0x80, 0xbb, 0x18, 0x49,
 0x6f, 0x04, 0x00, 0x80, 0xb5, 0x49, 0x70, 0x04,
 0x00, 0x80, 0xbb, 0x26, 0x49, 0x71, 0x04, 0x00,
 0x80, 0xbb, 0xf0, 0x49, 0x72, 0x04, 0x00, 0x80,
 0xb3, 0x49, 0x73, 0x04, 0x00, 0x80, 0xbd, 0x3f,
 0x49, 0x74, 0x04, 0x00, 0x80, 0xb3, 0x49, 0x75,
 0x04, 0x00, 0x80, 0xbc, 0xe7, 0x0f, 0x49, 0x76,
 0x04, 0x00, 0x80, 0xb3, 0x49, 0x77, 0x04, 0x00,
 0x80, 0xbc, 0x00, 0x3c, 0x49, 0x78, 0x04, 0x00,
 0x80, 0xbb, 0xfc, 0x49, 0x79, 0x04, 0x00, 0x80,
 0xb5, 0x49, 0x7a, 0x04, 0x00, 0x80, 0xbb, 0x39,
 0x49, 0x7b, 0x04, 0x00, 0x80, 0xbb, 0xf3, 0x49,
 0x7c, 0x04, 0x00, 0x80, 0xb6, 0x49, 0x7d, 0x04,
 0x00, 0x80, 0xb3, 0x49, 0x7e, 0x04, 0x00, 0x80,
 0xb5, 0x49, 0x7f, 0x04, 0x00, 0x80, 0xb5, 0x49,
 0x80, 0x04, 0x00, 0x80, 0xbb, 0x3a, 0x49, 0x81,
 0x04, 0x00, 0x80, 0xb5, 0x49, 0x82, 0x04, 0x00,
 0x80, 0xb3, 0x49, 0x83, 0x04, 0x00, 0x80, 0xb5,
 0x49, 0x84, 0x04, 0x00, 0x80, 0xbc, 0x91, 0x00,
 0x49, 0x85, 0x04, 0x00, 0x80, 0xb5, 0x49, 0x86,
 0x04, 0x00, 0x80, 0xbc, 0x92, 0x00, 0x49, 0x87,
 0x04, 0x00, 0x80, 0xb5, 0x49, 0x88, 0x04, 0x00,
 0x80, 0xbb, 0x3e, 0x49, 0x89, 0x04, 0x00, 0x80,
 0xb5, 0x49, 0x8a, 0x04, 0x00, 0x80, 0xb3, 0x49,
 0x8b, 0x04, 0x00, 0x80, 0xb5, 0x49, 0x8c, 0x04,
 0x00, 0x80, 0xbc, 0x93, 0x00, 0x49, 0x8d, 0x04,
 0x00, 0x80, 0xb5, 0x49, 0x8e, 0x04, 0x00, 0x80,
 0xbc, 0x94, 0x00, 0x49, 0x8f, 0x04, 0x00, 0x80,
 0xb5, 0x49, 0x90, 0x04, 0x00, 0x80, 0xbc, 0x95,
 0x00, 0x49, 0x91, 0x04, 0x00, 0x80, 0xb6, 0x49,
 0x92, 0x04, 0x00, 0x80, 0xb3, 0x49, 0x93, 0x04,
 0x00, 0x80, 0xbb, 0x0a, 0x49, 0x94, 0x04, 0x00,
 0x80, 0xb5, 0x49, 0x95, 0x04, 0x00, 0x80, 0xbc,
 0x96, 0x00, 0x49, 0x96, 0x04, 0x00, 0x80, 0xb5,
 0x49, 0x97, 0x04, 0x00, 0x80, 0xbc, 0x97, 0x00,
 0x49, 0x98, 0x04, 0x00, 0x80, 0xb5, 0x49, 0x99,
 0x04, 0x00, 0x80, 0xbb, 0x16, 0x49, 0x9a, 0x04,
 0x00, 0x80, 0xb6, 0x49, 0x9b, 0x04, 0x00, 0x80,
 0xbb, 0x3a, 0x49, 0x9c, 0x04, 0x00, 0x80, 0xb5,
 0x49, 0x9d, 0x04, 0x00, 0x80, 0xb6, 0x49, 0x9e,
 0x04, 0x00, 0x80, 0xbc, 0x98, 0x00, 0x49, 0x9f,
 0x04, 0x00, 0x80, 0xb5, 0x49, 0xa0, 0x04, 0x00,
 0x80, 0xb6, 0x49, 0xa1, 0x04, 0x00, 0x80, 0xbb,
 0x3b, 0x49, 0xa2, 0x04, 0x00, 0x80, 0xb5, 0x49,
 0xa3, 0x04, 0x00, 0x80, 0xb3, 0x49, 0xa4, 0x04,
 0x00, 0x80, 0xbd, 0x40, 0x49, 0xa5, 0x04, 0x00,
 0x80, 0xb5, 0x49, 0xa6, 0x04, 0x00, 0x80, 0xb3,
 0x49, 0xa7, 0x04, 0x00, 0x80, 0xbb, 0xf0, 0x49,
 0xa8, 0x04, 0x00, 0x80, 0xb5, 0x49, 0xa9, 0x04,
 0x00, 0x80, 0xb3, 0x49, 0xaa, 0x04, 0x00, 0x80,
 0xb5, 0x49, 0xab, 0x04, 0x00, 0x80, 0xbb, 0x5c,
 0x49, 0xac, 0x04, 0x00, 0x80, 0xb5, 0x49, 0xad,
 0x04, 0x00, 0x80, 0xb3, 0x49, 0xae, 0x04, 0x00,
 0x80, 0xb3, 0x49, 0xaf, 0x04, 0x00, 0x80, 0x01,
 0xff, 0x1f, 0x20, 0x00, 0x49, 0xb0, 0x04, 0x00,
 0x80, 0xb3, 0x49, 0xb1, 0x04, 0x00, 0x80, 0xbd,
 0x41, 0x49, 0xb2, 0x04, 0x00, 0x80, 0xb3, 0x49,
 0xb3, 0x04, 0x00, 0x80, 0x01, 0xfe, 0xff, 0x00,
 0x00, 0x49, 0xb4, 0x04, 0x00, 0x80, 0xbb, 0xde,
 0x49, 0xb5, 0x04, 0x00, 0x80, 0xb5, 0x49, 0xb6,
 0x04, 0x00, 0x80, 0xbb, 0x08, 0x49, 0xb7, 0x04,
 0x00, 0x80, 0xb5, 0x49, 0xb8, 0x04, 0x00, 0x80,
 0xbc, 0x9a, 0x00, 0x49, 0xb9, 0x04, 0x00, 0x80,
 0xbb, 0xfa, 0x49, 0xba, 0x04, 0x00, 0x80, 0xb3,
 0x49, 0xbb, 0x04, 0x00, 0x80, 0xbd, 0x42, 0x49,
 0xbc, 0x04, 0x00, 0x80, 0xb3, 0x49, 0xbd, 0x04,
 0x00, 0x80, 0xbd, 0x43, 0x49, 0xbe, 0x04, 0x00,
 0x80, 0xb5, 0x49, 0xbf, 0x04, 0x00, 0x80, 0xb3,
 0x49, 0xc0, 0x04, 0x00, 0x80, 0xb5, 0x49, 0xc1,
 0x04, 0x00, 0x80, 0xbb, 0x3c, 0x49, 0xc2, 0x04,
 0x00, 0x80, 0xb5, 0x49, 0xc3, 0x04, 0x00, 0x80,
 0xbb, 0x64, 0x49, 0xc4, 0x04, 0x00, 0x80, 0xbb,
 0xfd, 0x49, 0xc5, 0x04, 0x00, 0x80, 0xb5, 0x49,
 0xc6, 0x04, 0x00, 0x80, 0xb3, 0x49, 0xc7, 0x04,
 0x00, 0x80, 0xb3, 0x49, 0xc8, 0x04, 0x00, 0x80,
 0x01, 0xff, 0x1f, 0xff, 0x3f, 0x49, 0xc9, 0x04,
 0x00, 0x80, 0xb3, 0x49, 0xca, 0x04, 0x00, 0x80,
 0xbc, 0xff, 0x43, 0x49, 0xcb, 0x04, 0x00, 0x80,
 0xbb, 0xf7, 0x49, 0xcc, 0x04, 0x00, 0x80, 0xb5,
 0x49, 0xcd, 0x04, 0x00, 0x80, 0xbb, 0x12, 0x49,
 0xce, 0x04, 0x00, 0x80, 0xb5, 0x49, 0xcf, 0x04,
 0x00, 0x80, 0xbb, 0x11, 0x49, 0xd0, 0x04, 0x00,
 0x80, 0xb5, 0x49, 0xd1, 0x04, 0x00, 0x80, 0xb3,
 0x49, 0xd2, 0x04, 0x00, 0x80, 0xb5, 0x49, 0xd3,
 0x04, 0x00, 0x80, 0xbb, 0x20, 0x49, 0xd4, 0x04,
 0x00, 0x80, 0xbb, 0xf2, 0x49, 0xd5, 0x04, 0x00,
 0x80, 0xb5, 0x49, 0xd6, 0x04, 0x00, 0x80, 0xbb,
 0x12, 0x49, 0xd7, 0x04, 0x00, 0x80, 0xb5, 0x49,
 0xd8, 0x04, 0x00, 0x80, 0xbb, 0x20, 0x49, 0xd9,
 0x04, 0x00, 0x80, 0xbb, 0xfa, 0x49, 0xda, 0x04,
 0x00, 0x80, 0xb5, 0x49, 0xdb, 0x04, 0x00, 0x80,
 0xbb, 0x12, 0x49, 0xdc, 0x04, 0x00, 0x80, 0xb5,
 0x49, 0xdd, 0x04, 0x00, 0x80, 0xbb, 0x0c, 0x49,
 0xde, 0x04, 0x00, 0x80, 0xbb, 0xf1, 0x49, 0xdf,
 0x04, 0x00, 0x80, 0xb5, 0x49, 0xe0, 0x04, 0x00,
 0x80, 0xbc, 0x9b, 0x00, 0x49, 0xe1, 0x04, 0x00,
 0x80, 0xb6, 0x49, 0xe2, 0x04, 0x00, 0x80, 0xb3,
 0x49, 0xe3, 0x04, 0x00, 0x80, 0xb9, 0x49, 0xe4,
 0x04, 0x00, 0x80, 0xb3, 0x49, 0xe5, 0x04, 0x00,
 0x80, 0x01, 0x1f, 0x00, 0x7f, 0x00, 0x49, 0xe6,
 0x04, 0x00, 0x80, 0xb2, 0x49, 0xe7, 0x04, 0x00,
 0x80, 0xb6, 0x49, 0xe8, 0x04, 0x00, 0x80, 0xb3,
 0x49, 0xe9, 0x04, 0x00, 0x80, 0xb5, 0x49, 0xea,
 0x04, 0x00, 0x80, 0xb5, 0x49, 0xeb, 0x04, 0x00,
 0x80, 0xbb, 0x3d, 0x49, 0xec, 0x04, 0x00, 0x80,
 0xbb, 0xdb, 0x49, 0xed, 0x04, 0x00, 0x80, 0xb5,
 0x49, 0xee, 0x04, 0x00, 0x80, 0xbb, 0x3e, 0x49,
 0xef, 0x04, 0x00, 0x80, 0xb5, 0x49, 0xf0, 0x04,
 0x00, 0x80, 0xbc, 0x9c, 0x00, 0x49, 0xf1, 0x04,
 0x00, 0x80, 0xb5, 0x49, 0xf2, 0x04, 0x00, 0x80,
 0xbc, 0x9d, 0x00, 0x49, 0xf3, 0x04, 0x00, 0x80,
 0xb5, 0x49, 0xf4, 0x04, 0x00, 0x80, 0xbc, 0x9e,
 0x00, 0x49, 0xf5, 0x04, 0x00, 0x80, 0xb5, 0x49,
 0xf6, 0x04, 0x00, 0x80, 0xbc, 0x9f, 0x00, 0x49,
 0xf7, 0x04, 0x00, 0x80, 0xb5, 0x49, 0xf8, 0x04,
 0x00, 0x80, 0xbc, 0xa0, 0x00, 0x49, 0xf9, 0x04,
 0x00, 0x80, 0xbb, 0x97, 0x49, 0xfa, 0x04, 0x00,
 0x80, 0xb5, 0x49, 0xfb, 0x04, 0x00, 0x80, 0xbb,
 0x1a, 0x49, 0xfc, 0x04, 0x00, 0x80, 0xbb, 0xe0,
 0x49, 0xfd, 0x04, 0x00, 0x80, 0xb6, 0x49, 0xfe,
 0x04, 0x00, 0x80, 0xb3, 0x49, 0xff, 0x04, 0x00,
 0x80, 0xbc, 0x37, 0x05, 0x49, 0x00, 0x05, 0x00,
 0x80, 0xb2, 0x49, 0x01, 0x05, 0x00, 0x80, 0xb6,
 0x49, 0x02, 0x05, 0x00, 0x80, 0xb3, 0x49, 0x03,
 0x05, 0x00, 0x80, 0xbc, 0x81, 0x00, 0x49, 0x04,
 0x05, 0x00, 0x80, 0xb5, 0x49, 0x05, 0x05, 0x00,
 0x80, 0xbb, 0x20, 0x49, 0x06, 0x05, 0x00, 0x80,
 0xb6, 0x49, 0x07, 0x05, 0x00, 0x80, 0xb3, 0x49,
 0x08, 0x05, 0x00, 0x80, 0xb9, 0x49, 0x09, 0x05,
 0x00, 0x80, 0xb5, 0x49, 0x0a, 0x05, 0x00, 0x80,
 0xbb, 0x0a, 0x49, 0x0b, 0x05, 0x00, 0x80, 0xb6,
 0x49, 0x0c, 0x05, 0x00, 0x80, 0xb3, 0x49, 0x0d,
 0x05, 0x00, 0x80, 0xbc, 0xb4, 0x00, 0x49, 0x0e,
 0x05, 0x00, 0x80, 0xb5, 0x49, 0x0f, 0x05, 0x00,
 0x80, 0xbc, 0xa1, 0x00, 0x49, 0x10, 0x05, 0x00,
 0x80, 0xb6, 0x49, 0x11, 0x05, 0x00, 0x80, 0xb3,
 0x49, 0x12, 0x05, 0x00, 0x80, 0xbc, 0xe9, 0x00,
 0x49, 0x13, 0x05, 0x00, 0x80, 0xb5, 0x49, 0x14,
 0x05, 0x00, 0x80, 0xbc, 0xa2, 0x00, 0x49, 0x15,
 0x05, 0x00, 0x80, 0xb6, 0x49, 0x16, 0x05, 0x00,
 0x80, 0xb3, 0x49, 0x17, 0x05, 0x00, 0x80, 0xbb,
 0x12, 0x49, 0x18, 0x05, 0x00, 0x80, 0xb5, 0x49,
 0x19, 0x05, 0x00, 0x80, 0xbb, 0x0a, 0x49, 0x1a,
 0x05, 0x00, 0x80, 0xbb, 0xb3, 0x49, 0x1b, 0x05,
 0x00, 0x80, 0xb6, 0x49, 0x1c, 0x05, 0x00, 0x80,
 0xb3, 0x49, 0x1d, 0x05, 0x00, 0x80, 0xbb, 0x10,
 0x49, 0x1e, 0x05, 0x00, 0x80, 0xb5, 0x49, 0x1f,
 0x05, 0x00, 0x80, 0xbb, 0x0a, 0x49, 0x20, 0x05,
 0x00, 0x80, 0xbb, 0xd1, 0x49, 0x21, 0x05, 0x00,
 0x80, 0xb6, 0x49, 0x22, 0x05, 0x00, 0x80, 0xb3,
 0x49, 0x23, 0x05, 0x00, 0x80, 0xbc, 0x9a, 0x00,
 0x49, 0x24, 0x05, 0x00, 0x80, 0xb5, 0x49, 0x25,
 0x05, 0x00, 0x80, 0xb9, 0x49, 0x26, 0x05, 0x00,
 0x80, 0xb6, 0x49, 0x27, 0x05, 0x00, 0x80, 0xb3,
 0x49, 0x28, 0x05, 0x00, 0x80, 0xbc, 0x82, 0x00,
 0x49, 0x29, 0x05, 0x00, 0x80, 0xb5, 0x49, 0x2a,
 0x05, 0x00, 0x80, 0xbb, 0x19, 0x49, 0x2b, 0x05,
 0x00, 0x80, 0xbc, 0x16, 0xa9, 0x49, 0x2c, 0x05,
 0x00, 0x80, 0xb6, 0x49, 0x2d, 0x05, 0x00, 0x80,
 0xb3, 0x49, 0x2e, 0x05, 0x00, 0x80, 0xba, 0x49,
 0x2f, 0x05, 0x00, 0x80, 0xb5, 0x49, 0x30, 0x05,
 0x00, 0x80, 0xbb, 0x19, 0x49, 0x31, 0x05, 0x00,
 0x80, 0xbc, 0x0e, 0xe8, 0x49, 0x32, 0x05, 0x00,
 0x80, 0xb6, 0x49, 0x33, 0x05, 0x00, 0x80, 0xb8,
 0x49, 0x34, 0x05, 0x00, 0x80, 0xb5, 0x49, 0x35,
 0x05, 0x00, 0x80, 0xb2, 0x49, 0x36, 0x05, 0x00,
 0x80, 0xb3, 0x49, 0x37, 0x05, 0x00, 0x80, 0x01,
 0x00, 0x04, 0x20, 0x04, 0x49, 0x38, 0x05, 0x00,
 0x80, 0xb6, 0x49, 0x39, 0x05, 0x00, 0x80, 0xbb,
 0x2c, 0x49, 0x3a, 0x05, 0x00, 0x80, 0xb5, 0x49,
 0x3b, 0x05, 0x00, 0x80, 0xb6, 0x49, 0x3c, 0x05,
 0x00, 0x80, 0xb3, 0x49, 0x3d, 0x05, 0x00, 0x80,
 0xbb, 0x0e, 0x49, 0x3e, 0x05, 0x00, 0x80, 0xb5,
 0x49, 0x3f, 0x05, 0x00, 0x80, 0xbb, 0x3f, 0x49,
 0x40, 0x05, 0x00, 0x80, 0xb5, 0x49, 0x41, 0x05,
 0x00, 0x80, 0xbb, 0x40, 0x49, 0x42, 0x05, 0x00,
 0x80, 0xbb, 0xfd, 0x49, 0x43, 0x05, 0x00, 0x80,
 0xb3, 0x49, 0x44, 0x05, 0x00, 0x80, 0xbd, 0x44,
 0x49, 0x45, 0x05, 0x00, 0x80, 0xb3, 0x49, 0x46,
 0x05, 0x00, 0x80, 0xbd, 0x45, 0x49, 0x47, 0x05,
 0x00, 0x80, 0xb5, 0x49, 0x48, 0x05, 0x00, 0x80,
 0xb4, 0x49, 0x49, 0x05, 0x00, 0x80, 0xb5, 0x49,
 0x4a, 0x05, 0x00, 0x80, 0xb3, 0x49, 0x4b, 0x05,
 0x00, 0x80, 0xb5, 0x49, 0x4c, 0x05, 0x00, 0x80,
 0xbb, 0x29, 0x49, 0x4d, 0x05, 0x00, 0x80, 0xb6,
 0x49, 0x4e, 0x05, 0x00, 0x80, 0xb3, 0x49, 0x4f,
 0x05, 0x00, 0x80, 0xb7, 0x49, 0x50, 0x05, 0x00,
 0x80, 0xb3, 0x49, 0x51, 0x05, 0x00, 0x80, 0xbd,
 0x46, 0x49, 0x52, 0x05, 0x00, 0x80, 0xb6, 0x49,
 0x53, 0x05, 0x00, 0x80, 0xb3, 0x49, 0x54, 0x05,
 0x00, 0x80, 0xb7, 0x49, 0x55, 0x05, 0x00, 0x80,
 0xb5, 0x49, 0x56, 0x05, 0x00, 0x80, 0xbb, 0x10,
 0x49, 0x57, 0x05, 0x00, 0x80, 0xb5, 0x49, 0x58,
 0x05, 0x00, 0x80, 0xbb, 0x41, 0x49, 0x59, 0x05,
 0x00, 0x80, 0xb5, 0x49, 0x5a, 0x05, 0x00, 0x80,
 0xb3, 0x49, 0x5b, 0x05, 0x00, 0x80, 0xb5, 0x49,
 0x5c, 0x05, 0x00, 0x80, 0xbb, 0x22, 0x49, 0x5d,
 0x05, 0x00, 0x80, 0xb2, 0x49, 0x5e, 0x05, 0x00,
 0x80, 0xb5, 0x49, 0x5f, 0x05, 0x00, 0x80, 0xbb,
 0x12, 0x49, 0x60, 0x05, 0x00, 0x80, 0xb5, 0x49,
 0x61, 0x05, 0x00, 0x80, 0xbb, 0x42, 0x49, 0x62,
 0x05, 0x00, 0x80, 0xb2, 0x49, 0x63, 0x05, 0x00,
 0x80, 0xb5, 0x49, 0x64, 0x05, 0x00, 0x80, 0xb3,
 0x49, 0x65, 0x05, 0x00, 0x80, 0xb3, 0x49, 0x66,
 0x05, 0x00, 0x80, 0xbc, 0xff, 0x07, 0x49, 0x67,
 0x05, 0x00, 0x80, 0xb3, 0x49, 0x68, 0x05, 0x00,
 0x80, 0xbd, 0x47, 0x49, 0x69, 0x05, 0x00, 0x80,
 0xb6, 0x49, 0x6a, 0x05, 0x00, 0x80, 0xb3, 0x49,
 0x6b, 0x05, 0x00, 0x80, 0xb5, 0x49, 0x6c, 0x05,
 0x00, 0x80, 0xb3, 0x49, 0x6d, 0x05, 0x00, 0x80,
 0x01, 0xff, 0xff, 0x2f, 0x00, 0x49, 0x6e, 0x05,
 0x00, 0x80, 0xb3, 0x49, 0x6f, 0x05, 0x00, 0x80,
 0xbd, 0x48, 0x49, 0x70, 0x05, 0x00, 0x80, 0xb3,
 0x49, 0x71, 0x05, 0x00, 0x80, 0xbd, 0x49, 0x49,
 0x72, 0x05, 0x00, 0x80, 0xb5, 0x49, 0x73, 0x05,
 0x00, 0x80, 0xbb, 0x19, 0x49, 0x74, 0x05, 0x00,
 0x80, 0xb5, 0x49, 0x75, 0x05, 0x00, 0x80, 0xbb,
 0x43, 0x49, 0x76, 0x05, 0x00, 0x80, 0xb6, 0x49,
 0x77, 0x05, 0x00, 0x80, 0xb3, 0x49, 0x78, 0x05,
 0x00, 0x80, 0xb5, 0x49, 0x79, 0x05, 0x00, 0x80,
 0xb3, 0x49, 0x7a, 0x05, 0x00, 0x80, 0x01, 0x3f,
 0x00, 0x02, 0x00, 0x49, 0x7b, 0x05, 0x00, 0x80,
 0xb5, 0x49, 0x7c, 0x05, 0x00, 0x80, 0xbb, 0x62,
 0x49, 0x7d, 0x05, 0x00, 0x80, 0xb3, 0x49, 0x7e,
 0x05, 0x00, 0x80, 0x01, 0xff, 0x07, 0x30, 0x04,
 0x49, 0x7f, 0x05, 0x00, 0x80, 0xb3, 0x49, 0x80,
 0x05, 0x00, 0x80, 0x01, 0xff, 0xff, 0x3f, 0x04,
 0x49, 0x81, 0x05, 0x00, 0x80, 0xb3, 0x49, 0x82,
 0x05, 0x00, 0x80, 0xbc, 0x10, 0x01, 0x49, 0x83,
 0x05, 0x00, 0x80, 0xb5, 0x49, 0x84, 0x05, 0x00,
 0x80, 0xbb, 0x2a, 0x49, 0x85, 0x05, 0x00, 0x80,
 0xb5, 0x49, 0x86, 0x05, 0x00, 0x80, 0xb9, 0x49,
 0x87, 0x05, 0x00, 0x80, 0xb3, 0x49, 0x88, 0x05,
 0x00, 0x80, 0xbc, 0xff, 0x7e, 0x49, 0x89, 0x05,
 0x00, 0x80, 0xb5, 0x49, 0x8a, 0x05, 0x00, 0x80,
 0xb3, 0x49, 0x8b, 0x05, 0x00, 0x80, 0xb5, 0x49,
 0x8c, 0x05, 0x00, 0x80, 0xbb, 0x31, 0x49, 0x8d,
 0x05, 0x00, 0x80, 0xb2, 0x49, 0x8e, 0x05, 0x00,
 0x80, 0xb5, 0x49, 0x8f, 0x05, 0x00, 0x80, 0xbb,
 0x63, 0x49, 0x90, 0x05, 0x00, 0x80, 0xb5, 0x49,
 0x91, 0x05, 0x00, 0x80, 0xbb, 0x44, 0x49, 0x92,
 0x05, 0x00, 0x80, 0xb3, 0x49, 0x93, 0x05, 0x00,
 0x80, 0xbd, 0x4a, 0x49, 0x94, 0x05, 0x00, 0x80,
 0xb3, 0x49, 0x95, 0x05, 0x00, 0x80, 0xbd, 0x4b,
 0x49, 0x96, 0x05, 0x00, 0x80, 0xb3, 0x49, 0x97,
 0x05, 0x00, 0x80, 0xbd, 0x4c, 0x49, 0x98, 0x05,
 0x00, 0x80, 0xb3, 0x49, 0x99, 0x05, 0x00, 0x80,
 0x01, 0xff, 0xfd, 0xc5, 0x23, 0x49, 0x9a, 0x05,
 0x00, 0x80, 0xb3, 0x49, 0x9b, 0x05, 0x00, 0x80,
 0xbd, 0x4d, 0x49, 0x9c, 0x05, 0x00, 0x80, 0xb3,
 0x49, 0x9d, 0x05, 0x00, 0x80, 0x01, 0x03, 0x00,
 0x03, 0x10, 0x49, 0x9e, 0x05, 0x00, 0x80, 0xb3,
 0x49, 0x9f, 0x05, 0x00, 0x80, 0xbd, 0x4e, 0x49,
 0xa0, 0x05, 0x00, 0x80, 0xb3, 0x49, 0xa1, 0x05,
 0x00, 0x80, 0x01, 0xff, 0xfd, 0x6d, 0x03, 0x49,
 0xa2, 0x05, 0x00, 0x80, 0xb3, 0x49, 0xa3, 0x05,
 0x00, 0x80, 0x01, 0x00, 0x00, 0x00, 0x5e, 0x49,
 0xa4, 0x05, 0x00, 0x80, 0xb3, 0x49, 0xa5, 0x05,
 0x00, 0x80, 0x01, 0x00, 0x00, 0x1c, 0x00, 0x49,
 0xa6, 0x05, 0x00, 0x80, 0xb3, 0x49, 0xa7, 0x05,
 0x00, 0x80, 0xbd, 0x4f, 0x49, 0xa8, 0x05, 0x00,
 0x80, 0xb5, 0x49, 0xa9, 0x05, 0x00, 0x80, 0xbb,
 0x46, 0x49, 0xaa, 0x05, 0x00, 0x80, 0xb5, 0x49,
 0xab, 0x05, 0x00, 0x80, 0xbb, 0x45, 0x49, 0xac,
 0x05, 0x00, 0x80, 0xb3, 0x49, 0xad, 0x05, 0x00,
 0x80, 0x01, 0x03, 0x00, 0x00, 0x02, 0x49, 0xae,
 0x05, 0x00, 0x80, 0xb5, 0x49, 0xaf, 0x05, 0x00,
 0x80, 0xbc, 0x83, 0x00, 0x49, 0xb0, 0x05, 0x00,
 0x80, 0xb5, 0x49, 0xb1, 0x05, 0x00, 0x80, 0xbb,
 0x46, 0x49, 0xb2, 0x05, 0x00, 0x80, 0xb3, 0x49,
 0xb3, 0x05, 0x00, 0x80, 0xbd, 0x50, 0x49, 0xb4,
 0x05, 0x00, 0x80, 0xb3, 0x49, 0xb5, 0x05, 0x00,
 0x80, 0x01, 0x03, 0x00, 0x02, 0x00, 0x49, 0xb6,
 0x05, 0x00, 0x80, 0xb3, 0x49, 0xb7, 0x05, 0x00,
 0x80, 0xbd, 0x51, 0x49, 0xb8, 0x05, 0x00, 0x80,
 0xb3, 0x49, 0xb9, 0x05, 0x00, 0x80, 0x01, 0x18,
 0xc7, 0xff, 0x03, 0x49, 0xba, 0x05, 0x00, 0x80,
 0xb5, 0x49, 0xbb, 0x05, 0x00, 0x80, 0xbb, 0x45,
 0x49, 0xbc, 0x05, 0x00, 0x80, 0xb2, 0x49, 0xbd,
 0x05, 0x00, 0x80, 0xb3, 0x49, 0xbe, 0x05, 0x00,
 0x80, 0xbd, 0x52, 0x49, 0xbf, 0x05, 0x00, 0x80,
 0xb3, 0x49, 0xc0, 0x05, 0x00, 0x80, 0x01, 0xff,
 0xfd, 0xff, 0x23, 0x49, 0xc1, 0x05, 0x00, 0x80,
 0xb3, 0x49, 0xc2, 0x05, 0x00, 0x80, 0x01, 0x00,
 0x00, 0x00, 0x27, 0x49, 0xc3, 0x05, 0x00, 0x80,
 0xb3, 0x49, 0xc4, 0x05, 0x00, 0x80, 0xb6, 0x49,
 0xc5, 0x05, 0x00, 0x80, 0xb3, 0x49, 0xc6, 0x05,
 0x00, 0x80, 0xbd, 0x53, 0x49, 0xc7, 0x05, 0x00,
 0x80, 0xb3, 0x49, 0xc8, 0x05, 0x00, 0x80, 0x01,
 0xff, 0xfd, 0xef, 0x23, 0x49, 0xc9, 0x05, 0x00,
 0x80, 0xb3, 0x49, 0xca, 0x05, 0x00, 0x80, 0x01,
 0x00, 0x00, 0x00, 0x60, 0x49, 0xcb, 0x05, 0x00,
 0x80, 0xb3, 0x49, 0xcc, 0x05, 0x00, 0x80, 0x01,
 0x03, 0x00, 0x06, 0x00, 0x49, 0xcd, 0x05, 0x00,
 0x80, 0xb3, 0x49, 0xce, 0x05, 0x00, 0x80, 0xbd,
 0x54, 0x49, 0xcf, 0x05, 0x00, 0x80, 0xb3, 0x49,
 0xd0, 0x05, 0x00, 0x80, 0x01, 0xff, 0xff, 0xff,
 0x27, 0x49, 0xd1, 0x05, 0x00, 0x80, 0xb3, 0x49,
 0xd2, 0x05, 0x00, 0x80, 0xbd, 0x55, 0x49, 0xd3,
 0x05, 0x00, 0x80, 0xb3, 0x49, 0xd4, 0x05, 0x00,
 0x80, 0xbd, 0x56, 0x49, 0xd5, 0x05, 0x00, 0x80,
 0xb3, 0x49, 0xd6, 0x05, 0x00, 0x80, 0xbd, 0x57,
 0x49, 0xd7, 0x05, 0x00, 0x80, 0xb5, 0x49, 0xd8,
 0x05, 0x00, 0x80, 0xbb, 0x47, 0x49, 0xd9, 0x05,
 0x00, 0x80, 0xb5, 0x49, 0xda, 0x05, 0x00, 0x80,
 0xbb, 0x26, 0x49, 0xdb, 0x05, 0x00, 0x80, 0xb2,
 0x49, 0xdc, 0x05, 0x00, 0x80, 0xb5, 0x49, 0xdd,
 0x05, 0x00, 0x80, 0xb7, 0x49, 0xde, 0x05, 0x00,
 0x80, 0xb3, 0x49, 0xdf, 0x05, 0x00, 0x80, 0x01,
 0xff, 0xff, 0x0d, 0x00, 0x49, 0xe0, 0x05, 0x00,
 0x80, 0xb5, 0x49, 0xe1, 0x05, 0x00, 0x80, 0xbb,
 0x26, 0x49, 0xe2, 0x05, 0x00, 0x80, 0xb2, 0x49,
 0xe3, 0x05, 0x00, 0x80, 0xb5, 0x49, 0xe4, 0x05,
 0x00, 0x80, 0xbb, 0x48, 0x49, 0xe5, 0x05, 0x00,
 0x80, 0xb3, 0x49, 0xe6, 0x05, 0x00, 0x80, 0x01,
 0xaf, 0xff, 0x0d, 0x20, 0x49, 0xe7, 0x05, 0x00,
 0x80, 0xb3, 0x49, 0xe8, 0x05, 0x00, 0x80, 0xbd,
 0x58, 0x49, 0xe9, 0x05, 0x00, 0x80, 0xb2, 0x49,
 0xea, 0x05, 0x00, 0x80, 0xb3, 0x49, 0xeb, 0x05,
 0x00, 0x80, 0xb4, 0x49, 0xec, 0x05, 0x00, 0x80,
 0xb2, 0x49, 0xed, 0x05, 0x00, 0x80, 0xb5, 0x49,
 0xee, 0x05, 0x00, 0x80, 0xbb, 0x21, 0x49, 0xef,
 0x05, 0x00, 0x80, 0xb5, 0x49, 0xf0, 0x05, 0x00,
 0x80, 0xbb, 0x49, 0x49, 0xf1, 0x05, 0x00, 0x80,
 0xb3, 0x49, 0xf2, 0x05, 0x00, 0x80, 0xbc, 0x00,
 0x1f, 0x49, 0xf3, 0x05, 0x00, 0x80, 0xbb, 0xfd,
 0x49, 0xf4, 0x05, 0x00, 0x80, 0xb5, 0x49, 0xf5,
 0x05, 0x00, 0x80, 0xb3, 0x49, 0xf6, 0x05, 0x00,
 0x80, 0xb3, 0x49, 0xf7, 0x05, 0x00, 0x80, 0xbd,
 0x59, 0x49, 0xf8, 0x05, 0x00, 0x80, 0xb3, 0x49,
 0xf9, 0x05, 0x00, 0x80, 0x01, 0x00, 0x00, 0x3f,
 0x3c, 0x49, 0xfa, 0x05, 0x00, 0x80, 0xb3, 0x49,
 0xfb, 0x05, 0x00, 0x80, 0xbd, 0x5a, 0x49, 0xfc,
 0x05, 0x00, 0x80, 0xb3, 0x49, 0xfd, 0x05, 0x00,
 0x80, 0xbc, 0x03, 0x40, 0x49, 0xfe, 0x05, 0x00,
 0x80, 0xb5, 0x49, 0xff, 0x05, 0x00, 0x80, 0xb3,
 0x49, 0x00, 0x06, 0x00, 0x80, 0xb5, 0x49, 0x01,
 0x06, 0x00, 0x80, 0xbb, 0x0f, 0x49, 0x02, 0x06,
 0x00, 0x80, 0xb5, 0x49, 0x03, 0x06, 0x00, 0x80,
 0xbb, 0x16, 0x49, 0x04, 0x06, 0x00, 0x80, 0xb6,
 0x49, 0x05, 0x06, 0x00, 0x80, 0xb3, 0x49, 0x06,
 0x06, 0x00, 0x80, 0xbb, 0x0a, 0x49, 0x07, 0x06,
 0x00, 0x80, 0xb5, 0x49, 0x08, 0x06, 0x00, 0x80,
 0xbb, 0x4a, 0x49, 0x09, 0x06, 0x00, 0x80, 0xb5,
 0x49, 0x0a, 0x06, 0x00, 0x80, 0xb3, 0x49, 0x0b,
 0x06, 0x00, 0x80, 0xb5, 0x49, 0x0c, 0x06, 0x00,
 0x80, 0xbb, 0x4b, 0x49, 0x0d, 0x06, 0x00, 0x80,
 0xb5, 0x49, 0x0e, 0x06, 0x00, 0x80, 0xbb, 0x4c,
 0x49, 0x0f, 0x06, 0x00, 0x80, 0xb5, 0x49, 0x10,
 0x06, 0x00, 0x80, 0xbb, 0x4d, 0x49, 0x11, 0x06,
 0x00, 0x80, 0xb5, 0x49, 0x12, 0x06, 0x00, 0x80,
 0xb3, 0x49, 0x13, 0x06, 0x00, 0x80, 0xb5, 0x49,
 0x14, 0x06, 0x00, 0x80, 0xbb, 0x4e, 0x49, 0x15,
 0x06, 0x00, 0x80, 0xb5, 0x49, 0x16, 0x06, 0x00,
 0x80, 0xb3, 0x49, 0x17, 0x06, 0x00, 0x80, 0xb5,
 0x49, 0x18, 0x06, 0x00, 0x80, 0xbb, 0x0c, 0x49,
 0x19, 0x06, 0x00, 0x80, 0xb2, 0x49, 0x1a, 0x06,
 0x00, 0x80, 0xb5, 0x49, 0x1b, 0x06, 0x00, 0x80,
 0xbb, 0x19, 0x49, 0x1c, 0x06, 0x00, 0x80, 0xb6,
 0x49, 0x1d, 0x06, 0x00, 0x80, 0xb3, 0x49, 0x1e,
 0x06, 0x00, 0x80, 0xb5, 0x49, 0x1f, 0x06, 0x00,
 0x80, 0xb5, 0x49, 0x20, 0x06, 0x00, 0x80, 0xbb,
 0x0d, 0x49, 0x21, 0x06, 0x00, 0x80, 0xb5, 0x49,
 0x22, 0x06, 0x00, 0x80, 0xb7, 0x49, 0x23, 0x06,
 0x00, 0x80, 0xb6, 0x49, 0x24, 0x06, 0x00, 0x80,
 0xb3, 0x49, 0x25, 0x06, 0x00, 0x80, 0xbb, 0x12,
 0x49, 0x26, 0x06, 0x00, 0x80, 0xb5, 0x49, 0x27,
 0x06, 0x00, 0x80, 0xbb, 0x4f, 0x49, 0x28, 0x06,
 0x00, 0x80, 0xb5, 0x49, 0x29, 0x06, 0x00, 0x80,
 0xb8, 0x49, 0x2a, 0x06, 0x00, 0x80, 0xb6, 0x49,
 0x2b, 0x06, 0x00, 0x80, 0xb3, 0x49, 0x2c, 0x06,
 0x00, 0x80, 0xb5, 0x49, 0x2d, 0x06, 0x00, 0x80,
 0xb5, 0x49, 0x2e, 0x06, 0x00, 0x80, 0xbb, 0x50,
 0x49, 0x2f, 0x06, 0x00, 0x80, 0xb3, 0x49, 0x30,
 0x06, 0x00, 0x80, 0xbd, 0x5b, 0x49, 0x31, 0x06,
 0x00, 0x80, 0xb6, 0x49, 0x32, 0x06, 0x00, 0x80,
 0xbb, 0x13, 0x49, 0x33, 0x06, 0x00, 0x80, 0xb5,
 0x49, 0x34, 0x06, 0x00, 0x80, 0xb3, 0x49, 0x35,
 0x06, 0x00, 0x80, 0x01, 0xff, 0xdf, 0x01, 0x00,
 0x49, 0x36, 0x06, 0x00, 0x80, 0xb5, 0x49, 0x37,
 0x06, 0x00, 0x80, 0xb3, 0x49, 0x38, 0x06, 0x00,
 0x80, 0xb5, 0x49, 0x39, 0x06, 0x00, 0x80, 0xbb,
 0x09, 0x49, 0x3a, 0x06, 0x00, 0x80, 0xb3, 0x49,
 0x3b, 0x06, 0x00, 0x80, 0x01, 0x00, 0x00, 0x80,
 0x10, 0x49, 0x3c, 0x06, 0x00, 0x80, 0xbb, 0xfe,
 0x49, 0x3d, 0x06, 0x00, 0x80, 0xb6, 0x49, 0x3e,
 0x06, 0x00, 0x80, 0xb3, 0x49, 0x3f, 0x06, 0x00,
 0x80, 0xb5, 0x49, 0x40, 0x06, 0x00, 0x80, 0xb5,
 0x49, 0x41, 0x06, 0x00, 0x80, 0xbb, 0x2a, 0x49,
 0x42, 0x06, 0x00, 0x80, 0xb5, 0x49, 0x43, 0x06,
 0x00, 0x80, 0xb3, 0x49, 0x44, 0x06, 0x00, 0x80,
 0xb3, 0x49, 0x45, 0x06, 0x00, 0x80, 0xbd, 0x5c,
 0x49, 0x46, 0x06, 0x00, 0x80, 0xb5, 0x49, 0x47,
 0x06, 0x00, 0x80, 0xb3, 0x49, 0x48, 0x06, 0x00,
 0x80, 0xb5, 0x49, 0x49, 0x06, 0x00, 0x80, 0xbb,
 0x1e, 0x49, 0x4a, 0x06, 0x00, 0x80, 0xb5, 0x49,
 0x4b, 0x06, 0x00, 0x80, 0xbb, 0x08, 0x49, 0x4c,
 0x06, 0x00, 0x80, 0xb2, 0x49, 0x4d, 0x06, 0x00,
 0x80, 0xb5, 0x49, 0x4e, 0x06, 0x00, 0x80, 0xbb,
 0x12, 0x49, 0x4f, 0x06, 0x00, 0x80, 0xb5, 0x49,
 0x50, 0x06, 0x00, 0x80, 0xbb, 0x33, 0x49, 0x51,
 0x06, 0x00, 0x80, 0xb5, 0x49, 0x52, 0x06, 0x00,
 0x80, 0xb3, 0x49, 0x53, 0x06, 0x00, 0x80, 0xb5,
 0x49, 0x54, 0x06, 0x00, 0x80, 0xbb, 0x51, 0x49,
 0x55, 0x06, 0x00, 0x80, 0xb5, 0x49, 0x56, 0x06,
 0x00, 0x80, 0xbb, 0x31, 0x49, 0x57, 0x06, 0x00,
 0x80, 0xb2, 0x49, 0x58, 0x06, 0x00, 0x80, 0xb5,
 0x49, 0x59, 0x06, 0x00, 0x80, 0xbb, 0x15, 0x49,
 0x5a, 0x06, 0x00, 0x80, 0xb5, 0x49, 0x5b, 0x06,
 0x00, 0x80, 0xb3, 0x49, 0x5c, 0x06, 0x00, 0x80,
 0xb5, 0x49, 0x5d, 0x06, 0x00, 0x80, 0xbb, 0x1d,
 0x49, 0x5e, 0x06, 0x00, 0x80, 0xbb, 0xfe, 0x49,
 0x5f, 0x06, 0x00, 0x80, 0xb3, 0x49, 0x60, 0x06,
 0x00, 0x80, 0xbc, 0x80, 0x00, 0x49, 0x61, 0x06,
 0x00, 0x80, 0xbb, 0xfe, 0x49, 0x62, 0x06, 0x00,
 0x80, 0xb5, 0x49, 0x63, 0x06, 0x00, 0x80, 0xbb,
 0x1c, 0x49, 0x64, 0x06, 0x00, 0x80, 0xb5, 0x49,
 0x65, 0x06, 0x00, 0x80, 0xbb, 0x09, 0x49, 0x66,
 0x06, 0x00, 0x80, 0xb3, 0x49, 0x67, 0x06, 0x00,
 0x80, 0xbc, 0xe0, 0x1f, 0x49, 0x68, 0x06, 0x00,
 0x80, 0xb2, 0x49, 0x69, 0x06, 0x00, 0x80, 0xb5,
 0x49, 0x6a, 0x06, 0x00, 0x80, 0xbb, 0x7f, 0x49,
 0x6b, 0x06, 0x00, 0x80, 0xb3, 0x49, 0x6c, 0x06,
 0x00, 0x80, 0xbd, 0x5d, 0x49, 0x6d, 0x06, 0x00,
 0x80, 0xb5, 0x49, 0x6e, 0x06, 0x00, 0x80, 0xb3,
 0x49, 0x6f, 0x06, 0x00, 0x80, 0xb5, 0x49, 0x70,
 0x06, 0x00, 0x80, 0xbb, 0x25, 0x49, 0x71, 0x06,
 0x00, 0x80, 0xb5, 0x49, 0x72, 0x06, 0x00, 0x80,
 0xb3, 0x49, 0x73, 0x06, 0x00, 0x80, 0xb5, 0x49,
 0x74, 0x06, 0x00, 0x80, 0xbb, 0x32, 0x49, 0x75,
 0x06, 0x00, 0x80, 0xb3, 0x49, 0x76, 0x06, 0x00,
 0x80, 0xbd, 0x5e, 0x49, 0x77, 0x06, 0x00, 0x80,
 0xb5, 0x49, 0x78, 0x06, 0x00, 0x80, 0xbb, 0x0a,
 0x49, 0x79, 0x06, 0x00, 0x80, 0xb5, 0x49, 0x7a,
 0x06, 0x00, 0x80, 0xb9, 0x49, 0x7b, 0x06, 0x00,
 0x80, 0xb5, 0x49, 0x7c, 0x06, 0x00, 0x80, 0xbb,
 0x0b, 0x49, 0x7d, 0x06, 0x00, 0x80, 0xb2, 0x49,
 0x7e, 0x06, 0x00, 0x80, 0xb3, 0x49, 0x7f, 0x06,
 0x00, 0x80, 0x01, 0x00, 0xde, 0x6f, 0x04, 0x49,
 0x80, 0x06, 0x00, 0x80, 0xb6, 0x49, 0x81, 0x06,
 0x00, 0x80, 0xb3, 0x49, 0x82, 0x06, 0x00, 0x80,
 0xb9, 0x49, 0x83, 0x06, 0x00, 0x80, 0xbb, 0xfe,
 0x49, 0x84, 0x06, 0x00, 0x80, 0xb6, 0x49, 0x85,
 0x06, 0x00, 0x80, 0xb3, 0x49, 0x86, 0x06, 0x00,
 0x80, 0xbb, 0x08, 0x49, 0x87, 0x06, 0x00, 0x80,
 0xb5, 0x49, 0x88, 0x06, 0x00, 0x80, 0xbb, 0x0d,
 0x49, 0x89, 0x06, 0x00, 0x80, 0xb5, 0x49, 0x8a,
 0x06, 0x00, 0x80, 0xb3, 0x49, 0x8b, 0x06, 0x00,
 0x80, 0xb5, 0x49, 0x8c, 0x06, 0x00, 0x80, 0xbb,
 0x52, 0x49, 0x8d, 0x06, 0x00, 0x80, 0xb5, 0x49,
 0x8e, 0x06, 0x00, 0x80, 0xbb, 0x0a, 0x49, 0x8f,
 0x06, 0x00, 0x80, 0xb5, 0x49, 0x90, 0x06, 0x00,
 0x80, 0xb3, 0x49, 0x91, 0x06, 0x00, 0x80, 0xb5,
 0x49, 0x92, 0x06, 0x00, 0x80, 0xbb, 0x53, 0x49,
 0x93, 0x06, 0x00, 0x80, 0xb5, 0x49, 0x94, 0x06,
 0x00, 0x80, 0xbb, 0x54, 0x49, 0x95, 0x06, 0x00,
 0x80, 0xb5, 0x49, 0x96, 0x06, 0x00, 0x80, 0xbb,
 0x55, 0x49, 0x97, 0x06, 0x00, 0x80, 0xbb, 0xfd,
 0x49, 0x98, 0x06, 0x00, 0x80, 0xb5, 0x49, 0x99,
 0x06, 0x00, 0x80, 0xbb, 0x56, 0x49, 0x9a, 0x06,
 0x00, 0x80, 0xb5, 0x49, 0x9b, 0x06, 0x00, 0x80,
 0xbb, 0x0e, 0x49, 0x9c, 0x06, 0x00, 0x80, 0xbb,
 0xfd, 0x49, 0x9d, 0x06, 0x00, 0x80, 0xb5, 0x49,
 0x9e, 0x06, 0x00, 0x80, 0xbb, 0x57, 0x49, 0x9f,
 0x06, 0x00, 0x80, 0xb5, 0x49, 0xa0, 0x06, 0x00,
 0x80, 0xbb, 0x58, 0x49, 0xa1, 0x06, 0x00, 0x80,
 0xb5, 0x49, 0xa2, 0x06, 0x00, 0x80, 0xbb, 0x59,
 0x49, 0xa3, 0x06, 0x00, 0x80, 0xb5, 0x49, 0xa4,
 0x06, 0x00, 0x80, 0xb3, 0x49, 0xa5, 0x06, 0x00,
 0x80, 0xb5, 0x49, 0xa6, 0x06, 0x00, 0x80, 0xbb,
 0x22, 0x49, 0xa7, 0x06, 0x00, 0x80, 0xbb, 0xad,
 0x49, 0xa8, 0x06, 0x00, 0x80, 0xb6, 0x49, 0xa9,
 0x06, 0x00, 0x80, 0xb3, 0x49, 0xaa, 0x06, 0x00,
 0x80, 0xba, 0x49, 0xab, 0x06, 0x00, 0x80, 0xb3,
 0x49, 0xac, 0x06, 0x00, 0x80, 0x01, 0x1f, 0x78,
 0x0c, 0x00, 0x49, 0xad, 0x06, 0x00, 0x80, 0xb5,
 0x49, 0xae, 0x06, 0x00, 0x80, 0xb3, 0x49, 0xaf,
 0x06, 0x00, 0x80, 0xb5, 0x49, 0xb0, 0x06, 0x00,
 0x80, 0xbb, 0x0f, 0x49, 0xb1, 0x06, 0x00, 0x80,
 0xb5, 0x49, 0xb2, 0x06, 0x00, 0x80, 0xb3, 0x49,
 0xb3, 0x06, 0x00, 0x80, 0xb3, 0x49, 0xb4, 0x06,
 0x00, 0x80, 0x01, 0xff, 0x80, 0x00, 0x00, 0x49,
 0xb5, 0x06, 0x00, 0x80, 0xb5, 0x49, 0xb6, 0x06,
 0x00, 0x80, 0xbb, 0x15, 0x49, 0xb7, 0x06, 0x00,
 0x80, 0xb6, 0x49, 0xb8, 0x06, 0x00, 0x80, 0xbb,
 0x5a, 0x49, 0xb9, 0x06, 0x00, 0x80, 0xb5, 0x49,
 0xba, 0x06, 0x00, 0x80, 0xbb, 0xef, 0x49, 0xbb,
 0x06, 0x00, 0x80, 0xb5, 0x49, 0xbc, 0x06, 0x00,
 0x80, 0xbb, 0x5b, 0x49, 0xbd, 0x06, 0x00, 0x80,
 0xb3, 0x49, 0xbe, 0x06, 0x00, 0x80, 0x01, 0xfe,
 0x03, 0x3e, 0x1f, 0x49, 0xbf, 0x06, 0x00, 0x80,
 0xb5, 0x49, 0xc0, 0x06, 0x00, 0x80, 0xb7, 0x49,
 0xc1, 0x06, 0x00, 0x80, 0xb5, 0x49, 0xc2, 0x06,
 0x00, 0x80, 0xb3, 0x49, 0xc3, 0x06, 0x00, 0x80,
 0xb5, 0x49, 0xc4, 0x06, 0x00, 0x80, 0xbb, 0x5c,
 0x49, 0xc5, 0x06, 0x00, 0x80, 0xb5, 0x49, 0xc6,
 0x06, 0x00, 0x80, 0xb7, 0x49, 0xc7, 0x06, 0x00,
 0x80, 0xb5, 0x49, 0xc8, 0x06, 0x00, 0x80, 0xb3,
 0x49, 0xc9, 0x06, 0x00, 0x80, 0xb5, 0x49, 0xca,
 0x06, 0x00, 0x80, 0xbb, 0x16, 0x49, 0xcb, 0x06,
 0x00, 0x80, 0xb5, 0x49, 0xcc, 0x06, 0x00, 0x80,
 0xbb, 0x1c, 0x49, 0xcd, 0x06, 0x00, 0x80, 0xb5,
 0x49, 0xce, 0x06, 0x00, 0x80, 0xbb, 0x10, 0x49,
 0xcf, 0x06, 0x00, 0x80, 0xb6, 0x49, 0xd0, 0x06,
 0x00, 0x80, 0xb3, 0x49, 0xd1, 0x06, 0x00, 0x80,
 0xb5, 0x49, 0xd2, 0x06, 0x00, 0x80, 0xb5, 0x49,
 0xd3, 0x06, 0x00, 0x80, 0xbb, 0x11, 0x49, 0xd4,
 0x06, 0x00, 0x80, 0xb5, 0x49, 0xd5, 0x06, 0x00,
 0x80, 0xb3, 0x49, 0xd6, 0x06, 0x00, 0x80, 0xb2,
 0x49, 0xd7, 0x06, 0x00, 0x80, 0xb5, 0x49, 0xd8,
 0x06, 0x00, 0x80, 0xbb, 0x12, 0x49, 0xd9, 0x06,
 0x00, 0x80, 0xbb, 0xf0, 0x49, 0xda, 0x06, 0x00,
 0x80, 0xb6, 0x49, 0xdb, 0x06, 0x00, 0x80, 0xb3,
 0x49, 0xdc, 0x06, 0x00, 0x80, 0xbc, 0xce, 0x00,
 0x49, 0xdd, 0x06, 0x00, 0x80, 0xbb, 0xfe, 0x49,
 0xde, 0x06, 0x00, 0x80, 0xb6, 0x49, 0xdf, 0x06,
 0x00, 0x80, 0xb3, 0x49, 0xe0, 0x06, 0x00, 0x80,
 0xbc, 0xb4, 0x02, 0x49, 0xe1, 0x06, 0x00, 0x80,
 0xb5, 0x49, 0xe2, 0x06, 0x00, 0x80, 0xbb, 0x49,
 0x49, 0xe3, 0x06, 0x00, 0x80, 0xb2, 0x49, 0xe4,
 0x06, 0x00, 0x80, 0xb5, 0x49, 0xe5, 0x06, 0x00,
 0x80, 0xbb, 0x12, 0x49, 0xe6, 0x06, 0x00, 0x80,
 0xb5, 0x49, 0xe7, 0x06, 0x00, 0x80, 0xbb, 0x0a,
 0x49, 0xe8, 0x06, 0x00, 0x80, 0xb6, 0x49, 0xe9,
 0x06, 0x00, 0x80, 0xb3, 0x49, 0xea, 0x06, 0x00,
 0x80, 0xbb, 0x08, 0x49, 0xeb, 0x06, 0x00, 0x80,
 0xb5, 0x49, 0xec, 0x06, 0x00, 0x80, 0xbb, 0x5d,
 0x49, 0xed, 0x06, 0x00, 0x80, 0xb3, 0x49, 0xee,
 0x06, 0x00, 0x80, 0xbc, 0x00, 0x0c, 0x49, 0xef,
 0x06, 0x00, 0x80, 0xb5, 0x49, 0xf0, 0x06, 0x00,
 0x80, 0xb3, 0x49, 0xf1, 0x06, 0x00, 0x80, 0xb3,
 0x49, 0xf2, 0x06, 0x00, 0x80, 0xbd, 0x5f, 0x49,
 0xf3, 0x06, 0x00, 0x80, 0xb5, 0x49, 0xf4, 0x06,
 0x00, 0x80, 0xbb, 0x0a, 0x49, 0xf5, 0x06, 0x00,
 0x80, 0xb6, 0x49, 0xf6, 0x06, 0x00, 0x80, 0xb3,
 0x49, 0xf7, 0x06, 0x00, 0x80, 0xb5, 0x49, 0xf8,
 0x06, 0x00, 0x80, 0xb5, 0x49, 0xf9, 0x06, 0x00,
 0x80, 0xbb, 0x19, 0x49, 0xfa, 0x06, 0x00, 0x80,
 0xb5, 0x49, 0xfb, 0x06, 0x00, 0x80, 0xbb, 0x5e,
 0x49, 0xfc, 0x06, 0x00, 0x80, 0xb5, 0x49, 0xfd,
 0x06, 0x00, 0x80, 0xbb, 0x5f, 0x49, 0xfe, 0x06,
 0x00, 0x80, 0xb6, 0x49, 0xff, 0x06, 0x00, 0x80,
 0xb3, 0x49, 0x00, 0x07, 0x00, 0x80, 0xb5, 0x49,
 0x01, 0x07, 0x00, 0x80, 0xb5, 0x49, 0x02, 0x07,
 0x00, 0x80, 0xbb, 0x60, 0x49, 0x03, 0x07, 0x00,
 0x80, 0xb5, 0x49, 0x04, 0x07, 0x00, 0x80, 0xb3,
 0x49, 0x05, 0x07, 0x00, 0x80, 0xb5, 0x49, 0x06,
 0x07, 0x00, 0x80, 0xbb, 0x61, 0x49, 0x07, 0x07,
 0x00, 0x80, 0xb5, 0x49, 0x08, 0x07, 0x00, 0x80,
 0xbb, 0x2e, 0x49, 0x09, 0x07, 0x00, 0x80, 0xb3,
 0x49, 0x0a, 0x07, 0x00, 0x80, 0xbd, 0x60, 0x49,
 0x0b, 0x07, 0x00, 0x80, 0xb3, 0x49, 0x0c, 0x07,
 0x00, 0x80, 0xba, 0x49, 0x0d, 0x07, 0x00, 0x80,
 0xb5, 0x49, 0x0e, 0x07, 0x00, 0x80, 0xb3, 0x49,
 0x0f, 0x07, 0x00, 0x80, 0xb5, 0x49, 0x10, 0x07,
 0x00, 0x80, 0xbb, 0x09, 0x49, 0x11, 0x07, 0x00,
 0x80, 0xb5, 0x49, 0x12, 0x07, 0x00, 0x80, 0xbb,
 0x5f, 0x49, 0x13, 0x07, 0x00, 0x80, 0xb5, 0x49,
 0x14, 0x07, 0x00, 0x80, 0xbb, 0x09, 0x49, 0x15,
 0x07, 0x00, 0x80, 0xb2, 0x49, 0x16, 0x07, 0x00,
 0x80, 0xb3, 0x49, 0x17, 0x07, 0x00, 0x80, 0x01,
 0x00, 0x00, 0xfc, 0x68, 0x49, 0x18, 0x07, 0x00,
 0x80, 0xb5, 0x49, 0x19, 0x07, 0x00, 0x80, 0xbb,
 0x62, 0x49, 0x1a, 0x07, 0x00, 0x80, 0xb3, 0x49,
 0x1b, 0x07, 0x00, 0x80, 0xbd, 0x61, 0x49, 0x1c,
 0x07, 0x00, 0x80, 0xb5, 0x49, 0x1d, 0x07, 0x00,
 0x80, 0xbb, 0x26, 0x49, 0x1e, 0x07, 0x00, 0x80,
 0xb5, 0x49, 0x1f, 0x07, 0x00, 0x80, 0xbb, 0x14,
 0x49, 0x20, 0x07, 0x00, 0x80, 0xb5, 0x49, 0x21,
 0x07, 0x00, 0x80, 0xbb, 0x63, 0x49, 0x22, 0x07,
 0x00, 0x80, 0xb5, 0x49, 0x23, 0x07, 0x00, 0x80,
 0xbb, 0x23, 0x49, 0x24, 0x07, 0x00, 0x80, 0xb5,
 0x49, 0x25, 0x07, 0x00, 0x80, 0xbb, 0x64, 0x49,
 0x26, 0x07, 0x00, 0x80, 0xb3, 0x49, 0x27, 0x07,
 0x00, 0x80, 0x01, 0xdf, 0xff, 0x00, 0x7c, 0x49,
 0x28, 0x07, 0x00, 0x80, 0xb5, 0x49, 0x29, 0x07,
 0x00, 0x80, 0xb3, 0x49, 0x2a, 0x07, 0x00, 0x80,
 0xb5, 0x49, 0x2b, 0x07, 0x00, 0x80, 0xbb, 0x22,
 0x49, 0x2c, 0x07, 0x00, 0x80, 0xb5, 0x49, 0x2d,
 0x07, 0x00, 0x80, 0xbc, 0x99, 0x00, 0x49, 0x2e,
 0x07, 0x00, 0x80, 0xb3, 0x49, 0x2f, 0x07, 0x00,
 0x80, 0xbd, 0x62, 0x49, 0x30, 0x07, 0x00, 0x80,
 0xb5, 0x49, 0x31, 0x07, 0x00, 0x80, 0xb3, 0x49,
 0x32, 0x07, 0x00, 0x80, 0xb3, 0x49, 0x33, 0x07,
 0x00, 0x80, 0x01, 0xff, 0xff, 0x62, 0x3e, 0x49,
 0x34, 0x07, 0x00, 0x80, 0xb3, 0x49, 0x35, 0x07,
 0x00, 0x80, 0x01, 0x05, 0x00, 0x00, 0x38, 0x49,
 0x36, 0x07, 0x00, 0x80, 0xb3, 0x49, 0x37, 0x07,
 0x00, 0x80, 0x01, 0xff, 0x07, 0x1c, 0x00, 0x49,
 0x38, 0x07, 0x00, 0x80, 0xb5, 0x49, 0x39, 0x07,
 0x00, 0x80, 0xbb, 0x65, 0x49, 0x3a, 0x07, 0x00,
 0x80, 0xb5, 0x49, 0x3b, 0x07, 0x00, 0x80, 0xbb,
 0x66, 0x49, 0x3c, 0x07, 0x00, 0x80, 0xb5, 0x49,
 0x3d, 0x07, 0x00, 0x80, 0xbb, 0x16, 0x49, 0x3e,
 0x07, 0x00, 0x80, 0xb5, 0x49, 0x3f, 0x07, 0x00,
 0x80, 0xbb, 0x17, 0x49, 0x40, 0x07, 0x00, 0x80,
 0xb6, 0x49, 0x41, 0x07, 0x00, 0x80, 0xb3, 0x49,
 0x42, 0x07, 0x00, 0x80, 0xb6, 0x49, 0x43, 0x07,
 0x00, 0x80, 0xb3, 0x49, 0x44, 0x07, 0x00, 0x80,
 0xba, 0x49, 0x45, 0x07, 0x00, 0x80, 0xb6, 0x49,
 0x46, 0x07, 0x00, 0x80, 0xb3, 0x49, 0x47, 0x07,
 0x00, 0x80, 0xbc, 0x5d, 0x01, 0x49, 0x48, 0x07,
 0x00, 0x80, 0xb5, 0x49, 0x49, 0x07, 0x00, 0x80,
 0xbb, 0x67, 0x49, 0x4a, 0x07, 0x00, 0x80, 0xb5,
 0x49, 0x4b, 0x07, 0x00, 0x80, 0xbb, 0x68, 0x49,
 0x4c, 0x07, 0x00, 0x80, 0xb5, 0x49, 0x4d, 0x07,
 0x00, 0x80, 0xba, 0x49, 0x4e, 0x07, 0x00, 0x80,
 0xbc, 0xf8, 0xfe, 0x49, 0x4f, 0x07, 0x00, 0x80,
 0xb6, 0x49, 0x50, 0x07, 0x00, 0x80, 0xb3, 0x49,
 0x51, 0x07, 0x00, 0x80, 0xbb, 0x0b, 0x49, 0x52,
 0x07, 0x00, 0x80, 0xb5, 0x49, 0x53, 0x07, 0x00,
 0x80, 0xbb, 0x18, 0x49, 0x54, 0x07, 0x00, 0x80,
 0xb6, 0x49, 0x55, 0x07, 0x00, 0x80, 0xb3, 0x49,
 0x56, 0x07, 0x00, 0x80, 0xb5, 0x49, 0x57, 0x07,
 0x00, 0x80, 0xb5, 0x49, 0x58, 0x07, 0x00, 0x80,
 0xbb, 0x20, 0x49, 0x59, 0x07, 0x00, 0x80, 0xb2,
 0x49, 0x5a, 0x07, 0x00, 0x80, 0xb3, 0x49, 0x5b,
 0x07, 0x00, 0x80, 0xbd, 0x63, 0x49, 0x5c, 0x07,
 0x00, 0x80, 0xb5, 0x49, 0x5d, 0x07, 0x00, 0x80,
 0xbb, 0x69, 0x49, 0x5e, 0x07, 0x00, 0x80, 0xb5,
 0x49, 0x5f, 0x07, 0x00, 0x80, 0xbb, 0x6a, 0x49,
 0x60, 0x07, 0x00, 0x80, 0xb6, 0x49, 0x61, 0x07,
 0x00, 0x80, 0xb3, 0x49, 0x62, 0x07, 0x00, 0x80,
 0xb5, 0x49, 0x63, 0x07, 0x00, 0x80, 0xb5, 0x49,
 0x64, 0x07, 0x00, 0x80, 0xbb, 0x13, 0x49, 0x65,
 0x07, 0x00, 0x80, 0xb5, 0x49, 0x66, 0x07, 0x00,
 0x80, 0xbb, 0x6b, 0x49, 0x67, 0x07, 0x00, 0x80,
 0xb6, 0x49, 0x68, 0x07, 0x00, 0x80, 0xb3, 0x49,
 0x69, 0x07, 0x00, 0x80, 0xbb, 0x0a, 0x49, 0x6a,
 0x07, 0x00, 0x80, 0xb5, 0x49, 0x6b, 0x07, 0x00,
 0x80, 0xbb, 0x0a, 0x49, 0x6c, 0x07, 0x00, 0x80,
 0xb5, 0x49, 0x6d, 0x07, 0x00, 0x80, 0xbb, 0x12,
 0x49, 0x6e, 0x07, 0x00, 0x80, 0xb5, 0x49, 0x6f,
 0x07, 0x00, 0x80, 0xb3, 0x49, 0x70, 0x07, 0x00,
 0x80, 0xb5, 0x49, 0x71, 0x07, 0x00, 0x80, 0xbb,
 0x2f, 0x49, 0x72, 0x07, 0x00, 0x80, 0xb5, 0x49,
 0x73, 0x07, 0x00, 0x80, 0xb3, 0x49, 0x74, 0x07,
 0x00, 0x80, 0xb5, 0x49, 0x75, 0x07, 0x00, 0x80,
 0xbb, 0x1f, 0x49, 0x76, 0x07, 0x00, 0x80, 0xb5,
 0x49, 0x77, 0x07, 0x00, 0x80, 0xbb, 0x6c, 0x49,
 0x78, 0x07, 0x00, 0x80, 0xbb, 0xfd, 0x49, 0x79,
 0x07, 0x00, 0x80, 0xb5, 0x49, 0x7a, 0x07, 0x00,
 0x80, 0xbb, 0x6d, 0x49, 0x7b, 0x07, 0x00, 0x80,
 0xb6, 0x49, 0x7c, 0x07, 0x00, 0x80, 0xb3, 0x49,
 0x7d, 0x07, 0x00, 0x80, 0xb6, 0x49, 0x7e, 0x07,
 0x00, 0x80, 0xb5, 0x49, 0x7f, 0x07, 0x00, 0x80,
 0xbb, 0x14, 0x49, 0x80, 0x07, 0x00, 0x80, 0xb2,
 0x49, 0x81, 0x07, 0x00, 0x80, 0xb6, 0x49, 0x82,
 0x07, 0x00, 0x80, 0xb8, 0x49, 0x83, 0x07, 0x00,
 0x80, 0xb5, 0x49, 0x84, 0x07, 0x00, 0x80, 0xb5,
 0x49, 0x85, 0x07, 0x00, 0x80, 0xbb, 0x6e, 0x49,
 0x86, 0x07, 0x00, 0x80, 0xb5, 0x49, 0x87, 0x07,
 0x00, 0x80, 0xb3, 0x49, 0x88, 0x07, 0x00, 0x80,
 0xb5, 0x49, 0x89, 0x07, 0x00, 0x80, 0xbb, 0x08,
 0x49, 0x8a, 0x07, 0x00, 0x80, 0xb5, 0x49, 0x8b,
 0x07, 0x00, 0x80, 0xbb, 0x6f, 0x49, 0x8c, 0x07,
 0x00, 0x80, 0xb2, 0x49, 0x8d, 0x07, 0x00, 0x80,
 0xb5, 0x49, 0x8e, 0x07, 0x00, 0x80, 0xbb, 0x70,
 0x49, 0x8f, 0x07, 0x00, 0x80, 0xb5, 0x49, 0x90,
 0x07, 0x00, 0x80, 0xbb, 0x71, 0x49, 0x91, 0x07,
 0x00, 0x80, 0xb5, 0x49, 0x92, 0x07, 0x00, 0x80,
 0xbb, 0x72, 0x49, 0x93, 0x07, 0x00, 0x80, 0xb2,
 0x49, 0x94, 0x07, 0x00, 0x80, 0xb6, 0x49, 0x95,
 0x07, 0x00, 0x80, 0xb3, 0x49, 0x96, 0x07, 0x00,
 0x80, 0xb6, 0x49, 0x97, 0x07, 0x00, 0x80, 0xb5,
 0x49, 0x98, 0x07, 0x00, 0x80, 0xbb, 0x0c, 0x49,
 0x99, 0x07, 0x00, 0x80, 0xbb, 0xfe, 0x49, 0x9a,
 0x07, 0x00, 0x80, 0xb5, 0x49, 0x9b, 0x07, 0x00,
 0x80, 0xb3, 0x49, 0x9c, 0x07, 0x00, 0x80, 0xb5,
 0x49, 0x9d, 0x07, 0x00, 0x80, 0xbb, 0x1d, 0x49,
 0x9e, 0x07, 0x00, 0x80, 0xbb, 0xf8, 0x49, 0x9f,
 0x07, 0x00, 0x80, 0xb5, 0x49, 0xa0, 0x07, 0x00,
 0x80, 0xbb, 0x14, 0x49, 0xa1, 0x07, 0x00, 0x80,
 0xb5, 0x49, 0xa2, 0x07, 0x00, 0x80, 0xb3, 0x49,
 0xa3, 0x07, 0x00, 0x80, 0xb5, 0x49, 0xa4, 0x07,
 0x00, 0x80, 0xbb, 0x24, 0x49, 0xa5, 0x07, 0x00,
 0x80, 0xb2, 0x49, 0xa6, 0x07, 0x00, 0x80, 0xb5,
 0x49, 0xa7, 0x07, 0x00, 0x80, 0xb3, 0x49, 0xa8,
 0x07, 0x00, 0x80, 0xb5, 0x49, 0xa9, 0x07, 0x00,
 0x80, 0xbb, 0x43, 0x49, 0xaa, 0x07, 0x00, 0x80,
 0xb5, 0x49, 0xab, 0x07, 0x00, 0x80, 0xb9, 0x49,
 0xac, 0x07, 0x00, 0x80, 0xb5, 0x49, 0xad, 0x07,
 0x00, 0x80, 0xbb, 0x1e, 0x49, 0xae, 0x07, 0x00,
 0x80, 0xb5, 0x49, 0xaf, 0x07, 0x00, 0x80, 0xbb,
 0x0a, 0x49, 0xb0, 0x07, 0x00, 0x80, 0xb5, 0x49,
 0xb1, 0x07, 0x00, 0x80, 0xb3, 0x49, 0xb2, 0x07,
 0x00, 0x80, 0xb5, 0x49, 0xb3, 0x07, 0x00, 0x80,
 0xbb, 0x73, 0x49, 0xb4, 0x07, 0x00, 0x80, 0xb2,
 0x49, 0xb5, 0x07, 0x00, 0x80, 0xb6, 0x49, 0xb6,
 0x07, 0x00, 0x80, 0xb3, 0x49, 0xb7, 0x07, 0x00,
 0x80, 0xb7, 0x49, 0xb8, 0x07, 0x00, 0x80, 0xb5,
 0x49, 0xb9, 0x07, 0x00, 0x80, 0xbb, 0x0a, 0x49,
 0xba, 0x07, 0x00, 0x80, 0xb5, 0x49, 0xbb, 0x07,
 0x00, 0x80, 0xbb, 0x12, 0x49, 0xbc, 0x07, 0x00,
 0x80, 0xb5, 0x49, 0xbd, 0x07, 0x00, 0x80, 0xbb,
 0x74, 0x49, 0xbe, 0x07, 0x00, 0x80, 0xb5, 0x49,
 0xbf, 0x07, 0x00, 0x80, 0xba, 0x49, 0xc0, 0x07,
 0x00, 0x80, 0xb5, 0x49, 0xc1, 0x07, 0x00, 0x80,
 0xb3, 0x49, 0xc2, 0x07, 0x00, 0x80, 0xb5, 0x49,
 0xc3, 0x07, 0x00, 0x80, 0xbb, 0x75, 0x49, 0xc4,
 0x07, 0x00, 0x80, 0xb5, 0x49, 0xc5, 0x07, 0x00,
 0x80, 0xb3, 0x49, 0xc6, 0x07, 0x00, 0x80, 0xb5,
 0x49, 0xc7, 0x07, 0x00, 0x80, 0xbb, 0x76, 0x49,
 0xc8, 0x07, 0x00, 0x80, 0xb5, 0x49, 0xc9, 0x07,
 0x00, 0x80, 0xbb, 0x77, 0x49, 0xca, 0x07, 0x00,
 0x80, 0xb5, 0x49, 0xcb, 0x07, 0x00, 0x80, 0xbb,
 0x78, 0x49, 0xcc, 0x07, 0x00, 0x80, 0xb5, 0x49,
 0xcd, 0x07, 0x00, 0x80, 0xb3, 0x49, 0xce, 0x07,
 0x00, 0x80, 0xb5, 0x49, 0xcf, 0x07, 0x00, 0x80,
 0xbb, 0x09, 0x49, 0xd0, 0x07, 0x00, 0x80, 0xb6,
 0x49, 0xd1, 0x07, 0x00, 0x80, 0xb3, 0x49, 0xd2,
 0x07, 0x00, 0x80, 0xbb, 0x09, 0x49, 0xd3, 0x07,
 0x00, 0x80, 0xb5, 0x49, 0xd4, 0x07, 0x00, 0x80,
 0xbb, 0x15, 0x49, 0xd5, 0x07, 0x00, 0x80, 0xb5,
 0x49, 0xd6, 0x07, 0x00, 0x80, 0xbb, 0x1e, 0x49,
 0xd7, 0x07, 0x00, 0x80, 0xb5, 0x49, 0xd8, 0x07,
 0x00, 0x80, 0xbb, 0x1f, 0x49, 0xd9, 0x07, 0x00,
 0x80, 0xb5, 0x49, 0xda, 0x07, 0x00, 0x80, 0xbb,
 0x79, 0x49, 0xdb, 0x07, 0x00, 0x80, 0xb5, 0x49,
 0xdc, 0x07, 0x00, 0x80, 0xbb, 0x7a, 0x49, 0xdd,
 0x07, 0x00, 0x80, 0xbb, 0xfe, 0x49, 0xde, 0x07,
 0x00, 0x80, 0xb5, 0x49, 0xdf, 0x07, 0x00, 0x80,
 0xbb, 0x7b, 0x49, 0xe0, 0x07, 0x00, 0x80, 0xb5,
 0x49, 0xe1, 0x07, 0x00, 0x80, 0xbb, 0x7c, 0x49,
 0xe2, 0x07, 0x00, 0x80, 0xb5, 0x49, 0xe3, 0x07,
 0x00, 0x80, 0xbb, 0x1e, 0x49, 0xe4, 0x07, 0x00,
 0x80, 0xb5, 0x49, 0xe5, 0x07, 0x00, 0x80, 0xbb,
 0x15, 0x49, 0xe6, 0x07, 0x00, 0x80, 0xb5, 0x49,
 0xe7, 0x07, 0x00, 0x80, 0xbb, 0x08, 0x49, 0xe8,
 0x07, 0x00, 0x80, 0xbb, 0xfe, 0x49, 0xe9, 0x07,
 0x00, 0x80, 0xb5, 0x49, 0xea, 0x07, 0x00, 0x80,
 0xbb, 0x7d, 0x49, 0xeb, 0x07, 0x00, 0x80, 0xb5,
 0x49, 0xec, 0x07, 0x00, 0x80, 0xbb, 0x1e, 0x49,
 0xed, 0x07, 0x00, 0x80, 0xb5, 0x49, 0xee, 0x07,
 0x00, 0x80, 0xbb, 0x20, 0x49, 0xef, 0x07, 0x00,
 0x80, 0xbb, 0xfe, 0x49, 0xf0, 0x07, 0x00, 0x80,
 0xb5, 0x49, 0xf1, 0x07, 0x00, 0x80, 0xb3, 0x49,
 0xf2, 0x07, 0x00, 0x80, 0xb5, 0x49, 0xf3, 0x07,
 0x00, 0x80, 0xbb, 0x27, 0x49, 0xf4, 0x07, 0x00,
 0x80, 0xbb, 0xfe, 0x49, 0xf5, 0x07, 0x00, 0x80,
 0xb3, 0x49, 0xf6, 0x07, 0x00, 0x80, 0xbd, 0x64,
 0x49, 0xf7, 0x07, 0x00, 0x80, 0xb5, 0x49, 0xf8,
 0x07, 0x00, 0x80, 0xbb, 0x1e, 0x49, 0xf9, 0x07,
 0x00, 0x80, 0xb2, 0x49, 0xfa, 0x07, 0x00, 0x80,
 0xb6, 0x49, 0xfb, 0x07, 0x00, 0x80, 0xbb, 0x14,
 0x49, 0xfc, 0x07, 0x00, 0x80, 0xb5, 0x49, 0xfd,
 0x07, 0x00, 0x80, 0xb2, 0x49, 0xfe, 0x07, 0x00,
 0x80, 0xb5, 0x49, 0xff, 0x07, 0x00, 0x80, 0xbb,
 0x21, 0x49, 0x00, 0x08, 0x00, 0x80, 0xb5, 0x49,
 0x01, 0x08, 0x00, 0x80, 0xbb, 0x7e, 0x49, 0x02,
 0x08, 0x00, 0x80, 0xb5, 0x49, 0x03, 0x08, 0x00,
 0x80, 0xb3, 0x49, 0x04, 0x08, 0x00, 0x80, 0xb6,
 0x49, 0x05, 0x08, 0x00, 0x80, 0xbb, 0x1e, 0x49,
 0x06, 0x08, 0x00, 0x80, 0xb5, 0x49, 0x07, 0x08,
 0x00, 0x80, 0xb5, 0x49, 0x08, 0x08, 0x00, 0x80,
 0xbb, 0x23, 0x49, 0x09, 0x08, 0x00, 0x80, 0xb5,
 0x49, 0x0a, 0x08, 0x00, 0x80, 0xbb, 0x13, 0x49,
 0x0b, 0x08, 0x00, 0x80, 0xbb, 0xfd, 0x49, 0x0c,
 0x08, 0x00, 0x80, 0xb6, 0x49, 0x0d, 0x08, 0x00,
 0x80, 0xb3, 0x49, 0x0e, 0x08, 0x00, 0x80, 0xb5,
 0x49, 0x0f, 0x08, 0x00, 0x80, 0xb5, 0x49, 0x10,
 0x08, 0x00, 0x80, 0xbb, 0x22, 0x49, 0x11, 0x08,
 0x00, 0x80, 0xb2, 0x49, 0x12, 0x08, 0x00, 0x80,
 0xb5, 0x49, 0x13, 0x08, 0x00, 0x80, 0xb3, 0x49,
 0x14, 0x08, 0x00, 0x80, 0xb5, 0x49, 0x15, 0x08,
 0x00, 0x80, 0xbb, 0x23, 0x49, 0x16, 0x08, 0x00,
 0x80, 0xb5, 0x49, 0x17, 0x08, 0x00, 0x80, 0xb3,
 0x49, 0x18, 0x08, 0x00, 0x80, 0xb5, 0x49, 0x19,
 0x08, 0x00, 0x80, 0xbb, 0x23, 0x49, 0x1a, 0x08,
 0x00, 0x80, 0xb5, 0x49, 0x1b, 0x08, 0x00, 0x80,
 0xb3, 0x49, 0x1c, 0x08, 0x00, 0x80, 0xb5, 0x49,
 0x1d, 0x08, 0x00, 0x80, 0xbb, 0x32, 0x49, 0x1e,
 0x08, 0x00, 0x80, 0xb5, 0x49, 0x1f, 0x08, 0x00,
 0x80, 0xbb, 0x62, 0x49, 0x20, 0x08, 0x00, 0x80,
 0xb3, 0x49, 0x21, 0x08, 0x00, 0x80, 0xbd, 0x65,
 0x49, 0x22, 0x08, 0x00, 0x80, 0xb5, 0x49, 0x23,
 0x08, 0x00, 0x80, 0xbb, 0x25, 0x49, 0x24, 0x08,
 0x00, 0x80, 0xbb, 0xf9, 0x49, 0x25, 0x08, 0x00,
 0x80, 0xb5, 0x49, 0x26, 0x08, 0x00, 0x80, 0xb3,
 0x49, 0x27, 0x08, 0x00, 0x80, 0xb3, 0x49, 0x28,
 0x08, 0x00, 0x80, 0x01, 0xff, 0x03, 0x03, 0x00,
 0x49, 0x29, 0x08, 0x00, 0x80, 0xb5, 0x49, 0x2a,
 0x08, 0x00, 0x80, 0xbb, 0x39, 0x49, 0x2b, 0x08,
 0x00, 0x80, 0xb2, 0x49, 0x2c, 0x08, 0x00, 0x80,
 0xb5, 0x49, 0x2d, 0x08, 0x00, 0x80, 0xbb, 0x14,
 0x49, 0x2e, 0x08, 0x00, 0x80, 0xb5, 0x49, 0x2f,
 0x08, 0x00, 0x80, 0xbb, 0x2b, 0x49, 0x30, 0x08,
 0x00, 0x80, 0xb5, 0x49, 0x31, 0x08, 0x00, 0x80,
 0xbb, 0x25, 0x49, 0x32, 0x08, 0x00, 0x80, 0xb5,
 0x49, 0x33, 0x08, 0x00, 0x80, 0xbb, 0x12, 0x49,
 0x34, 0x08, 0x00, 0x80, 0xb3, 0x49, 0x35, 0x08,
 0x00, 0x80, 0xb6, 0x49, 0x36, 0x08, 0x00, 0x80,
 0xb5, 0x49, 0x37, 0x08, 0x00, 0x80, 0xbb, 0x12,
 0x49, 0x38, 0x08, 0x00, 0x80, 0xb5, 0x49, 0x39,
 0x08, 0x00, 0x80, 0xbb, 0x7e, 0x49, 0x3a, 0x08,
 0x00, 0x80, 0xb5, 0x49, 0x3b, 0x08, 0x00, 0x80,
 0xbb, 0x15, 0x49, 0x3c, 0x08, 0x00, 0x80, 0xb5,
 0x49, 0x3d, 0x08, 0x00, 0x80, 0xbb, 0x7f, 0x49,
 0x3e, 0x08, 0x00, 0x80, 0xb5, 0x49, 0x3f, 0x08,
 0x00, 0x80, 0xbb, 0x36, 0x49, 0x40, 0x08, 0x00,
 0x80, 0xb2, 0x49, 0x41, 0x08, 0x00, 0x80, 0xb3,
 0x49, 0x42, 0x08, 0x00, 0x80, 0x01, 0x00, 0x00,
 0x26, 0x00, 0x49, 0x43, 0x08, 0x00, 0x80, 0xb5,
 0x49, 0x44, 0x08, 0x00, 0x80, 0xbb, 0x7f, 0x49,
 0x45, 0x08, 0x00, 0x80, 0xb5, 0x49, 0x46, 0x08,
 0x00, 0x80, 0xbb, 0x19, 0x49, 0x47, 0x08, 0x00,
 0x80, 0xb5, 0x49, 0x48, 0x08, 0x00, 0x80, 0xbb,
 0x12, 0x49, 0x49, 0x08, 0x00, 0x80, 0xb5, 0x49,
 0x4a, 0x08, 0x00, 0x80, 0xbb, 0x22, 0x49, 0x4b,
 0x08, 0x00, 0x80, 0xb5, 0x49, 0x4c, 0x08, 0x00,
 0x80, 0xbb, 0x7f, 0x49, 0x4d, 0x08, 0x00, 0x80,
 0xb5, 0x49, 0x4e, 0x08, 0x00, 0x80, 0xbb, 0x26,
 0x49, 0x4f, 0x08, 0x00, 0x80, 0xb3, 0x49, 0x50,
 0x08, 0x00, 0x80, 0xbd, 0x66, 0x49, 0x51, 0x08,
 0x00, 0x80, 0xb3, 0x49, 0x52, 0x08, 0x00, 0x80,
 0x01, 0xff, 0xff, 0x47, 0x00, 0x49, 0x53, 0x08,
 0x00, 0x80, 0xb5, 0x49, 0x54, 0x08, 0x00, 0x80,
 0xbb, 0x7f, 0x49, 0x55, 0x08, 0x00, 0x80, 0xb5,
 0x49, 0x56, 0x08, 0x00, 0x80, 0xbb, 0x23, 0x49,
 0x57, 0x08, 0x00, 0x80, 0xb3, 0x49, 0x58, 0x08,
 0x00, 0x80, 0x01, 0x1e, 0x00, 0x00, 0x14, 0x49,
 0x59, 0x08, 0x00, 0x80, 0xb2, 0x49, 0x5a, 0x08,
 0x00, 0x80, 0xb5, 0x49, 0x5b, 0x08, 0x00, 0x80,
 0xbc, 0x80, 0x00, 0x49, 0x5c, 0x08, 0x00, 0x80,
 0xb3, 0x49, 0x5d, 0x08, 0x00, 0x80, 0xbd, 0x67,
 0x49, 0x5e, 0x08, 0x00, 0x80, 0xb3, 0x49, 0x5f,
 0x08, 0x00, 0x80, 0xb4, 0x49, 0x60, 0x08, 0x00,
 0x80, 0xb2, 0x49, 0x61, 0x08, 0x00, 0x80, 0xb5,
 0x49, 0x62, 0x08, 0x00, 0x80, 0xbc, 0x81, 0x00,
 0x49, 0x63, 0x08, 0x00, 0x80, 0xb5, 0x49, 0x64,
 0x08, 0x00, 0x80, 0xbc, 0x82, 0x00, 0x49, 0x65,
 0x08, 0x00, 0x80, 0xb5, 0x49, 0x66, 0x08, 0x00,
 0x80, 0xbb, 0x08, 0x49, 0x67, 0x08, 0x00, 0x80,
 0xb2, 0x49, 0x68, 0x08, 0x00, 0x80, 0xb5, 0x49,
 0x69, 0x08, 0x00, 0x80, 0xbc, 0x83, 0x00, 0x49,
 0x6a, 0x08, 0x00, 0x80, 0xb5, 0x49, 0x6b, 0x08,
 0x00, 0x80, 0xbb, 0x46, 0x49, 0x6c, 0x08, 0x00,
 0x80, 0xb3, 0x49, 0x6d, 0x08, 0x00, 0x80, 0xbd,
 0x68, 0x49, 0x6e, 0x08, 0x00, 0x80, 0xb3, 0x49,
 0x6f, 0x08, 0x00, 0x80, 0xb6, 0x49, 0x70, 0x08,
 0x00, 0x80, 0xb5, 0x49, 0x71, 0x08, 0x00, 0x80,
 0xbc, 0x84, 0x00, 0x49, 0x72, 0x08, 0x00, 0x80,
 0xb3, 0x49, 0x73, 0x08, 0x00, 0x80, 0x01, 0xff,
 0xff, 0xbf, 0x00, 0x49, 0x74, 0x08, 0x00, 0x80,
 0xb3, 0x49, 0x75, 0x08, 0x00, 0x80, 0x01, 0x00,
 0x00, 0x0a, 0x00, 0x49, 0x76, 0x08, 0x00, 0x80,
 0xb2, 0x49, 0x77, 0x08, 0x00, 0x80, 0xb5, 0x49,
 0x78, 0x08, 0x00, 0x80, 0xb3, 0x49, 0x79, 0x08,
 0x00, 0x80, 0xb5, 0x49, 0x7a, 0x08, 0x00, 0x80,
 0xbb, 0x1d, 0x49, 0x7b, 0x08, 0x00, 0x80, 0xb3,
 0x49, 0x7c, 0x08, 0x00, 0x80, 0xbd, 0x69, 0x49,
 0x7d, 0x08, 0x00, 0x80, 0xb3, 0x49, 0x7e, 0x08,
 0x00, 0x80, 0xb6, 0x49, 0x7f, 0x08, 0x00, 0x80,
 0xb5, 0x49, 0x80, 0x08, 0x00, 0x80, 0xb3, 0x49,
 0x81, 0x08, 0x00, 0x80, 0xb5, 0x49, 0x82, 0x08,
 0x00, 0x80, 0xbb, 0x19, 0x49, 0x83, 0x08, 0x00,
 0x80, 0xb3, 0x49, 0x84, 0x08, 0x00, 0x80, 0xbc,
 0xb0, 0x00, 0x49, 0x85, 0x08, 0x00, 0x80, 0xbb,
 0xfb, 0x49, 0x86, 0x08, 0x00, 0x80, 0xb5, 0x49,
 0x87, 0x08, 0x00, 0x80, 0xb3, 0x49, 0x88, 0x08,
 0x00, 0x80, 0xb5, 0x49, 0x89, 0x08, 0x00, 0x80,
 0xbb, 0x11, 0x49, 0x8a, 0x08, 0x00, 0x80, 0xb3,
 0x49, 0x8b, 0x08, 0x00, 0x80, 0x01, 0x00, 0x00,
 0x00, 0x0f, 0x49, 0x8c, 0x08, 0x00, 0x80, 0xb2,
 0x49, 0x8d, 0x08, 0x00, 0x80, 0xb5, 0x49, 0x8e,
 0x08, 0x00, 0x80, 0xb3, 0x49, 0x8f, 0x08, 0x00,
 0x80, 0xb5, 0x49, 0x90, 0x08, 0x00, 0x80, 0xbb,
 0x19, 0x49, 0x91, 0x08, 0x00, 0x80, 0xb3, 0x49,
 0x92, 0x08, 0x00, 0x80, 0xbb, 0x10, 0x49, 0x93,
 0x08, 0x00, 0x80, 0xb2, 0x49, 0x94, 0x08, 0x00,
 0x80, 0xb5, 0x49, 0x95, 0x08, 0x00, 0x80, 0xb3,
 0x49, 0x96, 0x08, 0x00, 0x80, 0xb3, 0x49, 0x97,
 0x08, 0x00, 0x80, 0x01, 0xff, 0x07, 0x00, 0x01,
 0x49, 0x98, 0x08, 0x00, 0x80, 0xbb, 0xfe, 0x49,
 0x99, 0x08, 0x00, 0x80, 0xb5, 0x49, 0x9a, 0x08,
 0x00, 0x80, 0xbb, 0x0c, 0x49, 0x9b, 0x08, 0x00,
 0x80, 0xb2, 0x49, 0x9c, 0x08, 0x00, 0x80, 0xb5,
 0x49, 0x9d, 0x08, 0x00, 0x80, 0xbb, 0x26, 0x49,
 0x9e, 0x08, 0x00, 0x80, 0xbb, 0xfb, 0x49, 0x9f,
 0x08, 0x00, 0x80, 0xb5, 0x49, 0xa0, 0x08, 0x00,
 0x80, 0xb3, 0x49, 0xa1, 0x08, 0x00, 0x80, 0xb5,
 0x49, 0xa2, 0x08, 0x00, 0x80, 0xbc, 0x85, 0x00,
 0x49, 0xa3, 0x08, 0x00, 0x80, 0xbb, 0xfd, 0x49,
 0xa4, 0x08, 0x00, 0x80, 0xb6, 0x49, 0xa5, 0x08,
 0x00, 0x80, 0xb3, 0x49, 0xa6, 0x08, 0x00, 0x80,
 0xb5, 0x49, 0xa7, 0x08, 0x00, 0x80, 0xb5, 0x49,
 0xa8, 0x08, 0x00, 0x80, 0xbb, 0x37, 0x49, 0xa9,
 0x08, 0x00, 0x80, 0xb5, 0x49, 0xaa, 0x08, 0x00,
 0x80, 0xbc, 0x86, 0x00, 0x49, 0xab, 0x08, 0x00,
 0x80, 0xb3, 0x49, 0xac, 0x08, 0x00, 0x80, 0xbd,
 0x6a, 0x49, 0xad, 0x08, 0x00, 0x80, 0xb3, 0x49,
 0xae, 0x08, 0x00, 0x80, 0xb5, 0x49, 0xaf, 0x08,
 0x00, 0x80, 0xbb, 0xfe, 0x49, 0xb0, 0x08, 0x00,
 0x80, 0xb5, 0x49, 0xb1, 0x08, 0x00, 0x80, 0xbc,
 0x87, 0x00, 0x49, 0xb2, 0x08, 0x00, 0x80, 0xb5,
 0x49, 0xb3, 0x08, 0x00, 0x80, 0xbb, 0x24, 0x49,
 0xb4, 0x08, 0x00, 0x80, 0xb3, 0x49, 0xb5, 0x08,
 0x00, 0x80, 0xbb, 0x0a, 0x49, 0xb6, 0x08, 0x00,
 0x80, 0xb3, 0x49, 0xb7, 0x08, 0x00, 0x80, 0xbd,
 0x6b, 0x49, 0xb8, 0x08, 0x00, 0x80, 0xb3, 0x49,
 0xb9, 0x08, 0x00, 0x80, 0x01, 0xff, 0xff, 0x07,
 0x04, 0x49, 0xba, 0x08, 0x00, 0x80, 0xb3, 0x49,
 0xbb, 0x08, 0x00, 0x80, 0xbd, 0x6c, 0x49, 0xbc,
 0x08, 0x00, 0x80, 0xb5, 0x49, 0xbd, 0x08, 0x00,
 0x80, 0xb3, 0x49, 0xbe, 0x08, 0x00, 0x80, 0xb3,
 0x49, 0xbf, 0x08, 0x00, 0x80, 0x01, 0xff, 0x03,
 0x00, 0x20, 0x49, 0xc0, 0x08, 0x00, 0x80, 0xb5,
 0x49, 0xc1, 0x08, 0x00, 0x80, 0xbb, 0x12, 0x49,
 0xc2, 0x08, 0x00, 0x80, 0xb5, 0x49, 0xc3, 0x08,
 0x00, 0x80, 0xb3, 0x49, 0xc4, 0x08, 0x00, 0x80,
 0xb5, 0x49, 0xc5, 0x08, 0x00, 0x80, 0xbb, 0x2a,
 0x49, 0xc6, 0x08, 0x00, 0x80, 0xbb, 0xfa, 0x49,
 0xc7, 0x08, 0x00, 0x80, 0xb5, 0x49, 0xc8, 0x08,
 0x00, 0x80, 0xb3, 0x49, 0xc9, 0x08, 0x00, 0x80,
 0xb3, 0x49, 0xca, 0x08, 0x00, 0x80, 0xb4, 0x49,
 0xcb, 0x08, 0x00, 0x80, 0xb5, 0x49, 0xcc, 0x08,
 0x00, 0x80, 0xbb, 0x3b, 0x49, 0xcd, 0x08, 0x00,
 0x80, 0xb5, 0x49, 0xce, 0x08, 0x00, 0x80, 0xbb,
 0x11, 0x49, 0xcf, 0x08, 0x00, 0x80, 0xb3, 0x49,
 0xd0, 0x08, 0x00, 0x80, 0xb4, 0x49, 0xd1, 0x08,
 0x00, 0x80, 0xb5, 0x49, 0xd2, 0x08, 0x00, 0x80,
 0xbb, 0x2e, 0x49, 0xd3, 0x08, 0x00, 0x80, 0xb5,
 0x49, 0xd4, 0x08, 0x00, 0x80, 0xbb, 0x19, 0x49,
 0xd5, 0x08, 0x00, 0x80, 0xbb, 0xfd, 0x49, 0xd6,
 0x08, 0x00, 0x80, 0xb5, 0x49, 0xd7, 0x08, 0x00,
 0x80, 0xbc, 0x88, 0x00, 0x49, 0xd8, 0x08, 0x00,
 0x80, 0xb5, 0x49, 0xd9, 0x08, 0x00, 0x80, 0xbb,
 0x24, 0x49, 0xda, 0x08, 0x00, 0x80, 0xb5, 0x49,
 0xdb, 0x08, 0x00, 0x80, 0xbc, 0x89, 0x00, 0x49,
 0xdc, 0x08, 0x00, 0x80, 0xb5, 0x49, 0xdd, 0x08,
 0x00, 0x80, 0xbc, 0x8a, 0x00, 0x49, 0xde, 0x08,
 0x00, 0x80, 0xb3, 0x49, 0xdf, 0x08, 0x00, 0x80,
 0x01, 0xff, 0x03, 0x00, 0x01, 0x49, 0xe0, 0x08,
 0x00, 0x80, 0xbb, 0xf6, 0x49, 0xe1, 0x08, 0x00,
 0x80, 0xb5, 0x49, 0xe2, 0x08, 0x00, 0x80, 0xbb,
 0x23, 0x49, 0xe3, 0x08, 0x00, 0x80, 0xb3, 0x49,
 0xe4, 0x08, 0x00, 0x80, 0xbd, 0x6d, 0x49, 0xe5,
 0x08, 0x00, 0x80, 0xb5, 0x49, 0xe6, 0x08, 0x00,
 0x80, 0xbb, 0x09, 0x49, 0xe7, 0x08, 0x00, 0x80,
 0xbb, 0xfd, 0x49, 0xe8, 0x08, 0x00, 0x80, 0xb5,
 0x49, 0xe9, 0x08, 0x00, 0x80, 0xbb, 0x45, 0x49,
 0xea, 0x08, 0x00, 0x80, 0xbb, 0xfe, 0x49, 0xeb,
 0x08, 0x00, 0x80, 0xb6, 0x49, 0xec, 0x08, 0x00,
 0x80, 0xb3, 0x49, 0xed, 0x08, 0x00, 0x80, 0xbb,
 0x1c, 0x49, 0xee, 0x08, 0x00, 0x80, 0xb5, 0x49,
 0xef, 0x08, 0x00, 0x80, 0xbb, 0x20, 0x49, 0xf0,
 0x08, 0x00, 0x80, 0xbb, 0xfd, 0x49, 0xf1, 0x08,
 0x00, 0x80, 0xb6, 0x49, 0xf2, 0x08, 0x00, 0x80,
 0xb3, 0x49, 0xf3, 0x08, 0x00, 0x80, 0xb6, 0x49,
 0xf4, 0x08, 0x00, 0x80, 0xb5, 0x49, 0xf5, 0x08,
 0x00, 0x80, 0xbb, 0x11, 0x49, 0xf6, 0x08, 0x00,
 0x80, 0xb6, 0x49, 0xf7, 0x08, 0x00, 0x80, 0xb3,
 0x49, 0xf8, 0x08, 0x00, 0x80, 0xb9, 0x49, 0xf9,
 0x08, 0x00, 0x80, 0xb5, 0x49, 0xfa, 0x08, 0x00,
 0x80, 0xbb, 0x32, 0x49, 0xfb, 0x08, 0x00, 0x80,
 0xbb, 0xaf, 0x49, 0xfc, 0x08, 0x00, 0x80, 0xb5,
 0x49, 0xfd, 0x08, 0x00, 0x80, 0xbb, 0x12, 0x49,
 0xfe, 0x08, 0x00, 0x80, 0xb6, 0x49, 0xff, 0x08,
 0x00, 0x80, 0xb3, 0x49, 0x00, 0x09, 0x00, 0x80,
 0xb5, 0x49, 0x01, 0x09, 0x00, 0x80, 0xb5, 0x49,
 0x02, 0x09, 0x00, 0x80, 0xbb, 0x24, 0x49, 0x03,
 0x09, 0x00, 0x80, 0xb6, 0x49, 0x04, 0x09, 0x00,
 0x80, 0xb3, 0x49, 0x05, 0x09, 0x00, 0x80, 0xbb,
 0x21, 0x49, 0x06, 0x09, 0x00, 0x80, 0xb5, 0x49,
 0x07, 0x09, 0x00, 0x80, 0xbb, 0x19, 0x49, 0x08,
 0x09, 0x00, 0x80, 0xb3, 0x49, 0x09, 0x09, 0x00,
 0x80, 0xbb, 0x7e, 0x49, 0x0a, 0x09, 0x00, 0x80,
 0xb6, 0x49, 0x0b, 0x09, 0x00, 0x80, 0xb3, 0x49,
 0x0c, 0x09, 0x00, 0x80, 0xbb, 0x7c, 0x49, 0x0d,
 0x09, 0x00, 0x80, 0xb5, 0x49, 0x0e, 0x09, 0x00,
 0x80, 0xbb, 0x0c, 0x49, 0x0f, 0x09, 0x00, 0x80,
 0xb6, 0x49, 0x10, 0x09, 0x00, 0x80, 0xb3, 0x49,
 0x11, 0x09, 0x00, 0x80, 0xbb, 0x12, 0x49, 0x12,
 0x09, 0x00, 0x80, 0xb5, 0x49, 0x13, 0x09, 0x00,
 0x80, 0xbb, 0x26, 0x49, 0x14, 0x09, 0x00, 0x80,
 0xbc, 0x2b, 0xff, 0x49, 0x15, 0x09, 0x00, 0x80,
 0xb5, 0x49, 0x16, 0x09, 0x00, 0x80, 0xbb, 0x0a,
 0x49, 0x17, 0x09, 0x00, 0x80, 0xbb, 0xc9, 0x49,
 0x18, 0x09, 0x00, 0x80, 0xb6, 0x49, 0x19, 0x09,
 0x00, 0x80, 0xb3, 0x49, 0x1a, 0x09, 0x00, 0x80,
 0xbb, 0x11, 0x49, 0x1b, 0x09, 0x00, 0x80, 0xb5,
 0x49, 0x1c, 0x09, 0x00, 0x80, 0xbb, 0x2a, 0x49,
 0x1d, 0x09, 0x00, 0x80, 0xb5, 0x49, 0x1e, 0x09,
 0x00, 0x80, 0xbb, 0x08, 0x49, 0x1f, 0x09, 0x00,
 0x80, 0xb5, 0x49, 0x20, 0x09, 0x00, 0x80, 0xbb,
 0x12, 0x49, 0x21, 0x09, 0x00, 0x80, 0xb5, 0x49,
 0x22, 0x09, 0x00, 0x80, 0xb3, 0x49, 0x23, 0x09,
 0x00, 0x80, 0xb5, 0x49, 0x24, 0x09, 0x00, 0x80,
 0xbb, 0x08, 0x49, 0x25, 0x09, 0x00, 0x80, 0xb5,
 0x49, 0x26, 0x09, 0x00, 0x80, 0xbb, 0x12, 0x49,
 0x27, 0x09, 0x00, 0x80, 0xb5, 0x49, 0x28, 0x09,
 0x00, 0x80, 0xbb, 0x3c, 0x49, 0x29, 0x09, 0x00,
 0x80, 0xb5, 0x49, 0x2a, 0x09, 0x00, 0x80, 0xb3,
 0x49, 0x2b, 0x09, 0x00, 0x80, 0xb5, 0x49, 0x2c,
 0x09, 0x00, 0x80, 0xbb, 0x19, 0x49, 0x2d, 0x09,
 0x00, 0x80, 0xb5, 0x49, 0x2e, 0x09, 0x00, 0x80,
 0xbb, 0x32, 0x49, 0x2f, 0x09, 0x00, 0x80, 0xb5,
 0x49, 0x30, 0x09, 0x00, 0x80, 0xbc, 0x8b, 0x00,
 0x49, 0x31, 0x09, 0x00, 0x80, 0xb5, 0x49, 0x32,
 0x09, 0x00, 0x80, 0xbb, 0x19, 0x49, 0x33, 0x09,
 0x00, 0x80, 0xbb, 0xf3, 0x49, 0x34, 0x09, 0x00,
 0x80, 0xb5, 0x49, 0x35, 0x09, 0x00, 0x80, 0xb3,
 0x49, 0x36, 0x09, 0x00, 0x80, 0xb5, 0x49, 0x37,
 0x09, 0x00, 0x80, 0xbb, 0x49, 0x49, 0x38, 0x09,
 0x00, 0x80, 0xbb, 0xfa, 0x49, 0x39, 0x09, 0x00,
 0x80, 0xb6, 0x49, 0x3a, 0x09, 0x00, 0x80, 0xb3,
 0x49, 0x3b, 0x09, 0x00, 0x80, 0xb5, 0x49, 0x3c,
 0x09, 0x00, 0x80, 0xbb, 0xfc, 0x49, 0x3d, 0x09,
 0x00, 0x80, 0xb6, 0x49, 0x3e, 0x09, 0x00, 0x80,
 0xb3, 0x49, 0x3f, 0x09, 0x00, 0x80, 0xb5, 0x49,
 0x40, 0x09, 0x00, 0x80, 0xb3, 0x49, 0x41, 0x09,
 0x00, 0x80, 0x01, 0xff, 0x07, 0x01, 0x00, 0x49,
 0x42, 0x09, 0x00, 0x80, 0xb2, 0x49, 0x43, 0x09,
 0x00, 0x80, 0xb5, 0x49, 0x44, 0x09, 0x00, 0x80,
 0xbb, 0x6b, 0x49, 0x45, 0x09, 0x00, 0x80, 0xbb,
 0xfe, 0x49, 0x46, 0x09, 0x00, 0x80, 0xb3, 0x49,
 0x47, 0x09, 0x00, 0x80, 0xbb, 0x0b, 0x49, 0x48,
 0x09, 0x00, 0x80, 0xb6, 0x49, 0x49, 0x09, 0x00,
 0x80, 0xb3, 0x49, 0x4a, 0x09, 0x00, 0x80, 0xbc,
 0xbf, 0x00, 0x49, 0x4b, 0x09, 0x00, 0x80, 0xb5,
 0x49, 0x4c, 0x09, 0x00, 0x80, 0xbb, 0x36, 0x49,
 0x4d, 0x09, 0x00, 0x80, 0xb6, 0x49, 0x4e, 0x09,
 0x00, 0x80, 0xb3, 0x49, 0x4f, 0x09, 0x00, 0x80,
 0xbb, 0x26, 0x49, 0x50, 0x09, 0x00, 0x80, 0xb5,
 0x49, 0x51, 0x09, 0x00, 0x80, 0xbb, 0x1e, 0x49,
 0x52, 0x09, 0x00, 0x80, 0xb5, 0x49, 0x53, 0x09,
 0x00, 0x80, 0xbb, 0x37, 0x49, 0x54, 0x09, 0x00,
 0x80, 0xb5, 0x49, 0x55, 0x09, 0x00, 0x80, 0xbb,
 0x22, 0x49, 0x56, 0x09, 0x00, 0x80, 0xbc, 0xea,
 0xfe, 0x49, 0x57, 0x09, 0x00, 0x80, 0xb5, 0x49,
 0x58, 0x09, 0x00, 0x80, 0xbc, 0x8c, 0x00, 0x49,
 0x59, 0x09, 0x00, 0x80, 0xb6, 0x49, 0x5a, 0x09,
 0x00, 0x80, 0xb3, 0x49, 0x5b, 0x09, 0x00, 0x80,
 0xbb, 0x09, 0x49, 0x5c, 0x09, 0x00, 0x80, 0xb5,
 0x49, 0x5d, 0x09, 0x00, 0x80, 0xbc, 0x8d, 0x00,
 0x49, 0x5e, 0x09, 0x00, 0x80, 0xb5, 0x49, 0x5f,
 0x09, 0x00, 0x80, 0xbc, 0x8e, 0x00, 0x49, 0x60,
 0x09, 0x00, 0x80, 0xb5, 0x49, 0x61, 0x09, 0x00,
 0x80, 0xbb, 0x38, 0x49, 0x62, 0x09, 0x00, 0x80,
 0xb6, 0x49, 0x63, 0x09, 0x00, 0x80, 0xb3, 0x49,
 0x64, 0x09, 0x00, 0x80, 0xbb, 0x0b, 0x49, 0x65,
 0x09, 0x00, 0x80, 0xb5, 0x49, 0x66, 0x09, 0x00,
 0x80, 0xba, 0x49, 0x67, 0x09, 0x00, 0x80, 0xbb,
 0xb8, 0x49, 0x68, 0x09, 0x00, 0x80, 0xb6, 0x49,
 0x69, 0x09, 0x00, 0x80, 0xb3, 0x49, 0x6a, 0x09,
 0x00, 0x80, 0xb6, 0x49, 0x6b, 0x09, 0x00, 0x80,
 0xb5, 0x49, 0x6c, 0x09, 0x00, 0x80, 0xbc, 0x8f,
 0x00, 0x49, 0x6d, 0x09, 0x00, 0x80, 0xb5, 0x49,
 0x6e, 0x09, 0x00, 0x80, 0xbc, 0x90, 0x00, 0x49,
 0x6f, 0x09, 0x00, 0x80, 0xbc, 0x45, 0xff, 0x49,
 0x70, 0x09, 0x00, 0x80, 0xb6, 0x49, 0x71, 0x09,
 0x00, 0x80, 0xb3, 0x49, 0x72, 0x09, 0x00, 0x80,
 0xb5, 0x49, 0x73, 0x09, 0x00, 0x80, 0xb5, 0x49,
 0x74, 0x09, 0x00, 0x80, 0xbb, 0x3a, 0x49, 0x75,
 0x09, 0x00, 0x80, 0xb5, 0x49, 0x76, 0x09, 0x00,
 0x80, 0xb3, 0x49, 0x77, 0x09, 0x00, 0x80, 0xb5,
 0x49, 0x78, 0x09, 0x00, 0x80, 0xbc, 0x91, 0x00,
 0x49, 0x79, 0x09, 0x00, 0x80, 0xb5, 0x49, 0x7a,
 0x09, 0x00, 0x80, 0xbc, 0x92, 0x00, 0x49, 0x7b,
 0x09, 0x00, 0x80, 0xb5, 0x49, 0x7c, 0x09, 0x00,
 0x80, 0xbb, 0x3e, 0x49, 0x7d, 0x09, 0x00, 0x80,
 0xb5, 0x49, 0x7e, 0x09, 0x00, 0x80, 0xb3, 0x49,
 0x7f, 0x09, 0x00, 0x80, 0xb5, 0x49, 0x80, 0x09,
 0x00, 0x80, 0xbc, 0x93, 0x00, 0x49, 0x81, 0x09,
 0x00, 0x80, 0xb5, 0x49, 0x82, 0x09, 0x00, 0x80,
 0xbc, 0x94, 0x00, 0x49, 0x83, 0x09, 0x00, 0x80,
 0xb5, 0x49, 0x84, 0x09, 0x00, 0x80, 0xbc, 0x95,
 0x00, 0x49, 0x85, 0x09, 0x00, 0x80, 0xb6, 0x49,
 0x86, 0x09, 0x00, 0x80, 0xb3, 0x49, 0x87, 0x09,
 0x00, 0x80, 0xbb, 0x0a, 0x49, 0x88, 0x09, 0x00,
 0x80, 0xb5, 0x49, 0x89, 0x09, 0x00, 0x80, 0xbc,
 0x96, 0x00, 0x49, 0x8a, 0x09, 0x00, 0x80, 0xb5,
 0x49, 0x8b, 0x09, 0x00, 0x80, 0xbc, 0x97, 0x00,
 0x49, 0x8c, 0x09, 0x00, 0x80, 0xb5, 0x49, 0x8d,
 0x09, 0x00, 0x80, 0xbb, 0x16, 0x49, 0x8e, 0x09,
 0x00, 0x80, 0xb6, 0x49, 0x8f, 0x09, 0x00, 0x80,
 0xbb, 0x3a, 0x49, 0x90, 0x09, 0x00, 0x80, 0xb5,
 0x49, 0x91, 0x09, 0x00, 0x80, 0xb6, 0x49, 0x92,
 0x09, 0x00, 0x80, 0xbc, 0x98, 0x00, 0x49, 0x93,
 0x09, 0x00, 0x80, 0xb5, 0x49, 0x94, 0x09, 0x00,
 0x80, 0xb6, 0x49, 0x95, 0x09, 0x00, 0x80, 0xbb,
 0x3b, 0x49, 0x96, 0x09, 0x00, 0x80, 0xb5, 0x49,
 0x97, 0x09, 0x00, 0x80, 0xb5, 0x49, 0x98, 0x09,
 0x00, 0x80, 0xbc, 0x99, 0x00, 0x49, 0x99, 0x09,
 0x00, 0x80, 0xbb, 0xc7, 0x49, 0x9a, 0x09, 0x00,
 0x80, 0xb5, 0x49, 0x9b, 0x09, 0x00, 0x80, 0xbb,
 0x08, 0x49, 0x9c, 0x09, 0x00, 0x80, 0xb5, 0x49,
 0x9d, 0x09, 0x00, 0x80, 0xbc, 0x9a, 0x00, 0x49,
 0x9e, 0x09, 0x00, 0x80, 0xbb, 0xf9, 0x49, 0x9f,
 0x09, 0x00, 0x80, 0xb5, 0x49, 0xa0, 0x09, 0x00,
 0x80, 0xbb, 0x12, 0x49, 0xa1, 0x09, 0x00, 0x80,
 0xb5, 0x49, 0xa2, 0x09, 0x00, 0x80, 0xb3, 0x49,
 0xa3, 0x09, 0x00, 0x80, 0xb5, 0x49, 0xa4, 0x09,
 0x00, 0x80, 0xbb, 0x3c, 0x49, 0xa5, 0x09, 0x00,
 0x80, 0xbb, 0xfc, 0x49, 0xa6, 0x09, 0x00, 0x80,
 0xb5, 0x49, 0xa7, 0x09, 0x00, 0x80, 0xb3, 0x49,
 0xa8, 0x09, 0x00, 0x80, 0xb3, 0x49, 0xa9, 0x09,
 0x00, 0x80, 0x01, 0xff, 0x1f, 0x80, 0x3f, 0x49,
 0xaa, 0x09, 0x00, 0x80, 0xb3, 0x49, 0xab, 0x09,
 0x00, 0x80, 0xbc, 0x00, 0x40, 0x49, 0xac, 0x09,
 0x00, 0x80, 0xbb, 0xf7, 0x49, 0xad, 0x09, 0x00,
 0x80, 0xb5, 0x49, 0xae, 0x09, 0x00, 0x80, 0xbb,
 0x12, 0x49, 0xaf, 0x09, 0x00, 0x80, 0xb5, 0x49,
 0xb0, 0x09, 0x00, 0x80, 0xbb, 0x3c, 0x49, 0xb1,
 0x09, 0x00, 0x80, 0xb5, 0x49, 0xb2, 0x09, 0x00,
 0x80, 0xb3, 0x49, 0xb3, 0x09, 0x00, 0x80, 0xb5,
 0x49, 0xb4, 0x09, 0x00, 0x80, 0xbc, 0x85, 0x00,
 0x49, 0xb5, 0x09, 0x00, 0x80, 0xbb, 0xf2, 0x49,
 0xb6, 0x09, 0x00, 0x80, 0xb5, 0x49, 0xb7, 0x09,
 0x00, 0x80, 0xbb, 0x12, 0x49, 0xb8, 0x09, 0x00,
 0x80, 0xb5, 0x49, 0xb9, 0x09, 0x00, 0x80, 0xbc,
 0x85, 0x00, 0x49, 0xba, 0x09, 0x00, 0x80, 0xbb,
 0xfa, 0x49, 0xbb, 0x09, 0x00, 0x80, 0xb5, 0x49,
 0xbc, 0x09, 0x00, 0x80, 0xbb, 0x12, 0x49, 0xbd,
 0x09, 0x00, 0x80, 0xb3, 0x49, 0xbe, 0x09, 0x00,
 0x80, 0x01, 0xff, 0x3f, 0x01, 0x00, 0x49, 0xbf,
 0x09, 0x00, 0x80, 0xbb, 0xf1, 0x49, 0xc0, 0x09,
 0x00, 0x80, 0xb5, 0x49, 0xc1, 0x09, 0x00, 0x80,
 0xbc, 0x9b, 0x00, 0x49, 0xc2, 0x09, 0x00, 0x80,
 0xb6, 0x49, 0xc3, 0x09, 0x00, 0x80, 0xb3, 0x49,
 0xc4, 0x09, 0x00, 0x80, 0xb9, 0x49, 0xc5, 0x09,
 0x00, 0x80, 0xb5, 0x49, 0xc6, 0x09, 0x00, 0x80,
 0xbb, 0x7e, 0x49, 0xc7, 0x09, 0x00, 0x80, 0xb2,
 0x49, 0xc8, 0x09, 0x00, 0x80, 0xb6, 0x49, 0xc9,
 0x09, 0x00, 0x80, 0xb3, 0x49, 0xca, 0x09, 0x00,
 0x80, 0xb5, 0x49, 0xcb, 0x09, 0x00, 0x80, 0xb3,
 0x49, 0xcc, 0x09, 0x00, 0x80, 0xbc, 0x0f, 0x08,
 0x49, 0xcd, 0x09, 0x00, 0x80, 0xbb, 0xdb, 0x49,
 0xce, 0x09, 0x00, 0x80, 0xb5, 0x49, 0xcf, 0x09,
 0x00, 0x80, 0xbb, 0x3e, 0x49, 0xd0, 0x09, 0x00,
 0x80, 0xb5, 0x49, 0xd1, 0x09, 0x00, 0x80, 0xbc,
 0x9c, 0x00, 0x49, 0xd2, 0x09, 0x00, 0x80, 0xb5,
 0x49, 0xd3, 0x09, 0x00, 0x80, 0xbc, 0x9d, 0x00,
 0x49, 0xd4, 0x09, 0x00, 0x80, 0xb5, 0x49, 0xd5,
 0x09, 0x00, 0x80, 0xbc, 0x9e, 0x00, 0x49, 0xd6,
 0x09, 0x00, 0x80, 0xb5, 0x49, 0xd7, 0x09, 0x00,
 0x80, 0xbc, 0x9f, 0x00, 0x49, 0xd8, 0x09, 0x00,
 0x80, 0xb5, 0x49, 0xd9, 0x09, 0x00, 0x80, 0xbc,
 0xa0, 0x00, 0x49, 0xda, 0x09, 0x00, 0x80, 0xbc,
 0x76, 0xff, 0x49, 0xdb, 0x09, 0x00, 0x80, 0xb6,
 0x49, 0xdc, 0x09, 0x00, 0x80, 0xb3, 0x49, 0xdd,
 0x09, 0x00, 0x80, 0xbc, 0x37, 0x05, 0x49, 0xde,
 0x09, 0x00, 0x80, 0xb2, 0x49, 0xdf, 0x09, 0x00,
 0x80, 0xb6, 0x49, 0xe0, 0x09, 0x00, 0x80, 0xb3,
 0x49, 0xe1, 0x09, 0x00, 0x80, 0xbc, 0x81, 0x00,
 0x49, 0xe2, 0x09, 0x00, 0x80, 0xb5, 0x49, 0xe3,
 0x09, 0x00, 0x80, 0xbb, 0x20, 0x49, 0xe4, 0x09,
 0x00, 0x80, 0xb6, 0x49, 0xe5, 0x09, 0x00, 0x80,
 0xb3, 0x49, 0xe6, 0x09, 0x00, 0x80, 0xb9, 0x49,
 0xe7, 0x09, 0x00, 0x80, 0xb5, 0x49, 0xe8, 0x09,
 0x00, 0x80, 0xbb, 0x0a, 0x49, 0xe9, 0x09, 0x00,
 0x80, 0xb6, 0x49, 0xea, 0x09, 0x00, 0x80, 0xb3,
 0x49, 0xeb, 0x09, 0x00, 0x80, 0xbc, 0xb4, 0x00,
 0x49, 0xec, 0x09, 0x00, 0x80, 0xb5, 0x49, 0xed,
 0x09, 0x00, 0x80, 0xbc, 0xa1, 0x00, 0x49, 0xee,
 0x09, 0x00, 0x80, 0xb6, 0x49, 0xef, 0x09, 0x00,
 0x80, 0xb3, 0x49, 0xf0, 0x09, 0x00, 0x80, 0xbc,
 0xe9, 0x00, 0x49, 0xf1, 0x09, 0x00, 0x80, 0xb5,
 0x49, 0xf2, 0x09, 0x00, 0x80, 0xbc, 0xa2, 0x00,
 0x49, 0xf3, 0x09, 0x00, 0x80, 0xb6, 0x49, 0xf4,
 0x09, 0x00, 0x80, 0xb3, 0x49, 0xf5, 0x09, 0x00,
 0x80, 0xbb, 0x12, 0x49, 0xf6, 0x09, 0x00, 0x80,
 0xb5, 0x49, 0xf7, 0x09, 0x00, 0x80, 0xbb, 0x0a,
 0x49, 0xf8, 0x09, 0x00, 0x80, 0xbb, 0xb3, 0x49,
 0xf9, 0x09, 0x00, 0x80, 0xb6, 0x49, 0xfa, 0x09,
 0x00, 0x80, 0xb3, 0x49, 0xfb, 0x09, 0x00, 0x80,
 0xbb, 0x10, 0x49, 0xfc, 0x09, 0x00, 0x80, 0xb5,
 0x49, 0xfd, 0x09, 0x00, 0x80, 0xbb, 0x0a, 0x49,
 0xfe, 0x09, 0x00, 0x80, 0xbb, 0xd1, 0x49, 0xff,
 0x09, 0x00, 0x80, 0xb6, 0x49, 0x00, 0x0a, 0x00,
 0x80, 0xb3, 0x49, 0x01, 0x0a, 0x00, 0x80, 0xbc,
 0x9a, 0x00, 0x49, 0x02, 0x0a, 0x00, 0x80, 0xb5,
 0x49, 0x03, 0x0a, 0x00, 0x80, 0xb9, 0x49, 0x04,
 0x0a, 0x00, 0x80, 0xb6, 0x49, 0x05, 0x0a, 0x00,
 0x80, 0xb3, 0x49, 0x06, 0x0a, 0x00, 0x80, 0xbc,
 0x82, 0x00, 0x49, 0x07, 0x0a, 0x00, 0x80, 0xb5,
 0x49, 0x08, 0x0a, 0x00, 0x80, 0xbb, 0x19, 0x49,
 0x09, 0x0a, 0x00, 0x80, 0xbc, 0x1e, 0x91, 0x49,
 0x0a, 0x0a, 0x00, 0x80, 0xbd, 0x6e, 0xbd, 0x6f,
 0xbd, 0x70, 0xbd, 0x71, 0xbd, 0x72, 0x01, 0xfe,
 0xff, 0xff, 0x07, 0xbd, 0x73, 0x01, 0xff, 0xff,
 0xff, 0x0f, 0x01, 0xff, 0xff, 0xff, 0x7f, 0x01,
 0xff, 0xff, 0x0f, 0x00, 0x01, 0xff, 0xff, 0xff,
 0x3f, 0xbd, 0x74, 0x01, 0xff, 0xff, 0xff, 0x07,
 0x01, 0xff, 0xff, 0x3f, 0x3f, 0x01, 0x00, 0x00,
 0xff, 0x1f, 0xbd, 0x75, 0xbd, 0x76, 0xbc, 0xff,
 0x7f, 0xbd, 0x77, 0x01, 0xff, 0xff, 0x03, 0x00,
 0x01, 0xff, 0xff, 0xff, 0x1f, 0x01, 0xff, 0xff,
 0x7f, 0x00, 0xbd, 0x78, 0xbd, 0x79, 0xbd, 0x7a,
 0x01, 0xff, 0xff, 0x00, 0x00, 0x01, 0x00, 0x00,
 0xff, 0x03, 0xbd, 0x7b, 0xbd, 0x7c, 0x01, 0xff,
 0xff, 0x1f, 0x00, 0x01, 0xff, 0xff, 0x3f, 0x00,
 0xbc, 0xff, 0x00, 0x26, 0x20, 0x00, 0x01, 0xff,
 0xff, 0xff, 0x03, 0x49, 0x20, 0x00, 0x00, 0x80,
 0xbd, 0x7d, 0x49, 0x21, 0x00, 0x00, 0x80, 0xbc,
 0xff, 0x01, 0x49, 0x22, 0x00, 0x00, 0x80, 0x01,
 0xff, 0xff, 0x07, 0x00, 0x49, 0x23, 0x00, 0x00,
 0x80, 0x01, 0xff, 0xff, 0x01, 0x00, 0x49, 0x24,
 0x00, 0x00, 0x80, 0xbb, 0x3f, 0x49, 0x25, 0x00,
 0x00, 0x80, 0xbb, 0x7f, 0x49, 0x26, 0x00, 0x00,
 0x80, 0xbd, 0x7e, 0x49, 0x27, 0x00, 0x00, 0x80,
 0xbd, 0x7f, 0x49, 0x28, 0x00, 0x00, 0x80, 0xbd,
 0x80, 0x49, 0x29, 0x00, 0x00, 0x80, 0x01, 0xff,
 0xff, 0xff, 0x01, 0x49, 0x2a, 0x00, 0x00, 0x80,
 0xbd, 0x81, 0x49, 0x2b, 0x00, 0x00, 0x80, 0xbd,
 0x82, 0x49, 0x2c, 0x00, 0x00, 0x80, 0x01, 0x01,
 0x00, 0xff, 0x03, 0x49, 0x2d, 0x00, 0x00, 0x80,
 0xbd, 0x83, 0x49, 0x2e, 0x00, 0x00, 0x80, 0xbd,
 0x84, 0x49, 0x2f, 0x00, 0x00, 0x80, 0x01, 0xff,
 0x00, 0xff, 0x03, 0x49, 0x30, 0x00, 0x00, 0x80,
 0xbc, 0xff, 0x03, 0x49, 0x31, 0x00, 0x00, 0x80,
 0xbb, 0x0f, 0x49, 0x32, 0x00, 0x00, 0x80, 0x01,
 0xff, 0x3f, 0x1f, 0x00, 0x49, 0x33, 0x00, 0x00,
 0x80, 0x01, 0x0f, 0x00, 0xff, 0x03, 0x49, 0x34,
 0x00, 0x00, 0x80, 0x01, 0xff, 0x1f, 0xff, 0x03,
 0x49, 0x35, 0x00, 0x00, 0x80, 0x01, 0xff, 0xff,
 0xff, 0x00, 0x49, 0x36, 0x00, 0x00, 0x80, 0xbd,
 0x85, 0x49, 0x37, 0x00, 0x00, 0x80, 0xbd, 0x86,
 0x49, 0x38, 0x00, 0x00, 0x80, 0xbb, 0x1c, 0x49,
 0x39, 0x00, 0x00, 0x80, 0xbd, 0x87, 0x49, 0x3a,
 0x00, 0x00, 0x80, 0xbd, 0x88, 0x49, 0x3b, 0x00,
 0x00, 0x80, 0xbc, 0xff, 0x3f, 0x49, 0x3c, 0x00,
 0x00, 0x80, 0x01, 0xff, 0x0f, 0xff, 0x03, 0x49,
 0x3d, 0x00, 0x00, 0x80, 0xbd, 0x89, 0x49, 0x3e,
 0x00, 0x00, 0x80, 0x01, 0xc3, 0xff, 0x03, 0x00,
 0x49, 0x3f, 0x00, 0x00, 0x80, 0xbc, 0x1f, 0x50,
 0x49, 0x40, 0x00, 0x00, 0x80, 0x01, 0xff, 0xff,
 0x7f, 0x02, 0x49, 0x41, 0x00, 0x00, 0x80, 0x01,
 0xff, 0x87, 0x07, 0x00, 0x49, 0x42, 0x00, 0x00,
 0x80, 0xbd, 0x8a, 0x49, 0x43, 0x00, 0x00, 0x80,
 0x01, 0xff, 0xff, 0xff, 0x23, 0x49, 0x44, 0x00,
 0x00, 0x80, 0x01, 0x00, 0x00, 0x01, 0x00, 0x49,
 0x45, 0x00, 0x00, 0x80, 0x01, 0xff, 0xfd, 0xed,
 0x23, 0x49, 0x46, 0x00, 0x00, 0x80, 0x01, 0xff,
 0xff, 0xfb, 0x2f, 0x49, 0x47, 0x00, 0x00, 0x80,
 0xbd, 0x8b, 0x49, 0x48, 0x00, 0x00, 0x80, 0xbc,
 0xff, 0x1f, 0x49, 0x49, 0x00, 0x00, 0x80, 0x01,
 0xff, 0x3d, 0x7f, 0x3d, 0x49, 0x4a, 0x00, 0x00,
 0x80, 0xbd, 0x8c, 0x49, 0x4b, 0x00, 0x00, 0x80,
 0x01, 0xff, 0xff, 0x3d, 0x7f, 0x49, 0x4c, 0x00,
 0x00, 0x80, 0xbd, 0x8d, 0x49, 0x4d, 0x00, 0x00,
 0x80, 0xbd, 0x8e, 0x49, 0x4e, 0x00, 0x00, 0x80,
 0xbd, 0x8f, 0x49, 0x4f, 0x00, 0x00, 0x80, 0x01,
 0xff, 0xc7, 0xff, 0x01, 0x49, 0x50, 0x00, 0x00,
 0x80, 0xbd, 0x90, 0x49, 0x51, 0x00, 0x00, 0x80,
 0xbd, 0x91, 0x49, 0x52, 0x00, 0x00, 0x80, 0x01,
 0xff, 0xff, 0xdf, 0x5f, 0x49, 0x53, 0x00, 0x00,
 0x80, 0x01, 0xdc, 0x1f, 0xcf, 0x0f, 0x49, 0x54,
 0x00, 0x00, 0x80, 0x01, 0xff, 0x1f, 0xdc, 0x1f,
 0x49, 0x55, 0x00, 0x00, 0x80, 0xbd, 0x92, 0x49,
 0x56, 0x00, 0x00, 0x80, 0x01, 0x84, 0xfc, 0x2f,
 0x3f, 0x49, 0x57, 0x00, 0x00, 0x80, 0xbd, 0x93,
 0x49, 0x58, 0x00, 0x00, 0x80, 0xbc, 0xe0, 0x43,
 0x49, 0x59, 0x00, 0x00, 0x80, 0x01, 0x7f, 0x7f,
 0x7f, 0x7f, 0x49, 0x5a, 0x00, 0x00, 0x80, 0xbc,
 0xe0, 0x00, 0x49, 0x5b, 0x00, 0x00, 0x80, 0xbd,
 0x94, 0x49, 0x5c, 0x00, 0x00, 0x80, 0xbd, 0x95,
 0x49, 0x5d, 0x00, 0x00, 0x80, 0xbd, 0x96, 0x49,
 0x5e, 0x00, 0x00, 0x80, 0xbd, 0x97, 0x49, 0x5f,
 0x00, 0x00, 0x80, 0xbd, 0x98, 0x49, 0x60, 0x00,
 0x00, 0x80, 0x01, 0xff, 0x3f, 0xeb, 0x1f, 0x49,
 0x61, 0x00, 0x00, 0x80, 0xbd, 0x99, 0x49, 0x62,
 0x00, 0x00, 0x80, 0xbd, 0x9a, 0x49, 0x63, 0x00,
 0x00, 0x80, 0x01, 0x00, 0x80, 0x00, 0x00, 0x49,
 0x64, 0x00, 0x00, 0x80, 0x01, 0x7e, 0x7e, 0x7e,
 0x00, 0x49, 0x65, 0x00, 0x00, 0x80, 0xbd, 0x9b,
 0x49, 0x66, 0x00, 0x00, 0x80, 0xbd, 0x9c, 0x49,
 0x67, 0x00, 0x00, 0x80, 0xbd, 0x9d, 0x49, 0x68,
 0x00, 0x00, 0x80, 0x01, 0xff, 0xfd, 0x7f, 0x5f,
 0x49, 0x69, 0x00, 0x00, 0x80, 0xbd, 0x9e, 0x49,
 0x6a, 0x00, 0x00, 0x80, 0xbd, 0x9f, 0x49, 0x6b,
 0x00, 0x00, 0x80, 0x01, 0x00, 0x00, 0xff, 0x0f,
 0x49, 0x6c, 0x00, 0x00, 0x80, 0xbd, 0xa0, 0x49,
 0x6d, 0x00, 0x00, 0x80, 0xbd, 0xa1, 0x49, 0x6e,
 0x00, 0x00, 0x80, 0x01, 0xfc, 0xfc, 0xfc, 0x1c,
 0x49, 0x6f, 0x00, 0x00, 0x80, 0xbd, 0xa2, 0x49,
 0x70, 0x00, 0x00, 0x80, 0xbd, 0xa3, 0x49, 0x71,
 0x00, 0x00, 0x80, 0x01, 0xff, 0x3f, 0xff, 0x3f,
 0x49, 0x72, 0x00, 0x00, 0x80, 0x01, 0x0f, 0xff,
 0x3e, 0x00, 0x49, 0x73, 0x00, 0x00, 0x80, 0xbd,
 0xa4, 0x49, 0x74, 0x00, 0x00, 0x80, 0xbd, 0xa5,
 0x49, 0x75, 0x00, 0x00, 0x80, 0xbd, 0xa6, 0x49,
 0x76, 0x00, 0x00, 0x80, 0xbd, 0xa7, 0x49, 0x77,
 0x00, 0x00, 0x80, 0x01, 0xfb, 0xff, 0xfb, 0x1b,
 0x49, 0x78, 0x00, 0x00, 0x80, 0xbd, 0xa8, 0x49,
 0x79, 0x00, 0x00, 0x80, 0x01, 0xff, 0xff, 0xfd,
 0x07, 0x49, 0x7a, 0x00, 0x00, 0x80, 0xbd, 0xa9,
 0x49, 0x7b, 0x00, 0x00, 0x80, 0xbd, 0xaa, 0x49,
 0x7c, 0x00, 0x00, 0x80, 0x01, 0xff, 0xff, 0x37,
 0x00, 0x49, 0x7d, 0x00, 0x00, 0x80, 0xbb, 0x1f,
 0x49, 0x7e, 0x00, 0x00, 0x80, 0xbd, 0xab, 0x49,
 0x7f, 0x00, 0x00, 0x80, 0xbd, 0xac, 0x49, 0x80,
 0x00, 0x00, 0x80, 0xbd, 0xad, 0x49, 0x81, 0x00,
 0x00, 0x80, 0xbd, 0xae, 0x49, 0x82, 0x00, 0x00,
 0x80, 0xbd, 0xaf, 0x49, 0x83, 0x00, 0x00, 0x80,
 0xbd, 0xb0, 0x49, 0x84, 0x00, 0x00, 0x80, 0xbc,
 0xff, 0x0f, 0x49, 0x85, 0x00, 0x00, 0x80, 0xbd,
 0xb1, 0x49, 0x86, 0x00, 0x00, 0x80, 0xbd, 0xb2,
 0x49, 0x87, 0x00, 0x00, 0x80, 0xbd, 0xb3, 0x49,
 0x88, 0x00, 0x00, 0x80, 0xbb, 0x40, 0x49, 0x89,
 0x00, 0x00, 0x80, 0xbd, 0xb4, 0x49, 0x8a, 0x00,
 0x00, 0x80, 0xbd, 0xb5, 0x49, 0x8b, 0x00, 0x00,
 0x80, 0x01, 0x00, 0x00, 0xef, 0x6f, 0x49, 0x8c,
 0x00, 0x00, 0x80, 0x01, 0x07, 0x00, 0x04, 0x00,
 0x49, 0x8d, 0x00, 0x00, 0x80, 0x01, 0x00, 0x00,
 0x27, 0x00, 0x49, 0x8e, 0x00, 0x00, 0x80, 0x01,
 0xff, 0x07, 0xff, 0x1f, 0x49, 0x8f, 0x00, 0x00,
 0x80, 0x01, 0xff, 0x01, 0xff, 0x03, 0x49, 0x90,
 0x00, 0x00, 0x80, 0xbd, 0xb6, 0x49, 0x91, 0x00,
 0x00, 0x80, 0xbd, 0xb7, 0x49, 0x92, 0x00, 0x00,
 0x80, 0xbd, 0xb8, 0x49, 0x93, 0x00, 0x00, 0x80,
 0x01, 0xff, 0xff, 0xff, 0x7b, 0x49, 0x94, 0x00,
 0x00, 0x80, 0xbd, 0xb9, 0x49, 0x95, 0x00, 0x00,
 0x80, 0xbd, 0xba, 0x49, 0x96, 0x00, 0x00, 0x80,
 0xbd, 0xbb, 0x49, 0x97, 0x00, 0x00, 0x80, 0xbd,
 0xbc, 0x49, 0x98, 0x00, 0x00, 0x80, 0xbc, 0xf7,
 0x0f, 0x49, 0x99, 0x00, 0x00, 0x80, 0xbc, 0xe0,
 0x07, 0x49, 0x9a, 0x00, 0x00, 0x80, 0x01, 0x7f,
 0x6f, 0xff, 0x7f, 0x49, 0x9b, 0x00, 0x00, 0x80,
 0x01, 0x96, 0xfe, 0xf7, 0x0a, 0x49, 0x9c, 0x00,
 0x00, 0x80, 0xbd, 0xbd, 0x49, 0x9d, 0x00, 0x00,
 0x80, 0x01, 0x96, 0xf7, 0xf7, 0x5e, 0x49, 0x9e,
 0x00, 0x00, 0x80, 0x01, 0xff, 0xfb, 0xff, 0x0f,
 0x49, 0x9f, 0x00, 0x00, 0x80, 0x01, 0xee, 0xfb,
 0xff, 0x0f, 0x49, 0xa0, 0x00, 0x00, 0x80, 0xbd,
 0xbe, 0x49, 0xa1, 0x00, 0x00, 0x80, 0xbd, 0xbf,
 0x49, 0xa2, 0x00, 0x00, 0x80, 0xee, 0xc7, 0xbe,
 0xc0, 0x4a, 0xf6, 0x00, 0x00, 0x00, 0xc8, 0xb3,
 0xb3, 0xb3, 0xb3, 0xb3, 0xb3, 0xb3, 0xb3, 0xb3,
 0xb3, 0xbc, 0x08, 0x04, 0xb3, 0xb3, 0xbc, 0x08,
 0x08, 0xb3, 0xb3, 0xb3, 0xb3, 0xb3, 0xb3, 0xb3,
 0xb3, 0xb3, 0xb3, 0xb3, 0xb3, 0xb3, 0xb3, 0xb3,
 0xb3, 0xb3, 0xb3, 0x26, 0x20, 0x00, 0xb3, 0x49,
 0x20, 0x00, 0x00, 0x80, 0xb3, 0x49, 0x21, 0x00,
 0x00, 0x80, 0xbc, 0x00, 0x20, 0x49, 0x22, 0x00,
 0x00, 0x80, 0xb3, 0x49, 0x23, 0x00, 0x00, 0x80,
 0xb6, 0x49, 0x24, 0x00, 0x00, 0x80, 0xb3, 0x49,
 0x25, 0x00, 0x00, 0x80, 0xb3, 0x49, 0x26, 0x00,
 0x00, 0x80, 0xbc, 0x00, 0x20, 0x49, 0x27, 0x00,
 0x00, 0x80, 0xb3, 0x49, 0x28, 0x00, 0x00, 0x80,
 0xb3, 0x49, 0x29, 0x00, 0x00, 0x80, 0xb3, 0x49,
 0x2a, 0x00, 0x00, 0x80, 0xbc, 0x00, 0x01, 0x49,
 0x2b, 0x00, 0x00, 0x80, 0xb3, 0x49, 0x2c, 0x00,
 0x00, 0x80, 0x01, 0x00, 0x81, 0x00, 0x00, 0x49,
 0x2d, 0x00, 0x00, 0x80, 0xb3, 0x49, 0x2e, 0x00,
 0x00, 0x80, 0xb3, 0x49, 0x2f, 0x00, 0x00, 0x80,
 0xbc, 0xf2, 0x00, 0x49, 0x30, 0x00, 0x00, 0x80,
 0xbc, 0xf2, 0x00, 0x49, 0x31, 0x00, 0x00, 0x80,
 0xbb, 0x72, 0x49, 0x32, 0x00, 0x00, 0x80, 0xbb,
 0x72, 0x49, 0x33, 0x00, 0x00, 0x80, 0xbb, 0x72,
 0x49, 0x34, 0x00, 0x00, 0x80, 0xbb, 0x72, 0x49,
 0x35, 0x00, 0x00, 0x80, 0xbb, 0x72, 0x49, 0x36,
 0x00, 0x00, 0x80, 0xbb, 0x72, 0x49, 0x37, 0x00,
 0x00, 0x80, 0xbc, 0x52, 0x02, 0x49, 0x38, 0x00,
 0x00, 0x80, 0xbc, 0x52, 0x02, 0x49, 0x39, 0x00,
 0x00, 0x80, 0xb3, 0x49, 0x3a, 0x00, 0x00, 0x80,
 0xb3, 0x49, 0x3b, 0x00, 0x00, 0x80, 0xbc, 0x00,
 0x40, 0x49, 0x3c, 0x00, 0x00, 0x80, 0xb3, 0x49,
 0x3d, 0x00, 0x00, 0x80, 0xb3, 0x49, 0x3e, 0x00,
 0x00, 0x80, 0xb3, 0x49, 0x3f, 0x00, 0x00, 0x80,
 0xb3, 0x49, 0x40, 0x00, 0x00, 0x80, 0xbb, 0x43,
 0x49, 0x41, 0x00, 0x00, 0x80, 0xbb, 0x43, 0x49,
 0x42, 0x00, 0x00, 0x80, 0xbb, 0x43, 0x49, 0x43,
 0x00, 0x00, 0x80, 0xbb, 0x43, 0x49, 0x44, 0x00,
 0x00, 0x80, 0xbb, 0x43, 0x49, 0x45, 0x00, 0x00,
 0x80, 0xbb, 0x43, 0x49, 0x46, 0x00, 0x00, 0x80,
 0xb6, 0x49, 0x47, 0x00, 0x00, 0x80, 0xb6, 0x49,
 0x48, 0x00, 0x00, 0x80, 0xb6, 0x49, 0x49, 0x00,
 0x00, 0x80, 0xb6, 0x49, 0x4a, 0x00, 0x00, 0x80,
 0xb6, 0x49, 0x4b, 0x00, 0x00, 0x80, 0xb6, 0x49,
 0x4c, 0x00, 0x00, 0x80, 0xb6, 0x49, 0x4d, 0x00,
 0x00, 0x80, 0xb6, 0x49, 0x4e, 0x00, 0x00, 0x80,
 0xb6, 0x49, 0x4f, 0x00, 0x00, 0x80, 0xb6, 0x49,
 0x50, 0x00, 0x00, 0x80, 0xb6, 0x49, 0x51, 0x00,
 0x00, 0x80, 0xb6, 0x49, 0x52, 0x00, 0x00, 0x80,
 0xb6, 0x49, 0x53, 0x00, 0x00, 0x80, 0xb6, 0x49,
 0x54, 0x00, 0x00, 0x80, 0xb6, 0x49, 0x55, 0x00,
 0x00, 0x80, 0xb6, 0x49, 0x56, 0x00, 0x00, 0x80,
 0xb6, 0x49, 0x57, 0x00, 0x00, 0x80, 0xb6, 0x49,
 0x58, 0x00, 0x00, 0x80, 0xb6, 0x49, 0x59, 0x00,
 0x00, 0x80, 0xb6, 0x49, 0x5a, 0x00, 0x00, 0x80,
 0xb3, 0x49, 0x5b, 0x00, 0x00, 0x80, 0xb4, 0x49,
 0x5c, 0x00, 0x00, 0x80, 0xb3, 0x49, 0x5d, 0x00,
 0x00, 0x80, 0xb3, 0x49, 0x5e, 0x00, 0x00, 0x80,
 0xbc, 0x03, 0x10, 0x49, 0x5f, 0x00, 0x00, 0x80,
 0xb3, 0x49, 0x60, 0x00, 0x00, 0x80, 0xbb, 0x47,
 0x49, 0x61, 0x00, 0x00, 0x80, 0xbb, 0x47, 0x49,
 0x62, 0x00, 0x00, 0x80, 0xbb, 0x47, 0x49, 0x63,
 0x00, 0x00, 0x80, 0xbb, 0x47, 0x49, 0x64, 0x00,
 0x00, 0x80, 0xbb, 0x47, 0x49, 0x65, 0x00, 0x00,
 0x80, 0xbb, 0x47, 0x49, 0x66, 0x00, 0x00, 0x80,
 0xba, 0x49, 0x67, 0x00, 0x00, 0x80, 0xba, 0x49,
 0x68, 0x00, 0x00, 0x80, 0xba, 0x49, 0x69, 0x00,
 0x00, 0x80, 0xba, 0x49, 0x6a, 0x00, 0x00, 0x80,
 0xba, 0x49, 0x6b, 0x00, 0x00, 0x80, 0xba, 0x49,
 0x6c, 0x00, 0x00, 0x80, 0xba, 0x49, 0x6d, 0x00,
 0x00, 0x80, 0xba, 0x49, 0x6e, 0x00, 0x00, 0x80,
 0xba, 0x49, 0x6f, 0x00, 0x00, 0x80, 0xba, 0x49,
 0x70, 0x00, 0x00, 0x80, 0xba, 0x49, 0x71, 0x00,
 0x00, 0x80, 0xba, 0x49, 0x72, 0x00, 0x00, 0x80,
 0xba, 0x49, 0x73, 0x00, 0x00, 0x80, 0xba, 0x49,
 0x74, 0x00, 0x00, 0x80, 0xba, 0x49, 0x75, 0x00,
 0x00, 0x80, 0xba, 0x49, 0x76, 0x00, 0x00, 0x80,
 0xba, 0x49, 0x77, 0x00, 0x00, 0x80, 0xba, 0x49,
 0x78, 0x00, 0x00, 0x80, 0xba, 0x49, 0x79, 0x00,
 0x00, 0x80, 0xba, 0x49, 0x7a, 0x00, 0x00, 0x80,
 0xbc, 0x00, 0x40, 0x49, 0x7b, 0x00, 0x00, 0x80,
 0xb3, 0x49, 0x7c, 0x00, 0x00, 0x80, 0xb3, 0x49,
 0x7d, 0x00, 0x00, 0x80, 0xb3, 0x49, 0x7e, 0x00,
 0x00, 0x80, 0xb3, 0x49, 0x7f, 0x00, 0x00, 0x80,
 0xc1, 0x09, 0xb3, 0xb3, 0xb3, 0xb3, 0xb3, 0xb3,
 0xb3, 0xb3, 0xb3, 0xb3, 0xb3, 0xb3, 0xb3, 0xb3,
 0xb3, 0xb3, 0xb3, 0xb3, 0xb3, 0xb3, 0xb3, 0xb3,
 0xb3, 0xb3, 0xb3, 0xb3, 0xb3, 0xb3, 0xb3, 0xb3,
 0xb3, 0xb3, 0x26, 0x20, 0x00, 0xb3, 0x49, 0x20,
 0x00, 0x00, 0x80, 0xb3, 0x49, 0x21, 0x00, 0x00,
 0x80, 0xb3, 0x49, 0x22, 0x00, 0x00, 0x80, 0xb3,
 0x49, 0x23, 0x00, 0x00, 0x80, 0xb4, 0x49, 0x24,
 0x00, 0x00, 0x80, 0xb3, 0x49, 0x25, 0x00, 0x00,
 0x80, 0xb3, 0x49, 0x26, 0x00, 0x00, 0x80, 0xb3,
 0x49, 0x27, 0x00, 0x00, 0x80, 0xb3, 0x49, 0x28,
 0x00, 0x00, 0x80, 0xb3, 0x49, 0x29, 0x00, 0x00,
 0x80, 0xb3, 0x49, 0x2a, 0x00, 0x00, 0x80, 0xb3,
 0x49, 0x2b, 0x00, 0x00, 0x80, 0xb3, 0x49, 0x2c,
 0x00, 0x00, 0x80, 0xb3, 0x49, 0x2d, 0x00, 0x00,
 0x80, 0xb3, 0x49, 0x2e, 0x00, 0x00, 0x80, 0xb3,
 0x49, 0x2f, 0x00, 0x00, 0x80, 0xb3, 0x49, 0x30,
 0x00, 0x00, 0x80, 0xb3, 0x49, 0x31, 0x00, 0x00,
 0x80, 0xb3, 0x49, 0x32, 0x00, 0x00, 0x80, 0xb3,
 0x49, 0x33, 0x00, 0x00, 0x80, 0xb3, 0x49, 0x34,
 0x00, 0x00, 0x80, 0xb3, 0x49, 0x35, 0x00, 0x00,
 0x80, 0xb3, 0x49, 0x36, 0x00, 0x00, 0x80, 0xb3,
 0x49, 0x37, 0x00, 0x00, 0x80, 0xb3, 0x49, 0x38,
 0x00, 0x00, 0x80, 0xb3, 0x49, 0x39, 0x00, 0x00,
 0x80, 0xb3, 0x49, 0x3a, 0x00, 0x00, 0x80, 0xb3,
 0x49, 0x3b, 0x00, 0x00, 0x80, 0xb3, 0x49, 0x3c,
 0x00, 0x00, 0x80, 0xb3, 0x49, 0x3d, 0x00, 0x00,
 0x80, 0xb3, 0x49, 0x3e, 0x00, 0x00, 0x80, 0xb3,
 0x49, 0x3f, 0x00, 0x00, 0x80, 0xb3, 0x49, 0x40,
 0x00, 0x00, 0x80, 0xb4, 0x49, 0x41, 0x00, 0x00,
 0x80, 0xb4, 0x49, 0x42, 0x00, 0x00, 0x80, 0xb4,
 0x49, 0x43, 0x00, 0x00, 0x80, 0xb4, 0x49, 0x44,
 0x00, 0x00, 0x80, 0xb4, 0x49, 0x45, 0x00, 0x00,
 0x80, 0xb4, 0x49, 0x46, 0x00, 0x00, 0x80, 0xb4,
 0x49, 0x47, 0x00, 0x00, 0x80, 0xb4, 0x49, 0x48,
 0x00, 0x00, 0x80, 0xb4, 0x49, 0x49, 0x00, 0x00,
 0x80, 0xb4, 0x49, 0x4a, 0x00, 0x00, 0x80, 0xb4,
 0x49, 0x4b, 0x00, 0x00, 0x80, 0xb4, 0x49, 0x4c,
 0x00, 0x00, 0x80, 0xb4, 0x49, 0x4d, 0x00, 0x00,
 0x80, 0xb4, 0x49, 0x4e, 0x00, 0x00, 0x80, 0xb4,
 0x49, 0x4f, 0x00, 0x00, 0x80, 0xb4, 0x49, 0x50,
 0x00, 0x00, 0x80, 0xb4, 0x49, 0x51, 0x00, 0x00,
 0x80, 0xb4, 0x49, 0x52, 0x00, 0x00, 0x80, 0xb4,
 0x49, 0x53, 0x00, 0x00, 0x80, 0xb4, 0x49, 0x54,
 0x00, 0x00, 0x80, 0xb4, 0x49, 0x55, 0x00, 0x00,
 0x80, 0xb4, 0x49, 0x56, 0x00, 0x00, 0x80, 0xb4,
 0x49, 0x57, 0x00, 0x00, 0x80, 0xb4, 0x49, 0x58,
 0x00, 0x00, 0x80, 0xb4, 0x49, 0x59, 0x00, 0x00,
 0x80, 0xb4, 0x49, 0x5a, 0x00, 0x00, 0x80, 0xb3,
 0x49, 0x5b, 0x00, 0x00, 0x80, 0xb3, 0x49, 0x5c,
 0x00, 0x00, 0x80, 0xb3, 0x49, 0x5d, 0x00, 0x00,
 0x80, 0xb3, 0x49, 0x5e, 0x00, 0x00, 0x80, 0xb4,
 0x49, 0x5f, 0x00, 0x00, 0x80, 0xb3, 0x49, 0x60,
 0x00, 0x00, 0x80, 0xb4, 0x49, 0x61, 0x00, 0x00,
 0x80, 0xb4, 0x49, 0x62, 0x00, 0x00, 0x80, 0xb4,
 0x49, 0x63, 0x00, 0x00, 0x80, 0xb4, 0x49, 0x64,
 0x00, 0x00, 0x80, 0xb4, 0x49, 0x65, 0x00, 0x00,
 0x80, 0xb4, 0x49, 0x66, 0x00, 0x00, 0x80, 0xb4,
 0x49, 0x67, 0x00, 0x00, 0x80, 0xb4, 0x49, 0x68,
 0x00, 0x00, 0x80, 0xb4, 0x49, 0x69, 0x00, 0x00,
 0x80, 0xb4, 0x49, 0x6a, 0x00, 0x00, 0x80, 0xb4,
 0x49, 0x6b, 0x00, 0x00, 0x80, 0xb4, 0x49, 0x6c,
 0x00, 0x00, 0x80, 0xb4, 0x49, 0x6d, 0x00, 0x00,
 0x80, 0xb4, 0x49, 0x6e, 0x00, 0x00, 0x80, 0xb4,
 0x49, 0x6f, 0x00, 0x00, 0x80, 0xb4, 0x49, 0x70,
 0x00, 0x00, 0x80, 0xb4, 0x49, 0x71, 0x00, 0x00,
 0x80, 0xb4, 0x49, 0x72, 0x00, 0x00, 0x80, 0xb4,
 0x49, 0x73, 0x00, 0x00, 0x80, 0xb4, 0x49, 0x74,
 0x00, 0x00, 0x80, 0xb4, 0x49, 0x75, 0x00, 0x00,
 0x80, 0xb4, 0x49, 0x76, 0x00, 0x00, 0x80, 0xb4,
 0x49, 0x77, 0x00, 0x00, 0x80, 0xb4, 0x49, 0x78,
 0x00, 0x00, 0x80, 0xb4, 0x49, 0x79, 0x00, 0x00,
 0x80, 0xb4, 0x49, 0x7a, 0x00, 0x00, 0x80, 0xb3,
 0x49, 0x7b, 0x00, 0x00, 0x80, 0xb3, 0x49, 0x7c,
 0x00, 0x00, 0x80, 0xb3, 0x49, 0x7d, 0x00, 0x00,
 0x80, 0xb3, 0x49, 0x7e, 0x00, 0x00, 0x80, 0xb3,
 0x49, 0x7f, 0x00, 0x00, 0x80, 0xc1, 0x0a, 0xb3,
 0xb3, 0xb3, 0xb3, 0xb3, 0xb3, 0xb3, 0xb3, 0xb3,
 0xb3, 0xb3, 0xb3, 0xb3, 0xb3, 0xb3, 0xb3, 0xb3,
 0xb3, 0xb3, 0xb3, 0xb3, 0xb3, 0xb3, 0xb3, 0xb3,
 0xb3, 0xb3, 0xb3, 0xb3, 0xb3, 0xb3, 0xb3, 0x26,
 0x20, 0x00, 0xb3, 0x49, 0x20, 0x00, 0x00, 0x80,
 0xb3, 0x49, 0x21, 0x00, 0x00, 0x80, 0xb3, 0x49,
 0x22, 0x00, 0x00, 0x80, 0xb3, 0x49, 0x23, 0x00,
 0x00, 0x80, 0xb4, 0x49, 0x24, 0x00, 0x00, 0x80,
 0xb3, 0x49, 0x25, 0x00, 0x00, 0x80, 0xb3, 0x49,
 0x26, 0x00, 0x00, 0x80, 0xb3, 0x49, 0x27, 0x00,
 0x00, 0x80, 0xb3, 0x49, 0x28, 0x00, 0x00, 0x80,
 0xb3, 0x49, 0x29, 0x00, 0x00, 0x80, 0xb3, 0x49,
 0x2a, 0x00, 0x00, 0x80, 0xb3, 0x49, 0x2b, 0x00,
 0x00, 0x80, 0xb3, 0x49, 0x2c, 0x00, 0x00, 0x80,
 0xb3, 0x49, 0x2d, 0x00, 0x00, 0x80, 0xb3, 0x49,
 0x2e, 0x00, 0x00, 0x80, 0xb3, 0x49, 0x2f, 0x00,
 0x00, 0x80, 0xb4, 0x49, 0x30, 0x00, 0x00, 0x80,
 0xb4, 0x49, 0x31, 0x00, 0x00, 0x80, 0xb4, 0x49,
 0x32, 0x00, 0x00, 0x80, 0xb4, 0x49, 0x33, 0x00,
 0x00, 0x80, 0xb4, 0x49, 0x34, 0x00, 0x00, 0x80,
 0xb4, 0x49, 0x35, 0x00, 0x00, 0x80, 0xb4, 0x49,
 0x36, 0x00, 0x00, 0x80, 0xb4, 0x49, 0x37, 0x00,
 0x00, 0x80, 0xb4, 0x49, 0x38, 0x00, 0x00, 0x80,
 0xb4, 0x49, 0x39, 0x00, 0x00, 0x80, 0xb3, 0x49,
 0x3a, 0x00, 0x00, 0x80, 0xb3, 0x49, 0x3b, 0x00,
 0x00, 0x80, 0xb3, 0x49, 0x3c, 0x00, 0x00, 0x80,
 0xb3, 0x49, 0x3d, 0x00, 0x00, 0x80, 0xb3, 0x49,
 0x3e, 0x00, 0x00, 0x80, 0xb3, 0x49, 0x3f, 0x00,
 0x00, 0x80, 0xb3, 0x49, 0x40, 0x00, 0x00, 0x80,
 0xb4, 0x49, 0x41, 0x00, 0x00, 0x80, 0xb4, 0x49,
 0x42, 0x00, 0x00, 0x80, 0xb4, 0x49, 0x43, 0x00,
 0x00, 0x80, 0xb4, 0x49, 0x44, 0x00, 0x00, 0x80,
 0xb4, 0x49, 0x45, 0x00, 0x00, 0x80, 0xb4, 0x49,
 0x46, 0x00, 0x00, 0x80, 0xb4, 0x49, 0x47, 0x00,
 0x00, 0x80, 0xb4, 0x49, 0x48, 0x00, 0x00, 0x80,
 0xb4, 0x49, 0x49, 0x00, 0x00, 0x80, 0xb4, 0x49,
 0x4a, 0x00, 0x00, 0x80, 0xb4, 0x49, 0x4b, 0x00,
 0x00, 0x80, 0xb4, 0x49, 0x4c, 0x00, 0x00, 0x80,
 0xb4, 0x49, 0x4d, 0x00, 0x00, 0x80, 0xb4, 0x49,
 0x4e, 0x00, 0x00, 0x80, 0xb4, 0x49, 0x4f, 0x00,
 0x00, 0x80, 0xb4, 0x49, 0x50, 0x00, 0x00, 0x80,
 0xb4, 0x49, 0x51, 0x00, 0x00, 0x80, 0xb4, 0x49,
 0x52, 0x00, 0x00, 0x80, 0xb4, 0x49, 0x53, 0x00,
 0x00, 0x80, 0xb4, 0x49, 0x54, 0x00, 0x00, 0x80,
 0xb4, 0x49, 0x55, 0x00, 0x00, 0x80, 0xb4, 0x49,
 0x56, 0x00, 0x00, 0x80, 0xb4, 0x49, 0x57, 0x00,
 0x00, 0x80, 0xb4, 0x49, 0x58, 0x00, 0x00, 0x80,
 0xb4, 0x49, 0x59, 0x00, 0x00, 0x80, 0xb4, 0x49,
 0x5a, 0x00, 0x00, 0x80, 0xb3, 0x49, 0x5b, 0x00,
 0x00, 0x80, 0xb3, 0x49, 0x5c, 0x00, 0x00, 0x80,
 0xb3, 0x49, 0x5d, 0x00, 0x00, 0x80, 0xb3, 0x49,
 0x5e, 0x00, 0x00, 0x80, 0xb4, 0x49, 0x5f, 0x00,
 0x00, 0x80, 0xb3, 0x49, 0x60, 0x00, 0x00, 0x80,
 0xb4, 0x49, 0x61, 0x00, 0x00, 0x80, 0xb4, 0x49,
 0x62, 0x00, 0x00, 0x80, 0xb4, 0x49, 0x63, 0x00,
 0x00, 0x80, 0xb4, 0x49, 0x64, 0x00, 0x00, 0x80,
 0xb4, 0x49, 0x65, 0x00, 0x00, 0x80, 0xb4, 0x49,
 0x66, 0x00, 0x00, 0x80, 0xb4, 0x49, 0x67, 0x00,
 0x00, 0x80, 0xb4, 0x49, 0x68, 0x00, 0x00, 0x80,
 0xb4, 0x49, 0x69, 0x00, 0x00, 0x80, 0xb4, 0x49,
 0x6a, 0x00, 0x00, 0x80, 0xb4, 0x49, 0x6b, 0x00,
 0x00, 0x80, 0xb4, 0x49, 0x6c, 0x00, 0x00, 0x80,
 0xb4, 0x49, 0x6d, 0x00, 0x00, 0x80, 0xb4, 0x49,
 0x6e, 0x00, 0x00, 0x80, 0xb4, 0x49, 0x6f, 0x00,
 0x00, 0x80, 0xb4, 0x49, 0x70, 0x00, 0x00, 0x80,
 0xb4, 0x49, 0x71, 0x00, 0x00, 0x80, 0xb4, 0x49,
 0x72, 0x00, 0x00, 0x80, 0xb4, 0x49, 0x73, 0x00,
 0x00, 0x80, 0xb4, 0x49, 0x74, 0x00, 0x00, 0x80,
 0xb4, 0x49, 0x75, 0x00, 0x00, 0x80, 0xb4, 0x49,
 0x76, 0x00, 0x00, 0x80, 0xb4, 0x49, 0x77, 0x00,
 0x00, 0x80, 0xb4, 0x49, 0x78, 0x00, 0x00, 0x80,
 0xb4, 0x49, 0x79, 0x00, 0x00, 0x80, 0xb4, 0x49,
 0x7a, 0x00, 0x00, 0x80, 0xb3, 0x49, 0x7b, 0x00,
 0x00, 0x80, 0xb3, 0x49, 0x7c, 0x00, 0x00, 0x80,
 0xb3, 0x49, 0x7d, 0x00, 0x00, 0x80, 0xb3, 0x49,
 0x7e, 0x00, 0x00, 0x80, 0xb3, 0x49, 0x7f, 0x00,
 0x00, 0x80, 0xc1, 0x0b, 0x04, 0xf7, 0x00, 0x00,
 0x00, 0x04, 0xf8, 0x00, 0x00, 0x00, 0x04, 0xf9,
 0x00, 0x00, 0x00, 0x04, 0xfa, 0x00, 0x00, 0x00,
 0x04, 0xfb, 0x00, 0x00, 0x00, 0x26, 0x05, 0x00,
 0xc1, 0x0e, 0xbe, 0xd4, 0xc0, 0x12, 0x11, 0xe9,
 0x05, 0x0e, 0x0b, 0xc2, 0x12, 0xed, 0x94, 0x0e,
 0xbe, 0xd5, 0xc0, 0x13, 0x11, 0xe9, 0x05, 0x0e,
 0x0b, 0xc2, 0x13, 0xed, 0x0e, 0x0b, 0x04, 0xfc,
 0x00, 0x00, 0x00, 0x49, 0x00, 0x00, 0x00, 0x80,
 0x04, 0xfd, 0x00, 0x00, 0x00, 0x49, 0x1e, 0x00,
 0x00, 0x80, 0x04, 0xfe, 0x00, 0x00, 0x00, 0x49,
 0x01, 0x00, 0x00, 0x80, 0x04, 0xff, 0x00, 0x00,
 0x00, 0x49, 0x02, 0x00, 0x00, 0x80, 0x04, 0x00,
 0x01, 0x00, 0x00, 0x49, 0x03, 0x00, 0x00, 0x80,
 0x04, 0x01, 0x01, 0x00, 0x00, 0x49, 0x04, 0x00,
 0x00, 0x80, 0x04, 0x02, 0x01, 0x00, 0x00, 0x49,
 0x05, 0x00, 0x00, 0x80, 0x04, 0x03, 0x01, 0x00,
 0x00, 0x49, 0x06, 0x00, 0x00, 0x80, 0x04, 0x04,
 0x01, 0x00, 0x00, 0x49, 0x07, 0x00, 0x00, 0x80,
 0x04, 0x05, 0x01, 0x00, 0x00, 0x49, 0x09, 0x00,
 0x00, 0x80, 0x04, 0x06, 0x01, 0x00, 0x00, 0x49,
 0x08, 0x00, 0x00, 0x80, 0x04, 0x07, 0x01, 0x00,
 0x00, 0x49, 0x0a, 0x00, 0x00, 0x80, 0x04, 0x08,
 0x01, 0x00, 0x00, 0x49, 0x97, 0x00, 0x00, 0x80,
 0x04, 0x09, 0x01, 0x00, 0x00, 0x49, 0x0b, 0x00,
 0x00, 0x80, 0x04, 0x0a, 0x01, 0x00, 0x00, 0x49,
 0x0c, 0x00, 0x00, 0x80, 0x04, 0x0b, 0x01, 0x00,
 0x00, 0x49, 0x0d, 0x00, 0x00, 0x80, 0x04, 0x0c,
 0x01, 0x00, 0x00, 0x49, 0x0e, 0x00, 0x00, 0x80,
 0x04, 0x0d, 0x01, 0x00, 0x00, 0x49, 0x0f, 0x00,
 0x00, 0x80, 0x04, 0x0e, 0x01, 0x00, 0x00, 0x49,
 0x10, 0x00, 0x00, 0x80, 0x04, 0x0f, 0x01, 0x00,
 0x00, 0x49, 0x11, 0x00, 0x00, 0x80, 0x04, 0x10,
 0x01, 0x00, 0x00, 0x49, 0x12, 0x00, 0x00, 0x80,
 0x04, 0x11, 0x01, 0x00, 0x00, 0x49, 0x13, 0x00,
 0x00, 0x80, 0x04, 0x12, 0x01, 0x00, 0x00, 0x49,
 0x14, 0x00, 0x00, 0x80, 0x04, 0x13, 0x01, 0x00,
 0x00, 0x49, 0x15, 0x00, 0x00, 0x80, 0x04, 0x14,
 0x01, 0x00, 0x00, 0x49, 0x16, 0x00, 0x00, 0x80,
 0x04, 0x15, 0x01, 0x00, 0x00, 0x49, 0x17, 0x00,
 0x00, 0x80, 0x04, 0x16, 0x01, 0x00, 0x00, 0x49,
 0x18, 0x00, 0x00, 0x80, 0x04, 0x17, 0x01, 0x00,
 0x00, 0x49, 0x19, 0x00, 0x00, 0x80, 0x04, 0x18,
 0x01, 0x00, 0x00, 0x49, 0x1a, 0x00, 0x00, 0x80,
 0x04, 0x19, 0x01, 0x00, 0x00, 0x49, 0x1b, 0x00,
 0x00, 0x80, 0x04, 0x1a, 0x01, 0x00, 0x00, 0x49,
 0x1c, 0x00, 0x00, 0x80, 0x04, 0x1b, 0x01, 0x00,
 0x00, 0x49, 0x1d, 0x00, 0x00, 0x80, 0x04, 0x1c,
 0x01, 0x00, 0x00, 0x49, 0x1f, 0x00, 0x00, 0x80,
 0x04, 0x1d, 0x01, 0x00, 0x00, 0x49, 0x20, 0x00,
 0x00, 0x80, 0x04, 0x1e, 0x01, 0x00, 0x00, 0x49,
 0x5f, 0x00, 0x00, 0x80, 0x04, 0x1f, 0x01, 0x00,
 0x00, 0x49, 0x21, 0x00, 0x00, 0x80, 0x04, 0x20,
 0x01, 0x00, 0x00, 0x49, 0x7b, 0x00, 0x00, 0x80,
 0x04, 0x21, 0x01, 0x00, 0x00, 0x49, 0x22, 0x00,
 0x00, 0x80, 0x04, 0x22, 0x01, 0x00, 0x00, 0x49,
 0x23, 0x00, 0x00, 0x80, 0x04, 0x23, 0x01, 0x00,
 0x00, 0x49, 0x24, 0x00, 0x00, 0x80, 0x04, 0x24,
 0x01, 0x00, 0x00, 0x49, 0x25, 0x00, 0x00, 0x80,
 0x04, 0x25, 0x01, 0x00, 0x00, 0x49, 0x26, 0x00,
 0x00, 0x80, 0x04, 0x26, 0x01, 0x00, 0x00, 0x49,
 0x27, 0x00, 0x00, 0x80, 0x04, 0x27, 0x01, 0x00,
 0x00, 0x49, 0x28, 0x00, 0x00, 0x80, 0x04, 0x28,
 0x01, 0x00, 0x00, 0x49, 0x29, 0x00, 0x00, 0x80,
 0x04, 0x29, 0x01, 0x00, 0x00, 0x49, 0x2a, 0x00,
 0x00, 0x80, 0x04, 0x2a, 0x01, 0x00, 0x00, 0x49,
 0x2b, 0x00, 0x00, 0x80, 0x04, 0x2b, 0x01, 0x00,
 0x00, 0x49, 0x2c, 0x00, 0x00, 0x80, 0x04, 0x2c,
 0x01, 0x00, 0x00, 0x49, 0x86, 0x00, 0x00, 0x80,
 0x04, 0x2d, 0x01, 0x00, 0x00, 0x49, 0x2e, 0x00,
 0x00, 0x80, 0x04, 0x2e, 0x01, 0x00, 0x00, 0x49,
 0x2d, 0x00, 0x00, 0x80, 0x04, 0x2f, 0x01, 0x00,
 0x00, 0x49, 0x2f, 0x00, 0x00, 0x80, 0x04, 0x30,
 0x01, 0x00, 0x00, 0x49, 0x30, 0x00, 0x00, 0x80,
 0x04, 0x31, 0x01, 0x00, 0x00, 0x49, 0x31, 0x00,
 0x00, 0x80, 0x04, 0x32, 0x01, 0x00, 0x00, 0x49,
 0x32, 0x00, 0x00, 0x80, 0x04, 0x33, 0x01, 0x00,
 0x00, 0x49, 0x33, 0x00, 0x00, 0x80, 0x04, 0x34,
 0x01, 0x00, 0x00, 0x49, 0x34, 0x00, 0x00, 0x80,
 0x04, 0x35, 0x01, 0x00, 0x00, 0x49, 0x35, 0x00,
 0x00, 0x80, 0x04, 0x36, 0x01, 0x00, 0x00, 0x49,
 0x36, 0x00, 0x00, 0x80, 0x04, 0x37, 0x01, 0x00,
 0x00, 0x49, 0x37, 0x00, 0x00, 0x80, 0x04, 0x38,
 0x01, 0x00, 0x00, 0x49, 0x38, 0x00, 0x00, 0x80,
 0x04, 0x39, 0x01, 0x00, 0x00, 0x49, 0x39, 0x00,
 0x00, 0x80, 0x04, 0x3a, 0x01, 0x00, 0x00, 0x49,
 0x3a, 0x00, 0x00, 0x80, 0x04, 0x3b, 0x01, 0x00,
 0x00, 0x49, 0x3b, 0x00, 0x00, 0x80, 0x04, 0x3c,
 0x01, 0x00, 0x00, 0x49, 0x3c, 0x00, 0x00, 0x80,
 0x04, 0x3d, 0x01, 0x00, 0x00, 0x49, 0x3d, 0x00,
 0x00, 0x80, 0x04, 0x3e, 0x01, 0x00, 0x00, 0x49,
 0x3e, 0x00, 0x00, 0x80, 0x04, 0x3f, 0x01, 0x00,
 0x00, 0x49, 0x3f, 0x00, 0x00, 0x80, 0x04, 0x40,
 0x01, 0x00, 0x00, 0x49, 0x40, 0x00, 0x00, 0x80,
 0x04, 0x41, 0x01, 0x00, 0x00, 0x49, 0x41, 0x00,
 0x00, 0x80, 0x04, 0x42, 0x01, 0x00, 0x00, 0x49,
 0x42, 0x00, 0x00, 0x80, 0x04, 0x43, 0x01, 0x00,
 0x00, 0x49, 0x43, 0x00, 0x00, 0x80, 0x04, 0x44,
 0x01, 0x00, 0x00, 0x49, 0x44, 0x00, 0x00, 0x80,
 0x04, 0x45, 0x01, 0x00, 0x00, 0x49, 0x45, 0x00,
 0x00, 0x80, 0x04, 0x46, 0x01, 0x00, 0x00, 0x49,
 0x46, 0x00, 0x00, 0x80, 0x04, 0x47, 0x01, 0x00,
 0x00, 0x49, 0x47, 0x00, 0x00, 0x80, 0x04, 0x48,
 0x01, 0x00, 0x00, 0x49, 0x48, 0x00, 0x00, 0x80,
 0x04, 0x49, 0x01, 0x00, 0x00, 0x49, 0x49, 0x00,
 0x00, 0x80, 0x04, 0x4a, 0x01, 0x00, 0x00, 0x49,
 0x4a, 0x00, 0x00, 0x80, 0x04, 0x4b, 0x01, 0x00,
 0x00, 0x49, 0x4c, 0x00, 0x00, 0x80, 0x04, 0x4c,
 0x01, 0x00, 0x00, 0x49, 0x4d, 0x00, 0x00, 0x80,
 0x04, 0x4d, 0x01, 0x00, 0x00, 0x49, 0x4e, 0x00,
 0x00, 0x80, 0x04, 0x4e, 0x01, 0x00, 0x00, 0x49,
 0x4f, 0x00, 0x00, 0x80, 0x04, 0x4f, 0x01, 0x00,
 0x00, 0x49, 0x50, 0x00, 0x00, 0x80, 0x04, 0x50,
 0x01, 0x00, 0x00, 0x49, 0x51, 0x00, 0x00, 0x80,
 0x04, 0x51, 0x01, 0x00, 0x00, 0x49, 0x52, 0x00,
 0x00, 0x80, 0x04, 0x52, 0x01, 0x00, 0x00, 0x49,
 0x53, 0x00, 0x00, 0x80, 0x04, 0x53, 0x01, 0x00,
 0x00, 0x49, 0x55, 0x00, 0x00, 0x80, 0x04, 0x54,
 0x01, 0x00, 0x00, 0x49, 0x54, 0x00, 0x00, 0x80,
 0x04, 0x55, 0x01, 0x00, 0x00, 0x49, 0x56, 0x00,
 0x00, 0x80, 0x04, 0x56, 0x01, 0x00, 0x00, 0x49,
 0x57, 0x00, 0x00, 0x80, 0x04, 0x57, 0x01, 0x00,
 0x00, 0x49, 0x58, 0x00, 0x00, 0x80, 0x04, 0x58,
 0x01, 0x00, 0x00, 0x49, 0x59, 0x00, 0x00, 0x80,
 0x04, 0x59, 0x01, 0x00, 0x00, 0x49, 0x5a, 0x00,
 0x00, 0x80, 0x04, 0x5a, 0x01, 0x00, 0x00, 0x49,
 0x5b, 0x00, 0x00, 0x80, 0x04, 0x5b, 0x01, 0x00,
 0x00, 0x49, 0x5c, 0x00, 0x00, 0x80, 0x04, 0x5c,
 0x01, 0x00, 0x00, 0x49, 0x5d, 0x00, 0x00, 0x80,
 0x04, 0x5d, 0x01, 0x00, 0x00, 0x49, 0x5e, 0x00,
 0x00, 0x80, 0x04, 0x5e, 0x01, 0x00, 0x00, 0x49,
 0x60, 0x00, 0x00, 0x80, 0x04, 0x5f, 0x01, 0x00,
 0x00, 0x49, 0x66, 0x00, 0x00, 0x80, 0x04, 0x60,
 0x01, 0x00, 0x00, 0x49, 0x65, 0x00, 0x00, 0x80,
 0x04, 0x61, 0x01, 0x00, 0x00, 0x49, 0x64, 0x00,
 0x00, 0x80, 0x04, 0x62, 0x01, 0x00, 0x00, 0x49,
 0x63, 0x00, 0x00, 0x80, 0x04, 0x63, 0x01, 0x00,
 0x00, 0x49, 0x61, 0x00, 0x00, 0x80, 0x04, 0x64,
 0x01, 0x00, 0x00, 0x49, 0x62, 0x00, 0x00, 0x80,
 0x04, 0x65, 0x01, 0x00, 0x00, 0x49, 0x67, 0x00,
 0x00, 0x80, 0x04, 0x66, 0x01, 0x00, 0x00, 0x49,
 0x68, 0x00, 0x00, 0x80, 0x04, 0x67, 0x01, 0x00,
 0x00, 0x49, 0x69, 0x00, 0x00, 0x80, 0x04, 0x68,
 0x01, 0x00, 0x00, 0x49, 0x6a, 0x00, 0x00, 0x80,
 0x04, 0x69, 0x01, 0x00, 0x00, 0x49, 0x6b, 0x00,
 0x00, 0x80, 0x04, 0x6a, 0x01, 0x00, 0x00, 0x49,
 0x6c, 0x00, 0x00, 0x80, 0x04, 0x6b, 0x01, 0x00,
 0x00, 0x49, 0x6d, 0x00, 0x00, 0x80, 0x04, 0x6c,
 0x01, 0x00, 0x00, 0x49, 0x6e, 0x00, 0x00, 0x80,
 0x04, 0x6d, 0x01, 0x00, 0x00, 0x49, 0x6f, 0x00,
 0x00, 0x80, 0x04, 0x6e, 0x01, 0x00, 0x00, 0x49,
 0x70, 0x00, 0x00, 0x80, 0x04, 0x6f, 0x01, 0x00,
 0x00, 0x49, 0x71, 0x00, 0x00, 0x80, 0x04, 0x70,
 0x01, 0x00, 0x00, 0x49, 0x72, 0x00, 0x00, 0x80,
 0x04, 0x71, 0x01, 0x00, 0x00, 0x49, 0x73, 0x00,
 0x00, 0x80, 0x04, 0x72, 0x01, 0x00, 0x00, 0x49,
 0x74, 0x00, 0x00, 0x80, 0x04, 0x73, 0x01, 0x00,
 0x00, 0x49, 0x75, 0x00, 0x00, 0x80, 0x04, 0x74,
 0x01, 0x00, 0x00, 0x49, 0x76, 0x00, 0x00, 0x80,
 0x04, 0x75, 0x01, 0x00, 0x00, 0x49, 0x77, 0x00,
 0x00, 0x80, 0x04, 0x76, 0x01, 0x00, 0x00, 0x49,
 0x78, 0x00, 0x00, 0x80, 0x04, 0x77, 0x01, 0x00,
 0x00, 0x49, 0x79, 0x00, 0x00, 0x80, 0x04, 0x78,
 0x01, 0x00, 0x00, 0x49, 0x7a, 0x00, 0x00, 0x80,
 0x04, 0x79, 0x01, 0x00, 0x00, 0x49, 0x7c, 0x00,
 0x00, 0x80, 0x04, 0x7a, 0x01, 0x00, 0x00, 0x49,
 0x7d, 0x00, 0x00, 0x80, 0x04, 0x7b, 0x01, 0x00,
 0x00, 0x49, 0x7e, 0x00, 0x00, 0x80, 0x04, 0x7c,
 0x01, 0x00, 0x00, 0x49, 0x7f, 0x00, 0x00, 0x80,
 0x04, 0x7d, 0x01, 0x00, 0x00, 0x49, 0x81, 0x00,
 0x00, 0x80, 0x04, 0x7e, 0x01, 0x00, 0x00, 0x49,
 0x80, 0x00, 0x00, 0x80, 0x04, 0x7f, 0x01, 0x00,
 0x00, 0x49, 0x82, 0x00, 0x00, 0x80, 0x04, 0x80,
 0x01, 0x00, 0x00, 0x49, 0x83, 0x00, 0x00, 0x80,
 0x04, 0x81, 0x01, 0x00, 0x00, 0x49, 0x84, 0x00,
 0x00, 0x80, 0x04, 0x82, 0x01, 0x00, 0x00, 0x49,
 0x85, 0x00, 0x00, 0x80, 0x04, 0x83, 0x01, 0x00,
 0x00, 0x49, 0x87, 0x00, 0x00, 0x80, 0x04, 0x84,
 0x01, 0x00, 0x00, 0x49, 0x88, 0x00, 0x00, 0x80,
 0x04, 0x85, 0x01, 0x00, 0x00, 0x49, 0x89, 0x00,
 0x00, 0x80, 0x04, 0x86, 0x01, 0x00, 0x00, 0x49,
 0x8a, 0x00, 0x00, 0x80, 0x04, 0x87, 0x01, 0x00,
 0x00, 0x49, 0x8b, 0x00, 0x00, 0x80, 0x04, 0x88,
 0x01, 0x00, 0x00, 0x49, 0x8c, 0x00, 0x00, 0x80,
 0x04, 0x89, 0x01, 0x00, 0x00, 0x49, 0x8d, 0x00,
 0x00, 0x80, 0x04, 0x8a, 0x01, 0x00, 0x00, 0x49,
 0x8e, 0x00, 0x00, 0x80, 0x04, 0x8b, 0x01, 0x00,
 0x00, 0x49, 0x8f, 0x00, 0x00, 0x80, 0x04, 0x8c,
 0x01, 0x00, 0x00, 0x49, 0x90, 0x00, 0x00, 0x80,
 0x04, 0x8d, 0x01, 0x00, 0x00, 0x49, 0x91, 0x00,
 0x00, 0x80, 0x04, 0x8e, 0x01, 0x00, 0x00, 0x49,
 0x92, 0x00, 0x00, 0x80, 0x04, 0x8f, 0x01, 0x00,
 0x00, 0x49, 0x93, 0x00, 0x00, 0x80, 0x04, 0x90,
 0x01, 0x00, 0x00, 0x49, 0x96, 0x00, 0x00, 0x80,
 0x04, 0x91, 0x01, 0x00, 0x00, 0x49, 0x94, 0x00,
 0x00, 0x80, 0x04, 0x92, 0x01, 0x00, 0x00, 0x49,
 0x95, 0x00, 0x00, 0x80, 0x04, 0x93, 0x01, 0x00,
 0x00, 0x49, 0x99, 0x00, 0x00, 0x80, 0x04, 0x94,
 0x01, 0x00, 0x00, 0x49, 0x98, 0x00, 0x00, 0x80,
 0x04, 0x95, 0x01, 0x00, 0x00, 0x49, 0x9a, 0x00,
 0x00, 0x80, 0x04, 0x96, 0x01, 0x00, 0x00, 0x49,
 0x9b, 0x00, 0x00, 0x80, 0x04, 0x97, 0x01, 0x00,
 0x00, 0x49, 0x9c, 0x00, 0x00, 0x80, 0x04, 0x98,
 0x01, 0x00, 0x00, 0x49, 0x9d, 0x00, 0x00, 0x80,
 0x04, 0x99, 0x01, 0x00, 0x00, 0x49, 0x9e, 0x00,
 0x00, 0x80, 0x04, 0x9a, 0x01, 0x00, 0x00, 0x49,
 0x9f, 0x00, 0x00, 0x80, 0x04, 0x9b, 0x01, 0x00,
 0x00, 0x49, 0xa0, 0x00, 0x00, 0x80, 0x04, 0x9c,
 0x01, 0x00, 0x00, 0x49, 0xa1, 0x00, 0x00, 0x80,
 0x04, 0x9d, 0x01, 0x00, 0x00, 0x49, 0xa2, 0x00,
 0x00, 0x80, 0x04, 0x9e, 0x01, 0x00, 0x00, 0x49,
 0xa3, 0x00, 0x00, 0x80, 0x04, 0x9f, 0x01, 0x00,
 0x00, 0x49, 0xa4, 0x00, 0x00, 0x80, 0x04, 0xa0,
 0x01, 0x00, 0x00, 0x49, 0xa5, 0x00, 0x00, 0x80,
 0x04, 0xa1, 0x01, 0x00, 0x00, 0x49, 0xa6, 0x00,
 0x00, 0x80, 0x04, 0xa2, 0x01, 0x00, 0x00, 0x49,
 0xa7, 0x00, 0x00, 0x80, 0x04, 0xa3, 0x01, 0x00,
 0x00, 0x49, 0xa8, 0x00, 0x00, 0x80, 0x04, 0xa4,
 0x01, 0x00, 0x00, 0x49, 0xa9, 0x00, 0x00, 0x80,
 0x04, 0xa5, 0x01, 0x00, 0x00, 0x49, 0xaa, 0x00,
 0x00, 0x80, 0x04, 0xa6, 0x01, 0x00, 0x00, 0x49,
 0xab, 0x00, 0x00, 0x80, 0x04, 0xa7, 0x01, 0x00,
 0x00, 0x49, 0xac, 0x00, 0x00, 0x80, 0x04, 0xa8,
 0x01, 0x00, 0x00, 0x49, 0xad, 0x00, 0x00, 0x80,
 0x04, 0xa9, 0x01, 0x00, 0x00, 0x49, 0xae, 0x00,
 0x00, 0x80, 0x04, 0xaa, 0x01, 0x00, 0x00, 0x49,
 0xaf, 0x00, 0x00, 0x80, 0x04, 0xab, 0x01, 0x00,
 0x00, 0x49, 0xb0, 0x00, 0x00, 0x80, 0x04, 0xac,
 0x01, 0x00, 0x00, 0x49, 0xb1, 0x00, 0x00, 0x80,
 0xc1, 0x1b, 0x5e, 0x1c, 0x00, 0x38, 0x0c, 0x00,
 0x5e, 0x1d, 0x00, 0xbd, 0xd6, 0x53, 0xad, 0x01,
 0x00, 0x00, 0x01, 0xbe, 0xd7, 0x4d, 0xc1, 0x1d,
 0x0e, 0xc2, 0x1c, 0x67, 0x1d, 0x00, 0xc1, 0x1e,
 0x04, 0xae, 0x01, 0x00, 0x00, 0x04, 0xaf, 0x01,
 0x00, 0x00, 0x04, 0x4a, 0x00, 0x00, 0x00, 0x04,
 0x4c, 0x00, 0x00, 0x00, 0x04, 0xb0, 0x01, 0x00,
 0x00, 0x04, 0x02, 0x00, 0x00, 0x00, 0x04, 0x03,
 0x00, 0x00, 0x00, 0x04, 0x01, 0x00, 0x00, 0x00,
 0x04, 0xb1, 0x01, 0x00, 0x00, 0x04, 0xb2, 0x01,
 0x00, 0x00, 0x04, 0xb3, 0x01, 0x00, 0x00, 0x04,
 0xb4, 0x01, 0x00, 0x00, 0x04, 0xb5, 0x01, 0x00,
 0x00, 0x04, 0xb6, 0x01, 0x00, 0x00, 0x04, 0xb7,
 0x01, 0x00, 0x00, 0x04, 0xb8, 0x01, 0x00, 0x00,
 0x04, 0xb9, 0x01, 0x00, 0x00, 0x04, 0xba, 0x01,
 0x00, 0x00, 0x04, 0xbb, 0x01, 0x00, 0x00, 0x04,
 0xbc, 0x01, 0x00, 0x00, 0x04, 0xbd, 0x01, 0x00,
 0x00, 0x04, 0xbe, 0x01, 0x00, 0x00, 0x04, 0xbf,
 0x01, 0x00, 0x00, 0x04, 0xc0, 0x01, 0x00, 0x00,
 0x04, 0xc1, 0x01, 0x00, 0x00, 0x04, 0xc2, 0x01,
 0x00, 0x00, 0x04, 0xc3, 0x01, 0x00, 0x00, 0x04,
 0xc4, 0x01, 0x00, 0x00, 0x04, 0xc5, 0x01, 0x00,
 0x00, 0x04, 0xc6, 0x01, 0x00, 0x00, 0x04, 0xc7,
 0x01, 0x00, 0x00, 0x04, 0xc8, 0x01, 0x00, 0x00,
 0x26, 0x20, 0x00, 0x04, 0xc9, 0x01, 0x00, 0x00,
 0x49, 0x20, 0x00, 0x00, 0x80, 0x04, 0xca, 0x01,
 0x00, 0x00, 0x49, 0x21, 0x00, 0x00, 0x80, 0x04,
 0xcb, 0x01, 0x00, 0x00, 0x49, 0x22, 0x00, 0x00,
 0x80, 0x04, 0xcc, 0x01, 0x00, 0x00, 0x49, 0x23,
 0x00, 0x00, 0x80, 0x04, 0xcd, 0x01, 0x00, 0x00,
 0x49, 0x24, 0x00, 0x00, 0x80, 0x04, 0xce, 0x01,
 0x00, 0x00, 0x49, 0x25, 0x00, 0x00, 0x80, 0x04,
 0xcf, 0x01, 0x00, 0x00, 0x49, 0x26, 0x00, 0x00,
 0x80, 0x04, 0xd0, 0x01, 0x00, 0x00, 0x49, 0x27,
 0x00, 0x00, 0x80, 0x04, 0xd1, 0x01, 0x00, 0x00,
 0x49, 0x28, 0x00, 0x00, 0x80, 0x04, 0xd2, 0x01,
 0x00, 0x00, 0x49, 0x29, 0x00, 0x00, 0x80, 0x04,
 0xd3, 0x01, 0x00, 0x00, 0x49, 0x2a, 0x00, 0x00,
 0x80, 0x04, 0x0b, 0x00, 0x00, 0x00, 0x49, 0x2b,
 0x00, 0x00, 0x80, 0x04, 0x09, 0x00, 0x00, 0x00,
 0x49, 0x2c, 0x00, 0x00, 0x80, 0x04, 0x0a, 0x00,
 0x00, 0x00, 0x49, 0x2d, 0x00, 0x00, 0x80, 0x04,
 0xd4, 0x01, 0x00, 0x00, 0x49, 0x2e, 0x00, 0x00,
 0x80, 0x04, 0xd5, 0x01, 0x00, 0x00, 0x49, 0x2f,
 0x00, 0x00, 0x80, 0x04, 0xd6, 0x01, 0x00, 0x00,
 0x49, 0x30, 0x00, 0x00, 0x80, 0x04, 0xd7, 0x01,
 0x00, 0x00, 0x49, 0x31, 0x00, 0x00, 0x80, 0x04,
 0x0d, 0x00, 0x00, 0x00, 0x49, 0x32, 0x00, 0x00,
 0x80, 0x04, 0x0e, 0x00, 0x00, 0x00, 0x49, 0x33,
 0x00, 0x00, 0x80, 0x04, 0x82, 0x00, 0x00, 0x00,
 0x49, 0x34, 0x00, 0x00, 0x80, 0x04, 0xd8, 0x01,
 0x00, 0x00, 0x49, 0x35, 0x00, 0x00, 0x80, 0x04,
 0xd9, 0x01, 0x00, 0x00, 0x49, 0x36, 0x00, 0x00,
 0x80, 0x04, 0xda, 0x01, 0x00, 0x00, 0x49, 0x37,
 0x00, 0x00, 0x80, 0x04, 0xdb, 0x01, 0x00, 0x00,
 0x49, 0x38, 0x00, 0x00, 0x80, 0x04, 0xdc, 0x01,
 0x00, 0x00, 0x49, 0x39, 0x00, 0x00, 0x80, 0x04,
 0xdd, 0x01, 0x00, 0x00, 0x49, 0x3a, 0x00, 0x00,
 0x80, 0x04, 0xde, 0x01, 0x00, 0x00, 0x49, 0x3b,
 0x00, 0x00, 0x80, 0x04, 0xdf, 0x01, 0x00, 0x00,
 0x49, 0x3c, 0x00, 0x00, 0x80, 0x04, 0xe0, 0x01,
 0x00, 0x00, 0x49, 0x3d, 0x00, 0x00, 0x80, 0x04,
 0xe1, 0x01, 0x00, 0x00, 0x49, 0x3e, 0x00, 0x00,
 0x80, 0x04, 0xe2, 0x01, 0x00, 0x00, 0x49, 0x3f,
 0x00, 0x00, 0x80, 0x04, 0xe3, 0x01, 0x00, 0x00,
 0x49, 0x40, 0x00, 0x00, 0x80, 0x04, 0xe4, 0x01,
 0x00, 0x00, 0x49, 0x41, 0x00, 0x00, 0x80, 0x04,
 0xe5, 0x01, 0x00, 0x00, 0x49, 0x42, 0x00, 0x00,
 0x80, 0x04, 0xe6, 0x01, 0x00, 0x00, 0x49, 0x43,
 0x00, 0x00, 0x80, 0x04, 0xe7, 0x01, 0x00, 0x00,
 0x49, 0x44, 0x00, 0x00, 0x80, 0x04, 0xe8, 0x01,
 0x00, 0x00, 0x49, 0x45, 0x00, 0x00, 0x80, 0x04,
 0xe9, 0x01, 0x00, 0x00, 0x49, 0x46, 0x00, 0x00,
 0x80, 0x04, 0xea, 0x01, 0x00, 0x00, 0x49, 0x47,
 0x00, 0x00, 0x80, 0x04, 0x07, 0x00, 0x00, 0x00,
 0x49, 0x48, 0x00, 0x00, 0x80, 0x04, 0x27, 0x00,
 0x00, 0x00, 0x49, 0x49, 0x00, 0x00, 0x80, 0x04,
 0x1f, 0x00, 0x00, 0x00, 0x49, 0x4a, 0x00, 0x00,
 0x80, 0x04, 0x12, 0x00, 0x00, 0x00, 0x49, 0x4b,
 0x00, 0x00, 0x80, 0x04, 0x15, 0x00, 0x00, 0x00,
 0x49, 0x4c, 0x00, 0x00, 0x80, 0x04, 0x19, 0x00,
 0x00, 0x00, 0x49, 0x4d, 0x00, 0x00, 0x80, 0x04,
 0x1e, 0x00, 0x00, 0x00, 0x49, 0x4e, 0x00, 0x00,
 0x80, 0x04, 0x13, 0x00, 0x00, 0x00, 0x49, 0x4f,
 0x00, 0x00, 0x80, 0x04, 0x1c, 0x00, 0x00, 0x00,
 0x49, 0x50, 0x00, 0x00, 0x80, 0x04, 0x16, 0x00,
 0x00, 0x00, 0x49, 0x51, 0x00, 0x00, 0x80, 0x04,
 0x0f, 0x00, 0x00, 0x00, 0x49, 0x52, 0x00, 0x00,
 0x80, 0x04, 0x05, 0x00, 0x00, 0x00, 0x49, 0x53,
 0x00, 0x00, 0x80, 0x04, 0x21, 0x00, 0x00, 0x00,
 0x49, 0x54, 0x00, 0x00, 0x80, 0x04, 0x22, 0x00,
 0x00, 0x00, 0x49, 0x55, 0x00, 0x00, 0x80, 0x04,
 0x1a, 0x00, 0x00, 0x00, 0x49, 0x56, 0x00, 0x00,
 0x80, 0x04, 0x11, 0x00, 0x00, 0x00, 0x49, 0x57,
 0x00, 0x00, 0x80, 0x04, 0x1b, 0x00, 0x00, 0x00,
 0x49, 0x58, 0x00, 0x00, 0x80, 0x04, 0x04, 0x00,
 0x00, 0x00, 0x49, 0x59, 0x00, 0x00, 0x80, 0x04,
 0x23, 0x00, 0x00, 0x00, 0x49, 0x5a, 0x00, 0x00,
 0x80, 0x04, 0x0c, 0x00, 0x00, 0x00, 0x49, 0x5b,
 0x00, 0x00, 0x80, 0x04, 0x06, 0x00, 0x00, 0x00,
 0x49, 0x5c, 0x00, 0x00, 0x80, 0x04, 0x24, 0x00,
 0x00, 0x00, 0x49, 0x5d, 0x00, 0x00, 0x80, 0x04,
 0x14, 0x00, 0x00, 0x00, 0x49, 0x5e, 0x00, 0x00,
 0x80, 0x04, 0x08, 0x00, 0x00, 0x00, 0x49, 0x5f,
 0x00, 0x00, 0x80, 0x04, 0x17, 0x00, 0x00, 0x00,
 0x49, 0x60, 0x00, 0x00, 0x80, 0x04, 0x18, 0x00,
 0x00, 0x00, 0x49, 0x61, 0x00, 0x00, 0x80, 0x04,
 0x10, 0x00, 0x00, 0x00, 0x49, 0x62, 0x00, 0x00,
 0x80, 0x04, 0x1d, 0x00, 0x00, 0x00, 0x49, 0x63,
 0x00, 0x00, 0x80, 0x04, 0x25, 0x00, 0x00, 0x00,
 0x49, 0x64, 0x00, 0x00, 0x80, 0x04, 0x26, 0x00,
 0x00, 0x00, 0x49, 0x65, 0x00, 0x00, 0x80, 0x04,
 0x28, 0x00, 0x00, 0x00, 0x49, 0x66, 0x00, 0x00,
 0x80, 0x04, 0x29, 0x00, 0x00, 0x00, 0x49, 0x67,
 0x00, 0x00, 0x80, 0x04, 0x2a, 0x00, 0x00, 0x00,
 0x49, 0x68, 0x00, 0x00, 0x80, 0x04, 0x2b, 0x00,
 0x00, 0x00, 0x49, 0x69, 0x00, 0x00, 0x80, 0x04,
 0x2c, 0x00, 0x00, 0x00, 0x49, 0x6a, 0x00, 0x00,
 0x80, 0x04, 0x2d, 0x00, 0x00, 0x00, 0x49, 0x6b,
 0x00, 0x00, 0x80, 0x04, 0x7e, 0x00, 0x00, 0x00,
 0x49, 0x6c, 0x00, 0x00, 0x80, 0x04, 0x8a, 0x00,
 0x00, 0x00, 0x49, 0x6d, 0x00, 0x00, 0x80, 0x04,
 0x2e, 0x00, 0x00, 0x00, 0x49, 0x6e, 0x00, 0x00,
 0x80, 0x04, 0x40, 0x00, 0x00, 0x00, 0x49, 0x6f,
 0x00, 0x00, 0x80, 0x04, 0x45, 0x00, 0x00, 0x00,
 0x49, 0x70, 0x00, 0x00, 0x80, 0x04, 0x46, 0x00,
 0x00, 0x00, 0x49, 0x71, 0x00, 0x00, 0x80, 0x04,
 0xeb, 0x01, 0x00, 0x00, 0x49, 0x72, 0x00, 0x00,
 0x80, 0x04, 0x7f, 0x00, 0x00, 0x00, 0x49, 0x73,
 0x00, 0x00, 0x80, 0x04, 0x47, 0x00, 0x00, 0x00,
 0x49, 0x74, 0x00, 0x00, 0x80, 0x04, 0x20, 0x00,
 0x00, 0x00, 0x49, 0x75, 0x00, 0x00, 0x80, 0x04,
 0x3e, 0x00, 0x00, 0x00, 0x49, 0x76, 0x00, 0x00,
 0x80, 0x04, 0x51, 0x00, 0x00, 0x00, 0x49, 0x77,
 0x00, 0x00, 0x80, 0x04, 0xec, 0x01, 0x00, 0x00,
 0x49, 0x78, 0x00, 0x00, 0x80, 0x04, 0xed, 0x01,
 0x00, 0x00, 0x49, 0x79, 0x00, 0x00, 0x80, 0x04,
 0xee, 0x01, 0x00, 0x00, 0x49, 0x7a, 0x00, 0x00,
 0x80, 0x04, 0xef, 0x01, 0x00, 0x00, 0x49, 0x7b,
 0x00, 0x00, 0x80, 0x04, 0xf0, 0x01, 0x00, 0x00,
 0x49, 0x7c, 0x00, 0x00, 0x80, 0x04, 0xf1, 0x01,
 0x00, 0x00, 0x49, 0x7d, 0x00, 0x00, 0x80, 0x04,
 0xf2, 0x01, 0x00, 0x00, 0x49, 0x7e, 0x00, 0x00,
 0x80, 0x04, 0xf3, 0x01, 0x00, 0x00, 0x49, 0x7f,
 0x00, 0x00, 0x80, 0x04, 0xf4, 0x01, 0x00, 0x00,
 0x49, 0x80, 0x00, 0x00, 0x80, 0x04, 0xf5, 0x01,
 0x00, 0x00, 0x49, 0x81, 0x00, 0x00, 0x80, 0x04,
 0xf6, 0x01, 0x00, 0x00, 0x49, 0x82, 0x00, 0x00,
 0x80, 0x04, 0xf7, 0x01, 0x00, 0x00, 0x49, 0x83,
 0x00, 0x00, 0x80, 0x04, 0xf8, 0x01, 0x00, 0x00,
 0x49, 0x84, 0x00, 0x00, 0x80, 0x04, 0x5a, 0x00,
 0x00, 0x00, 0x49, 0x85, 0x00, 0x00, 0x80, 0x04,
 0x80, 0x00, 0x00, 0x00, 0x49, 0x86, 0x00, 0x00,
 0x80, 0x04, 0xf9, 0x01, 0x00, 0x00, 0x49, 0x87,
 0x00, 0x00, 0x80, 0x04, 0xfa, 0x01, 0x00, 0x00,
 0x49, 0x88, 0x00, 0x00, 0x80, 0x04, 0xfb, 0x01,
 0x00, 0x00, 0x49, 0x89, 0x00, 0x00, 0x80, 0xc1,
 0x21, 0x0b, 0x01, 0x5f, 0x50, 0x01, 0x00, 0x49,
 0x08, 0x00, 0x00, 0x00, 0x01, 0x58, 0x50, 0x01,
 0x00, 0x49, 0x1b, 0x00, 0x00, 0x00, 0xbc, 0x59,
 0x50, 0x49, 0x04, 0x00, 0x00, 0x00, 0xbc, 0x5c,
 0x50, 0x49, 0x06, 0x00, 0x00, 0x00, 0x01, 0x48,
 0x50, 0x01, 0x00, 0x49, 0x07, 0x00, 0x00, 0x00,
 0xbc, 0x53, 0x50, 0x49, 0x05, 0x00, 0x00, 0x00,
 0xbc, 0x57, 0x50, 0x49, 0x11, 0x00, 0x00, 0x00,
 0x01, 0x5b, 0x50, 0x01, 0x00, 0x49, 0x0c, 0x00,
 0x00, 0x00, 0x01, 0x32, 0x58, 0x84, 0x00, 0x49,
 0x0d, 0x00, 0x00, 0x00, 0x01, 0x2b, 0x50, 0x01,
 0x01, 0x49, 0x0b, 0x00, 0x00, 0x00, 0xbc, 0x62,
 0x50, 0x49, 0x10, 0x00, 0x00, 0x00, 0xbc, 0x4c,
 0x50, 0x49, 0x15, 0x00, 0x00, 0x00, 0xbc, 0x4b,
 0x50, 0x49, 0x12, 0x00, 0x00, 0x00, 0xbc, 0x61,
 0x50, 0x49, 0x18, 0x00, 0x00, 0x00, 0xbc, 0x4d,
 0x50, 0x49, 0x19, 0x00, 0x00, 0x00, 0x01, 0x2c,
 0x50, 0x01, 0x01, 0x49, 0x09, 0x00, 0x00, 0x00,
 0x01, 0x60, 0x50, 0x01, 0x00, 0x49, 0x17, 0x00,
 0x00, 0x00, 0x01, 0x5e, 0x50, 0x01, 0x00, 0x49,
 0x14, 0x00, 0x00, 0x00, 0xbc, 0x4f, 0x50, 0x49,
 0x13, 0x00, 0x00, 0x00, 0xbc, 0x51, 0x50, 0x49,
 0x16, 0x00, 0x00, 0x00, 0x01, 0x33, 0x58, 0x80,
 0x00, 0x49, 0x0e, 0x00, 0x00, 0x00, 0xbc, 0x52,
 0x50, 0x49, 0x0f, 0x00, 0x00, 0x00, 0x01, 0x2d,
 0x50, 0x01, 0x01, 0x49, 0x0a, 0x00, 0x00, 0x00,
 0xbc, 0x56, 0x50, 0x49, 0x1a, 0x00, 0x00, 0x00,
 0x01, 0x6d, 0x30, 0x03, 0x00, 0x49, 0x8a, 0x00,
 0x00, 0x00, 0x01, 0x6e, 0x30, 0x03, 0x00, 0x49,
 0x2e, 0x00, 0x00, 0x00, 0x01, 0x4e, 0x50, 0x01,
 0x00, 0x49, 0x1e, 0x00, 0x00, 0x00, 0x01, 0x4a,
 0x50, 0x01, 0x00, 0x49, 0x1f, 0x00, 0x00, 0x00,
 0xbc, 0x6f, 0x30, 0x49, 0x40, 0x00, 0x00, 0x00,
 0xbc, 0x50, 0x50, 0x49, 0x1c, 0x00, 0x00, 0x00,
 0xbc, 0x54, 0x50, 0x49, 0x21, 0x00, 0x00, 0x00,
 0xbc, 0x55, 0x50, 0x49, 0x22, 0x00, 0x00, 0x00,
 0x01, 0x05, 0x50, 0x01, 0x00, 0x49, 0x02, 0x00,
 0x00, 0x00, 0x01, 0x73, 0x30, 0x03, 0x00, 0x49,
 0x7f, 0x00, 0x00, 0x00, 0x01, 0x70, 0x30, 0x03,
 0x00, 0x49, 0x45, 0x00, 0x00, 0x00, 0x01, 0x64,
 0x90, 0x00, 0x00, 0x49, 0x25, 0x00, 0x00, 0x00,
 0x01, 0x5a, 0x50, 0x01, 0x00, 0x49, 0x23, 0x00,
 0x00, 0x00, 0x01, 0x65, 0x90, 0x00, 0x00, 0x49,
 0x26, 0x00, 0x00, 0x00, 0x01, 0x49, 0xb0, 0x03,
 0x00, 0x49, 0x27, 0x00, 0x00, 0x00, 0x01, 0x07,
 0x50, 0x01, 0x00, 0x49, 0x01, 0x00, 0x00, 0x00,
 0x01, 0x74, 0x30, 0x07, 0x00, 0x49, 0x47, 0x00,
 0x00, 0x00, 0x01, 0x66, 0x90, 0x00, 0x00, 0x49,
 0x28, 0x00, 0x00, 0x00, 0x01, 0x67, 0x90, 0x00,
 0x00, 0x49, 0x29, 0x00, 0x00, 0x00, 0x01, 0x68,
 0x90, 0x00, 0x00, 0x49, 0x2a, 0x00, 0x00, 0x00,
 0x01, 0x69, 0x90, 0x00, 0x00, 0x49, 0x2b, 0x00,
 0x00, 0x00, 0x01, 0x71, 0x30, 0x03, 0x00, 0x49,
 0x46, 0x00, 0x00, 0x00, 0x01, 0x6a, 0x90, 0x00,
 0x00, 0x49, 0x2c, 0x00, 0x00, 0x00, 0x01, 0x5d,
 0x50, 0x01, 0x00, 0x49, 0x24, 0x00, 0x00, 0x00,
 0x01, 0x06, 0x50, 0x01, 0x00, 0x49, 0x03, 0x00,
 0x00, 0x00, 0xbc, 0x63, 0x50, 0x49, 0x1d, 0x00,
 0x00, 0x00, 0x01, 0x6b, 0xb0, 0x03, 0x00, 0x49,
 0x2d, 0x00, 0x00, 0x00, 0x01, 0x75, 0x50, 0x01,
 0x00, 0x49, 0x20, 0x00, 0x00, 0x00, 0x01, 0x76,
 0x30, 0x03, 0x20, 0x49, 0x3e, 0x00, 0x00, 0x00,
 0x01, 0x6c, 0x30, 0x01, 0x00, 0x49, 0x7e, 0x00,
 0x00, 0x00, 0x01, 0x77, 0x30, 0x03, 0x20, 0x49,
 0x51, 0x00, 0x00, 0x00, 0x01, 0x85, 0x30, 0x03,
 0x00, 0x49, 0x5a, 0x00, 0x00, 0x00, 0x01, 0x86,
 0x30, 0x03, 0x00, 0x49, 0x80, 0x00, 0x00, 0x00,
 0xbc, 0x72, 0x30, 0x49, 0xeb, 0x01, 0x00, 0x00,
 0xc1, 0x22, 0xbc, 0x80, 0x00, 0xbc, 0x80, 0x00,
 0xbc, 0x80, 0x00, 0xbc, 0x80, 0x00, 0xbc, 0x80,
 0x00, 0xbc, 0x80, 0x00, 0xbc, 0x80, 0x00, 0xbc,
 0x80, 0x00, 0xbc, 0x80, 0x00, 0xbb, 0x7f, 0xbc,
 0x87, 0x00, 0xbb, 0x7f, 0xbb, 0x7f, 0xbc, 0x81,
 0x00, 0xbc, 0x80, 0x00, 0xbc, 0x80, 0x00, 0xbc,
 0x80, 0x00, 0xbc, 0x80, 0x00, 0xbc, 0x80, 0x00,
 0xbc, 0x80, 0x00, 0xbc, 0x80, 0x00, 0xbc, 0x80,
 0x00, 0xbc, 0x80, 0x00, 0xbc, 0x80, 0x00, 0xbc,
 0x80, 0x00, 0xbc, 0x80, 0x00, 0xbc, 0x80, 0x00,
 0xbc, 0x80, 0x00, 0xbc, 0x80, 0x00, 0xbc, 0x80,
 0x00, 0xbc, 0x80, 0x00, 0xbc, 0x80, 0x00, 0x26,
 0x20, 0x00, 0xbb, 0x7f, 0x49, 0x20, 0x00, 0x00,
 0x80, 0x01, 0x2e, 0x00, 0x01, 0x01, 0x49, 0x21,
 0x00, 0x00, 0x80, 0x01, 0x03, 0x00, 0x01, 0x08,
 0x49, 0x22, 0x00, 0x00, 0x80, 0xbc, 0x82, 0x00,
 0x49, 0x23, 0x00, 0x00, 0x80, 0x01, 0x01, 0x30,
 0x03, 0x00, 0x49, 0x24, 0x00, 0x00, 0x80, 0x01,
 0x35, 0x0b, 0x80, 0x00, 0x49, 0x25, 0x00, 0x00,
 0x80, 0x01, 0x45, 0x06, 0x80, 0x00, 0x49, 0x26,
 0x00, 0x00, 0x80, 0x01, 0x03, 0x00, 0x01, 0x08,
 0x49, 0x27, 0x00, 0x00, 0x80, 0x01, 0x0b, 0x00,
 0x01, 0x04, 0x49, 0x28, 0x00, 0x00, 0x80, 0xbb,
 0x10, 0x49, 0x29, 0x00, 0x00, 0x80, 0x01, 0x34,
 0x0b, 0x80, 0x00, 0x49, 0x2a, 0x00, 0x00, 0x80,
 0x01, 0x30, 0x0a, 0x81, 0x01, 0x49, 0x2b, 0x00,
 0x00, 0x80, 0xbb, 0x12, 0x49, 0x2c, 0x00, 0x00,
 0x80, 0x01, 0x31, 0x0a, 0x81, 0x01, 0x49, 0x2d,
 0x00, 0x00, 0x80, 0x01, 0x0d, 0x00, 0x00, 0x04,
 0x49, 0x2e, 0x00, 0x00, 0x80, 0x01, 0x36, 0x0b,
 0x81, 0x00, 0x49, 0x2f, 0x00, 0x00, 0x80, 0x01,
 0x02, 0x00, 0x01, 0x08, 0x49, 0x30, 0x00, 0x00,
 0x80, 0x01, 0x02, 0x00, 0x01, 0x08, 0x49, 0x31,
 0x00, 0x00, 0x80, 0x01, 0x02, 0x00, 0x01, 0x08,
 0x49, 0x32, 0x00, 0x00, 0x80, 0x01, 0x02, 0x00,
 0x01, 0x08, 0x49, 0x33, 0x00, 0x00, 0x80, 0x01,
 0x02, 0x00, 0x01, 0x08, 0x49, 0x34, 0x00, 0x00,
 0x80, 0x01, 0x02, 0x00, 0x01, 0x08, 0x49, 0x35,
 0x00, 0x00, 0x80, 0x01, 0x02, 0x00, 0x01, 0x08,
 0x49, 0x36, 0x00, 0x00, 0x80, 0x01, 0x02, 0x00,
 0x01, 0x08, 0x49, 0x37, 0x00, 0x00, 0x80, 0x01,
 0x02, 0x00, 0x01, 0x08, 0x49, 0x38, 0x00, 0x00,
 0x80, 0x01, 0x02, 0x00, 0x01, 0x08, 0x49, 0x39,
 0x00, 0x00, 0x80, 0xbb, 0x15, 0x49, 0x3a, 0x00,
 0x00, 0x80, 0x01, 0x11, 0x00, 0x10, 0x40, 0x49,
 0x3b, 0x00, 0x00, 0x80, 0x01, 0x40, 0x08, 0x81,
 0x00, 0x49, 0x3c, 0x00, 0x00, 0x80, 0x01, 0x1b,
 0x00, 0x40, 0x40, 0x49, 0x3d, 0x00, 0x00, 0x80,
 0x01, 0x41, 0x08, 0x80, 0x00, 0x49, 0x3e, 0x00,
 0x00, 0x80, 0xbb, 0x16, 0x49, 0x3f, 0x00, 0x00,
 0x80, 0xbc, 0x84, 0x00, 0x49, 0x40, 0x00, 0x00,
 0x80, 0x01, 0x01, 0x30, 0x03, 0x00, 0x49, 0x41,
 0x00, 0x00, 0x80, 0x01, 0x01, 0x30, 0x03, 0x00,
 0x49, 0x42, 0x00, 0x00, 0x80, 0x01, 0x01, 0x30,
 0x03, 0x00, 0x49, 0x43, 0x00, 0x00, 0x80, 0x01,
 0x01, 0x30, 0x03, 0x00, 0x49, 0x44, 0x00, 0x00,
 0x80, 0x01, 0x01, 0x30, 0x03, 0x00, 0x49, 0x45,
 0x00, 0x00, 0x80, 0x01, 0x01, 0x30, 0x03, 0x00,
 0x49, 0x46, 0x00, 0x00, 0x80, 0x01, 0x01, 0x30,
 0x03, 0x00, 0x49, 0x47, 0x00, 0x00, 0x80, 0x01,
 0x01, 0x30, 0x03, 0x00, 0x49, 0x48, 0x00, 0x00,
 0x80, 0x01, 0x01, 0x30, 0x03, 0x00, 0x49, 0x49,
 0x00, 0x00, 0x80, 0x01, 0x01, 0x30, 0x03, 0x00,
 0x49, 0x4a, 0x00, 0x00, 0x80, 0x01, 0x01, 0x30,
 0x03, 0x00, 0x49, 0x4b, 0x00, 0x00, 0x80, 0x01,
 0x01, 0x30, 0x03, 0x00, 0x49, 0x4c, 0x00, 0x00,
 0x80, 0x01, 0x01, 0x30, 0x03, 0x00, 0x49, 0x4d,
 0x00, 0x00, 0x80, 0x01, 0x01, 0x30, 0x03, 0x00,
 0x49, 0x4e, 0x00, 0x00, 0x80, 0x01, 0x01, 0x30,
 0x03, 0x00, 0x49, 0x4f, 0x00, 0x00, 0x80, 0x01,
 0x01, 0x30, 0x03, 0x00, 0x49, 0x50, 0x00, 0x00,
 0x80, 0x01, 0x01, 0x30, 0x03, 0x00, 0x49, 0x51,
 0x00, 0x00, 0x80, 0x01, 0x01, 0x30, 0x03, 0x00,
 0x49, 0x52, 0x00, 0x00, 0x80, 0x01, 0x01, 0x30,
 0x03, 0x00, 0x49, 0x53, 0x00, 0x00, 0x80, 0x01,
 0x01, 0x30, 0x03, 0x00, 0x49, 0x54, 0x00, 0x00,
 0x80, 0x01, 0x01, 0x30, 0x03, 0x00, 0x49, 0x55,
 0x00, 0x00, 0x80, 0x01, 0x01, 0x30, 0x03, 0x00,
 0x49, 0x56, 0x00, 0x00, 0x80, 0x01, 0x01, 0x30,
 0x03, 0x00, 0x49, 0x57, 0x00, 0x00, 0x80, 0x01,
 0x01, 0x30, 0x03, 0x00, 0x49, 0x58, 0x00, 0x00,
 0x80, 0x01, 0x01, 0x30, 0x03, 0x00, 0x49, 0x59,
 0x00, 0x00, 0x80, 0x01, 0x01, 0x30, 0x03, 0x00,
 0x49, 0x5a, 0x00, 0x00, 0x80, 0x01, 0x13, 0x00,
 0x21, 0x04, 0x49, 0x5b, 0x00, 0x00, 0x80, 0xbc,
 0x88, 0x00, 0x49, 0x5c, 0x00, 0x00, 0x80, 0xbb,
 0x14, 0x49, 0x5d, 0x00, 0x00, 0x80, 0x01, 0x47,
 0x05, 0x80, 0x00, 0x49, 0x5e, 0x00, 0x00, 0x80,
 0x01, 0x01, 0x30, 0x03, 0x00, 0x49, 0x5f, 0x00,
 0x00, 0x80, 0xbc, 0x83, 0x00, 0x49, 0x60, 0x00,
 0x00, 0x80, 0xbc, 0x00, 0x10, 0x49, 0x61, 0x00,
 0x00, 0x80, 0xbc, 0x00, 0x10, 0x49, 0x62, 0x00,
 0x00, 0x80, 0xbc, 0x00, 0x10, 0x49, 0x63, 0x00,
 0x00, 0x80, 0xbc, 0x00, 0x10, 0x49, 0x64, 0x00,
 0x00, 0x80, 0xbc, 0x00, 0x10, 0x49, 0x65, 0x00,
 0x00, 0x80, 0xbc, 0x00, 0x10, 0x49, 0x66, 0x00,
 0x00, 0x80, 0xbc, 0x00, 0x10, 0x49, 0x67, 0x00,
 0x00, 0x80, 0x01, 0x01, 0x30, 0x03, 0x00, 0x49,
 0x68, 0x00, 0x00, 0x80, 0xbc, 0x00, 0x10, 0x49,
 0x69, 0x00, 0x00, 0x80, 0x01, 0x01, 0x30, 0x03,
 0x00, 0x49, 0x6a, 0x00, 0x00, 0x80, 0x01, 0x01,
 0x30, 0x03, 0x00, 0x49, 0x6b, 0x00, 0x00, 0x80,
 0xbc, 0x00, 0x10, 0x49, 0x6c, 0x00, 0x00, 0x80,
 0x01, 0x01, 0x30, 0x03, 0x00, 0x49, 0x6d, 0x00,
 0x00, 0x80, 0xbc, 0x00, 0x10, 0x49, 0x6e, 0x00,
 0x00, 0x80, 0x01, 0x01, 0x30, 0x03, 0x00, 0x49,
 0x6f, 0x00, 0x00, 0x80, 0xbc, 0x00, 0x10, 0x49,
 0x70, 0x00, 0x00, 0x80, 0x01, 0x01, 0x30, 0x03,
 0x00, 0x49, 0x71, 0x00, 0x00, 0x80, 0xbc, 0x00,
 0x10, 0x49, 0x72, 0x00, 0x00, 0x80, 0xbc, 0x00,
 0x10, 0x49, 0x73, 0x00, 0x00, 0x80, 0xbc, 0x00,
 0x10, 0x49, 0x74, 0x00, 0x00, 0x80, 0x01, 0x01,
 0x30, 0x03, 0x00, 0x49, 0x75, 0x00, 0x00, 0x80,
 0xbc, 0x00, 0x10, 0x49, 0x76, 0x00, 0x00, 0x80,
 0xbc, 0x00, 0x10, 0x49, 0x77, 0x00, 0x00, 0x80,
 0x01, 0x01, 0x30, 0x03, 0x00, 0x49, 0x78, 0x00,
 0x00, 0x80, 0xbc, 0x00, 0x10, 0x49, 0x79, 0x00,
 0x00, 0x80, 0xbc, 0x00, 0x10, 0x49, 0x7a, 0x00,
 0x00, 0x80, 0x01, 0x0c, 0x00, 0x21, 0x00, 0x49,
 0x7b, 0x00, 0x00, 0x80, 0x01, 0x46, 0x04, 0x80,
 0x00, 0x49, 0x7c, 0x00, 0x00, 0x80, 0x01, 0x0f,
 0x00, 0x10, 0x40, 0x49, 0x7d, 0x00, 0x00, 0x80,
 0x01, 0x2f, 0x00, 0x01, 0x01, 0x49, 0x7e, 0x00,
 0x00, 0x80, 0xbc, 0x80, 0x00, 0x49, 0x7f, 0x00,
 0x00, 0x80, 0xc1, 0x36, 0x0b, 0x04, 0xfc, 0x01,
 0x00, 0x00, 0x49, 0xfd, 0x01, 0x00, 0x00, 0x04,
 0xe8, 0x01, 0x00, 0x00, 0x49, 0xfe, 0x01, 0x00,
 0x00, 0x04, 0xff, 0x01, 0x00, 0x00, 0x49, 0x00,
 0x02, 0x00, 0x00, 0x04, 0x01, 0x02, 0x00, 0x00,
 0x49, 0x02, 0x02, 0x00, 0x00, 0x04, 0x03, 0x02,
 0x00, 0x00, 0x49, 0x04, 0x02, 0x00, 0x00, 0x04,
 0x05, 0x02, 0x00, 0x00, 0x49, 0x06, 0x02, 0x00,
 0x00, 0x04, 0x07, 0x02, 0x00, 0x00, 0x49, 0x08,
 0x02, 0x00, 0x00, 0x04, 0x09, 0x02, 0x00, 0x00,
 0x49, 0x0a, 0x02, 0x00, 0x00, 0x04, 0x0b, 0x02,
 0x00, 0x00, 0x49, 0x0c, 0x02, 0x00, 0x00, 0x04,
 0x0d, 0x02, 0x00, 0x00, 0x49, 0x0e, 0x02, 0x00,
 0x00, 0x04, 0x0f, 0x02, 0x00, 0x00, 0x49, 0x10,
 0x02, 0x00, 0x00, 0x04, 0x11, 0x02, 0x00, 0x00,
 0x49, 0x12, 0x02, 0x00, 0x00, 0x04, 0x13, 0x02,
 0x00, 0x00, 0x49, 0x14, 0x02, 0x00, 0x00, 0x04,
 0x15, 0x02, 0x00, 0x00, 0x49, 0x16, 0x02, 0x00,
 0x00, 0x04, 0x17, 0x02, 0x00, 0x00, 0x49, 0x18,
 0x02, 0x00, 0x00, 0x04, 0x19, 0x02, 0x00, 0x00,
 0x49, 0x1a, 0x02, 0x00, 0x00, 0x04, 0x1b, 0x02,
 0x00, 0x00, 0x49, 0x1c, 0x02, 0x00, 0x00, 0x04,
 0x1d, 0x02, 0x00, 0x00, 0x49, 0x1e, 0x02, 0x00,
 0x00, 0x04, 0x1f, 0x02, 0x00, 0x00, 0x49, 0x20,
 0x02, 0x00, 0x00, 0x04, 0x21, 0x02, 0x00, 0x00,
 0x49, 0x22, 0x02, 0x00, 0x00, 0x04, 0x23, 0x02,
 0x00, 0x00, 0x49, 0x24, 0x02, 0x00, 0x00, 0x04,
 0x25, 0x02, 0x00, 0x00, 0x49, 0x26, 0x02, 0x00,
 0x00, 0x04, 0x27, 0x02, 0x00, 0x00, 0x49, 0x28,
 0x02, 0x00, 0x00, 0x04, 0x29, 0x02, 0x00, 0x00,
 0x49, 0x2a, 0x02, 0x00, 0x00, 0x04, 0x2b, 0x02,
 0x00, 0x00, 0x49, 0x2c, 0x02, 0x00, 0x00, 0x04,
 0x2d, 0x02, 0x00, 0x00, 0x49, 0x2e, 0x02, 0x00,
 0x00, 0x04, 0x2f, 0x02, 0x00, 0x00, 0x49, 0x30,
 0x02, 0x00, 0x00, 0x04, 0x31, 0x02, 0x00, 0x00,
 0x49, 0x32, 0x02, 0x00, 0x00, 0x04, 0x33, 0x02,
 0x00, 0x00, 0x49, 0x34, 0x02, 0x00, 0x00, 0x04,
 0x2b, 0x02, 0x00, 0x00, 0x49, 0x35, 0x02, 0x00,
 0x00, 0x04, 0x36, 0x02, 0x00, 0x00, 0x49, 0x37,
 0x02, 0x00, 0x00, 0x04, 0x38, 0x02, 0x00, 0x00,
 0x49, 0x39, 0x02, 0x00, 0x00, 0x04, 0x3a, 0x02,
 0x00, 0x00, 0x49, 0x3b, 0x02, 0x00, 0x00, 0x04,
 0x3c, 0x02, 0x00, 0x00, 0x49, 0x3d, 0x02, 0x00,
 0x00, 0x04, 0x3e, 0x02, 0x00, 0x00, 0x49, 0x3f,
 0x02, 0x00, 0x00, 0x04, 0x40, 0x02, 0x00, 0x00,
 0x49, 0x41, 0x02, 0x00, 0x00, 0x04, 0x42, 0x02,
 0x00, 0x00, 0x49, 0x43, 0x02, 0x00, 0x00, 0x04,
 0x44, 0x02, 0x00, 0x00, 0x49, 0x45, 0x02, 0x00,
 0x00, 0x04, 0x46, 0x02, 0x00, 0x00, 0x49, 0x47,
 0x02, 0x00, 0x00, 0x04, 0x48, 0x02, 0x00, 0x00,
 0x49, 0x49, 0x02, 0x00, 0x00, 0x04, 0x4a, 0x02,
 0x00, 0x00, 0x49, 0x4b, 0x02, 0x00, 0x00, 0x04,
 0x4c, 0x02, 0x00, 0x00, 0x49, 0x4d, 0x02, 0x00,
 0x00, 0x04, 0x4e, 0x02, 0x00, 0x00, 0x49, 0x4f,
 0x02, 0x00, 0x00, 0x04, 0x50, 0x02, 0x00, 0x00,
 0x49, 0x51, 0x02, 0x00, 0x00, 0x04, 0x42, 0x02,
 0x00, 0x00, 0x49, 0x52, 0x02, 0x00, 0x00, 0x04,
 0x53, 0x02, 0x00, 0x00, 0x49, 0x54, 0x02, 0x00,
 0x00, 0x04, 0x55, 0x02, 0x00, 0x00, 0x49, 0x56,
 0x02, 0x00, 0x00, 0x04, 0x57, 0x02, 0x00, 0x00,
 0x49, 0x58, 0x02, 0x00, 0x00, 0x04, 0x59, 0x02,
 0x00, 0x00, 0x49, 0x5a, 0x02, 0x00, 0x00, 0x04,
 0x5b, 0x02, 0x00, 0x00, 0x49, 0x5c, 0x02, 0x00,
 0x00, 0x04, 0x5d, 0x02, 0x00, 0x00, 0x49, 0x5e,
 0x02, 0x00, 0x00, 0x04, 0x5f, 0x02, 0x00, 0x00,
 0x49, 0x60, 0x02, 0x00, 0x00, 0x04, 0x61, 0x02,
 0x00, 0x00, 0x49, 0x62, 0x02, 0x00, 0x00, 0x04,
 0x63, 0x02, 0x00, 0x00, 0x49, 0x64, 0x02, 0x00,
 0x00, 0x04, 0x65, 0x02, 0x00, 0x00, 0x49, 0x66,
 0x02, 0x00, 0x00, 0x04, 0x67, 0x02, 0x00, 0x00,
 0x49, 0x68, 0x02, 0x00, 0x00, 0x04, 0x69, 0x02,
 0x00, 0x00, 0x49, 0x6a, 0x02, 0x00, 0x00, 0x04,
 0x6b, 0x02, 0x00, 0x00, 0x49, 0x6c, 0x02, 0x00,
 0x00, 0x04, 0x6d, 0x02, 0x00, 0x00, 0x49, 0x6e,
 0x02, 0x00, 0x00, 0x04, 0x6f, 0x02, 0x00, 0x00,
 0x49, 0x70, 0x02, 0x00, 0x00, 0x04, 0x71, 0x02,
 0x00, 0x00, 0x49, 0x72, 0x02, 0x00, 0x00, 0x04,
 0x73, 0x02, 0x00, 0x00, 0x49, 0x74, 0x02, 0x00,
 0x00, 0x04, 0x75, 0x02, 0x00, 0x00, 0x49, 0x76,
 0x02, 0x00, 0x00, 0x04, 0x77, 0x02, 0x00, 0x00,
 0x49, 0x78, 0x02, 0x00, 0x00, 0x04, 0x79, 0x02,
 0x00, 0x00, 0x49, 0x7a, 0x02, 0x00, 0x00, 0x04,
 0x40, 0x02, 0x00, 0x00, 0x49, 0x7b, 0x02, 0x00,
 0x00, 0x04, 0x7c, 0x02, 0x00, 0x00, 0x49, 0x7d,
 0x02, 0x00, 0x00, 0x04, 0x7e, 0x02, 0x00, 0x00,
 0x49, 0x7f, 0x02, 0x00, 0x00, 0x04, 0x80, 0x02,
 0x00, 0x00, 0x49, 0x81, 0x02, 0x00, 0x00, 0x04,
 0x82, 0x02, 0x00, 0x00, 0x49, 0x83, 0x02, 0x00,
 0x00, 0x04, 0x84, 0x02, 0x00, 0x00, 0x49, 0x85,
 0x02, 0x00, 0x00, 0x04, 0x86, 0x02, 0x00, 0x00,
 0x49, 0x87, 0x02, 0x00, 0x00, 0x04, 0x88, 0x02,
 0x00, 0x00, 0x49, 0x89, 0x02, 0x00, 0x00, 0x04,
 0x8a, 0x02, 0x00, 0x00, 0x49, 0x8b, 0x02, 0x00,
 0x00, 0x04, 0x8c, 0x02, 0x00, 0x00, 0x49, 0x8d,
 0x02, 0x00, 0x00, 0x04, 0x8e, 0x02, 0x00, 0x00,
 0x49, 0x8f, 0x02, 0x00, 0x00, 0x04, 0x90, 0x02,
 0x00, 0x00, 0x49, 0x91, 0x02, 0x00, 0x00, 0x04,
 0x92, 0x02, 0x00, 0x00, 0x49, 0x93, 0x02, 0x00,
 0x00, 0x04, 0x94, 0x02, 0x00, 0x00, 0x49, 0x95,
 0x02, 0x00, 0x00, 0x04, 0x96, 0x02, 0x00, 0x00,
 0x49, 0x97, 0x02, 0x00, 0x00, 0x04, 0x98, 0x02,
 0x00, 0x00, 0x49, 0x99, 0x02, 0x00, 0x00, 0x04,
 0x9a, 0x02, 0x00, 0x00, 0x49, 0x9b, 0x02, 0x00,
 0x00, 0x04, 0x9c, 0x02, 0x00, 0x00, 0x49, 0x9d,
 0x02, 0x00, 0x00, 0x04, 0x9e, 0x02, 0x00, 0x00,
 0x49, 0x9f, 0x02, 0x00, 0x00, 0x04, 0xa0, 0x02,
 0x00, 0x00, 0x49, 0xa1, 0x02, 0x00, 0x00, 0x04,
 0xa2, 0x02, 0x00, 0x00, 0x49, 0xa3, 0x02, 0x00,
 0x00, 0x04, 0xa4, 0x02, 0x00, 0x00, 0x49, 0xa5,
 0x02, 0x00, 0x00, 0x04, 0xa6, 0x02, 0x00, 0x00,
 0x49, 0xa7, 0x02, 0x00, 0x00, 0x04, 0xa8, 0x02,
 0x00, 0x00, 0x49, 0xa9, 0x02, 0x00, 0x00, 0x04,
 0x69, 0x02, 0x00, 0x00, 0x49, 0xaa, 0x02, 0x00,
 0x00, 0x04, 0xa4, 0x02, 0x00, 0x00, 0x49, 0xab,
 0x02, 0x00, 0x00, 0x04, 0xac, 0x02, 0x00, 0x00,
 0x49, 0xad, 0x02, 0x00, 0x00, 0x04, 0xae, 0x02,
 0x00, 0x00, 0x49, 0xaf, 0x02, 0x00, 0x00, 0x04,
 0xb0, 0x02, 0x00, 0x00, 0x49, 0xb1, 0x02, 0x00,
 0x00, 0x04, 0x88, 0x02, 0x00, 0x00, 0x49, 0xb2,
 0x02, 0x00, 0x00, 0x04, 0xb3, 0x02, 0x00, 0x00,
 0x49, 0xb4, 0x02, 0x00, 0x00, 0x04, 0xb5, 0x02,
 0x00, 0x00, 0x49, 0xb6, 0x02, 0x00, 0x00, 0x04,
 0xb7, 0x02, 0x00, 0x00, 0x49, 0xb8, 0x02, 0x00,
 0x00, 0x04, 0xb9, 0x02, 0x00, 0x00, 0x49, 0xba,
 0x02, 0x00, 0x00, 0x04, 0xbb, 0x02, 0x00, 0x00,
 0x49, 0xbc, 0x02, 0x00, 0x00, 0x04, 0xbd, 0x02,
 0x00, 0x00, 0x49, 0xbe, 0x02, 0x00, 0x00, 0x04,
 0xbf, 0x02, 0x00, 0x00, 0x49, 0xc0, 0x02, 0x00,
 0x00, 0x04, 0xc1, 0x02, 0x00, 0x00, 0x49, 0xc2,
 0x02, 0x00, 0x00, 0x04, 0xc3, 0x02, 0x00, 0x00,
 0x49, 0xc4, 0x02, 0x00, 0x00, 0x04, 0xc5, 0x02,
 0x00, 0x00, 0x49, 0xc6, 0x02, 0x00, 0x00, 0x04,
 0xc7, 0x02, 0x00, 0x00, 0x49, 0xc8, 0x02, 0x00,
 0x00, 0x04, 0xc9, 0x02, 0x00, 0x00, 0x49, 0xca,
 0x02, 0x00, 0x00, 0x04, 0xcb, 0x02, 0x00, 0x00,
 0x49, 0xcc, 0x02, 0x00, 0x00, 0x04, 0xcd, 0x02,
 0x00, 0x00, 0x49, 0xce, 0x02, 0x00, 0x00, 0x04,
 0xcf, 0x02, 0x00, 0x00, 0x49, 0xd0, 0x02, 0x00,
 0x00, 0x04, 0xd1, 0x02, 0x00, 0x00, 0x49, 0xd2,
 0x02, 0x00, 0x00, 0x04, 0xd3, 0x02, 0x00, 0x00,
 0x49, 0xd4, 0x02, 0x00, 0x00, 0x04, 0xd5, 0x02,
 0x00, 0x00, 0x49, 0xd6, 0x02, 0x00, 0x00, 0x04,
 0xd7, 0x02, 0x00, 0x00, 0x49, 0xd8, 0x02, 0x00,
 0x00, 0x04, 0xd9, 0x02, 0x00, 0x00, 0x49, 0xda,
 0x02, 0x00, 0x00, 0x04, 0xdb, 0x02, 0x00, 0x00,
 0x49, 0xdc, 0x02, 0x00, 0x00, 0x04, 0xac, 0x02,
 0x00, 0x00, 0x49, 0xdd, 0x02, 0x00, 0x00, 0x04,
 0xde, 0x02, 0x00, 0x00, 0x49, 0xdf, 0x02, 0x00,
 0x00, 0x04, 0xe0, 0x02, 0x00, 0x00, 0x49, 0xe1,
 0x02, 0x00, 0x00, 0x04, 0xe2, 0x02, 0x00, 0x00,
 0x49, 0xe3, 0x02, 0x00, 0x00, 0x04, 0xe4, 0x02,
 0x00, 0x00, 0x49, 0xe5, 0x02, 0x00, 0x00, 0x04,
 0xe6, 0x02, 0x00, 0x00, 0x49, 0xe7, 0x02, 0x00,
 0x00, 0x04, 0xe8, 0x02, 0x00, 0x00, 0x49, 0xe9,
 0x02, 0x00, 0x00, 0x04, 0xea, 0x02, 0x00, 0x00,
 0x49, 0xeb, 0x02, 0x00, 0x00, 0x04, 0xec, 0x02,
 0x00, 0x00, 0x49, 0xed, 0x02, 0x00, 0x00, 0x04,
 0xee, 0x02, 0x00, 0x00, 0x49, 0xef, 0x02, 0x00,
 0x00, 0x04, 0xf0, 0x02, 0x00, 0x00, 0x49, 0xf1,
 0x02, 0x00, 0x00, 0x04, 0xf2, 0x02, 0x00, 0x00,
 0x49, 0xf3, 0x02, 0x00, 0x00, 0x04, 0xf4, 0x02,
 0x00, 0x00, 0x49, 0xf5, 0x02, 0x00, 0x00, 0x04,
 0xf6, 0x02, 0x00, 0x00, 0x49, 0xf7, 0x02, 0x00,
 0x00, 0x04, 0xf8, 0x02, 0x00, 0x00, 0x49, 0xf9,
 0x02, 0x00, 0x00, 0x04, 0xfa, 0x02, 0x00, 0x00,
 0x49, 0xfb, 0x02, 0x00, 0x00, 0x04, 0xfc, 0x02,
 0x00, 0x00, 0x49, 0xfd, 0x02, 0x00, 0x00, 0x04,
 0xfe, 0x02, 0x00, 0x00, 0x49, 0xff, 0x02, 0x00,
 0x00, 0x04, 0x00, 0x03, 0x00, 0x00, 0x49, 0x01,
 0x03, 0x00, 0x00, 0x04, 0x02, 0x03, 0x00, 0x00,
 0x49, 0x03, 0x03, 0x00, 0x00, 0x04, 0x04, 0x03,
 0x00, 0x00, 0x49, 0x05, 0x03, 0x00, 0x00, 0x04,
 0x06, 0x03, 0x00, 0x00, 0x49, 0x07, 0x03, 0x00,
 0x00, 0x04, 0x08, 0x03, 0x00, 0x00, 0x49, 0x09,
 0x03, 0x00, 0x00, 0x04, 0x0a, 0x03, 0x00, 0x00,
 0x49, 0x0b, 0x03, 0x00, 0x00, 0x04, 0x0c, 0x03,
 0x00, 0x00, 0x49, 0x0d, 0x03, 0x00, 0x00, 0x04,
 0x0e, 0x03, 0x00, 0x00, 0x49, 0x0f, 0x03, 0x00,
 0x00, 0x04, 0x10, 0x03, 0x00, 0x00, 0x49, 0x11,
 0x03, 0x00, 0x00, 0x04, 0x12, 0x03, 0x00, 0x00,
 0x49, 0x13, 0x03, 0x00, 0x00, 0x04, 0x14, 0x03,
 0x00, 0x00, 0x49, 0x15, 0x03, 0x00, 0x00, 0x04,
 0x16, 0x03, 0x00, 0x00, 0x49, 0x17, 0x03, 0x00,
 0x00, 0x04, 0x18, 0x03, 0x00, 0x00, 0x49, 0x19,
 0x03, 0x00, 0x00, 0x04, 0x1a, 0x03, 0x00, 0x00,
 0x49, 0x1b, 0x03, 0x00, 0x00, 0x04, 0x1c, 0x03,
 0x00, 0x00, 0x49, 0x1d, 0x03, 0x00, 0x00, 0x04,
 0x1e, 0x03, 0x00, 0x00, 0x49, 0x1f, 0x03, 0x00,
 0x00, 0x04, 0x20, 0x03, 0x00, 0x00, 0x49, 0x21,
 0x03, 0x00, 0x00, 0x04, 0x20, 0x03, 0x00, 0x00,
 0x49, 0x22, 0x03, 0x00, 0x00, 0x04, 0x23, 0x03,
 0x00, 0x00, 0x49, 0x24, 0x03, 0x00, 0x00, 0x04,
 0xe4, 0x01, 0x00, 0x00, 0x49, 0x25, 0x03, 0x00,
 0x00, 0x04, 0x26, 0x03, 0x00, 0x00, 0x49, 0x27,
 0x03, 0x00, 0x00, 0x04, 0x28, 0x03, 0x00, 0x00,
 0x49, 0x29, 0x03, 0x00, 0x00, 0x04, 0x2a, 0x03,
 0x00, 0x00, 0x49, 0x2b, 0x03, 0x00, 0x00, 0x04,
 0x2c, 0x03, 0x00, 0x00, 0x49, 0x2d, 0x03, 0x00,
 0x00, 0x04, 0x2e, 0x03, 0x00, 0x00, 0x49, 0x2f,
 0x03, 0x00, 0x00, 0x04, 0x30, 0x03, 0x00, 0x00,
 0x49, 0x31, 0x03, 0x00, 0x00, 0x04, 0x32, 0x03,
 0x00, 0x00, 0x49, 0x33, 0x03, 0x00, 0x00, 0x04,
 0x34, 0x03, 0x00, 0x00, 0x49, 0x35, 0x03, 0x00,
 0x00, 0x04, 0x36, 0x03, 0x00, 0x00, 0x49, 0x37,
 0x03, 0x00, 0x00, 0x04, 0x38, 0x03, 0x00, 0x00,
 0x49, 0x39, 0x03, 0x00, 0x00, 0x04, 0x3a, 0x03,
 0x00, 0x00, 0x49, 0x3b, 0x03, 0x00, 0x00, 0x04,
 0x3c, 0x03, 0x00, 0x00, 0x49, 0x3d, 0x03, 0x00,
 0x00, 0x04, 0x3e, 0x03, 0x00, 0x00, 0x49, 0x3f,
 0x03, 0x00, 0x00, 0x04, 0x40, 0x03, 0x00, 0x00,
 0x49, 0x41, 0x03, 0x00, 0x00, 0x04, 0x42, 0x03,
 0x00, 0x00, 0x49, 0x43, 0x03, 0x00, 0x00, 0x04,
 0x44, 0x03, 0x00, 0x00, 0x49, 0x45, 0x03, 0x00,
 0x00, 0x04, 0x46, 0x03, 0x00, 0x00, 0x49, 0x47,
 0x03, 0x00, 0x00, 0x04, 0x48, 0x03, 0x00, 0x00,
 0x49, 0x49, 0x03, 0x00, 0x00, 0x04, 0x4a, 0x03,
 0x00, 0x00, 0x49, 0x4b, 0x03, 0x00, 0x00, 0x04,
 0x4c, 0x03, 0x00, 0x00, 0x49, 0x4d, 0x03, 0x00,
 0x00, 0x04, 0x4e, 0x03, 0x00, 0x00, 0x49, 0x4f,
 0x03, 0x00, 0x00, 0x04, 0xea, 0x01, 0x00, 0x00,
 0x49, 0x50, 0x03, 0x00, 0x00, 0x04, 0x51, 0x03,
 0x00, 0x00, 0x49, 0x52, 0x03, 0x00, 0x00, 0x04,
 0x53, 0x03, 0x00, 0x00, 0x49, 0x54, 0x03, 0x00,
 0x00, 0x04, 0x55, 0x03, 0x00, 0x00, 0x49, 0x56,
 0x03, 0x00, 0x00, 0x04, 0x57, 0x03, 0x00, 0x00,
 0x49, 0x58, 0x03, 0x00, 0x00, 0x04, 0x59, 0x03,
 0x00, 0x00, 0x49, 0x5a, 0x03, 0x00, 0x00, 0x04,
 0x55, 0x03, 0x00, 0x00, 0x49, 0x5b, 0x03, 0x00,
 0x00, 0x04, 0x5c, 0x03, 0x00, 0x00, 0x49, 0x5d,
 0x03, 0x00, 0x00, 0x04, 0x36, 0x02, 0x00, 0x00,
 0x49, 0x5e, 0x03, 0x00, 0x00, 0x04, 0x5f, 0x03,
 0x00, 0x00, 0x49, 0x60, 0x03, 0x00, 0x00, 0x04,
 0x61, 0x03, 0x00, 0x00, 0x49, 0x62, 0x03, 0x00,
 0x00, 0x04, 0x63, 0x03, 0x00, 0x00, 0x49, 0x64,
 0x03, 0x00, 0x00, 0x04, 0x65, 0x03, 0x00, 0x00,
 0x49, 0x66, 0x03, 0x00, 0x00, 0x04, 0x67, 0x03,
 0x00, 0x00, 0x49, 0x68, 0x03, 0x00, 0x00, 0x04,
 0x69, 0x03, 0x00, 0x00, 0x49, 0x6a, 0x03, 0x00,
 0x00, 0x04, 0x6b, 0x03, 0x00, 0x00, 0x49, 0x6c,
 0x03, 0x00, 0x00, 0x04, 0x6d, 0x03, 0x00, 0x00,
 0x49, 0x6e, 0x03, 0x00, 0x00, 0x04, 0x6f, 0x03,
 0x00, 0x00, 0x49, 0x70, 0x03, 0x00, 0x00, 0x04,
 0x71, 0x03, 0x00, 0x00, 0x49, 0x72, 0x03, 0x00,
 0x00, 0x04, 0x6f, 0x03, 0x00, 0x00, 0x49, 0x73,
 0x03, 0x00, 0x00, 0x04, 0x74, 0x03, 0x00, 0x00,
 0x49, 0x75, 0x03, 0x00, 0x00, 0x04, 0x76, 0x03,
 0x00, 0x00, 0x49, 0x77, 0x03, 0x00, 0x00, 0x04,
 0xb9, 0x02, 0x00, 0x00, 0x49, 0x78, 0x03, 0x00,
 0x00, 0x04, 0x79, 0x03, 0x00, 0x00, 0x49, 0x7a,
 0x03, 0x00, 0x00, 0x04, 0x7b, 0x03, 0x00, 0x00,
 0x49, 0x7c, 0x03, 0x00, 0x00, 0x04, 0x7d, 0x03,
 0x00, 0x00, 0x49, 0x7e, 0x03, 0x00, 0x00, 0x04,
 0x7f, 0x03, 0x00, 0x00, 0x49, 0x80, 0x03, 0x00,
 0x00, 0x04, 0x81, 0x03, 0x00, 0x00, 0x49, 0x82,
 0x03, 0x00, 0x00, 0x04, 0x83, 0x03, 0x00, 0x00,
 0x49, 0x84, 0x03, 0x00, 0x00, 0x04, 0x85, 0x03,
 0x00, 0x00, 0x49, 0x86, 0x03, 0x00, 0x00, 0x04,
 0x87, 0x03, 0x00, 0x00, 0x49, 0x88, 0x03, 0x00,
 0x00, 0x04, 0x89, 0x03, 0x00, 0x00, 0x49, 0x8a,
 0x03, 0x00, 0x00, 0x04, 0x8b, 0x03, 0x00, 0x00,
 0x49, 0x8c, 0x03, 0x00, 0x00, 0x04, 0x8d, 0x03,
 0x00, 0x00, 0x49, 0x8e, 0x03, 0x00, 0x00, 0x04,
 0x8f, 0x03, 0x00, 0x00, 0x49, 0x90, 0x03, 0x00,
 0x00, 0x04, 0x91, 0x03, 0x00, 0x00, 0x49, 0x92,
 0x03, 0x00, 0x00, 0x04, 0x93, 0x03, 0x00, 0x00,
 0x49, 0x94, 0x03, 0x00, 0x00, 0x04, 0x95, 0x03,
 0x00, 0x00, 0x49, 0x96, 0x03, 0x00, 0x00, 0x04,
 0x97, 0x03, 0x00, 0x00, 0x49, 0x98, 0x03, 0x00,
 0x00, 0x04, 0x99, 0x03, 0x00, 0x00, 0x49, 0x9a,
 0x03, 0x00, 0x00, 0x04, 0x9b, 0x03, 0x00, 0x00,
 0x49, 0x9c, 0x03, 0x00, 0x00, 0x04, 0x9d, 0x03,
 0x00, 0x00, 0x49, 0x9e, 0x03, 0x00, 0x00, 0x04,
 0x9f, 0x03, 0x00, 0x00, 0x49, 0xa0, 0x03, 0x00,
 0x00, 0x04, 0xa1, 0x03, 0x00, 0x00, 0x49, 0xa2,
 0x03, 0x00, 0x00, 0x04, 0xa3, 0x03, 0x00, 0x00,
 0x49, 0xa4, 0x03, 0x00, 0x00, 0x04, 0xa5, 0x03,
 0x00, 0x00, 0x49, 0xa6, 0x03, 0x00, 0x00, 0x04,
 0xa7, 0x03, 0x00, 0x00, 0x49, 0xa8, 0x03, 0x00,
 0x00, 0x04, 0xa9, 0x03, 0x00, 0x00, 0x49, 0xaa,
 0x03, 0x00, 0x00, 0x04, 0xab, 0x03, 0x00, 0x00,
 0x49, 0xac, 0x03, 0x00, 0x00, 0x04, 0xad, 0x03,
 0x00, 0x00, 0x49, 0xae, 0x03, 0x00, 0x00, 0x04,
 0xaf, 0x03, 0x00, 0x00, 0x49, 0xb0, 0x03, 0x00,
 0x00, 0x04, 0xe3, 0x01, 0x00, 0x00, 0x49, 0xb1,
 0x03, 0x00, 0x00, 0x04, 0xb2, 0x03, 0x00, 0x00,
 0x49, 0xb3, 0x03, 0x00, 0x00, 0x04, 0xb4, 0x03,
 0x00, 0x00, 0x49, 0xb5, 0x03, 0x00, 0x00, 0x04,
 0xb6, 0x03, 0x00, 0x00, 0x49, 0xb7, 0x03, 0x00,
 0x00, 0x04, 0xb8, 0x03, 0x00, 0x00, 0x49, 0xb9,
 0x03, 0x00, 0x00, 0x04, 0xba, 0x03, 0x00, 0x00,
 0x49, 0xbb, 0x03, 0x00, 0x00, 0x04, 0xbc, 0x03,
 0x00, 0x00, 0x49, 0xbd, 0x03, 0x00, 0x00, 0x04,
 0xbe, 0x03, 0x00, 0x00, 0x49, 0xbf, 0x03, 0x00,
 0x00, 0x04, 0xc0, 0x03, 0x00, 0x00, 0x49, 0xc1,
 0x03, 0x00, 0x00, 0x04, 0xc2, 0x03, 0x00, 0x00,
 0x49, 0xc3, 0x03, 0x00, 0x00, 0x04, 0xc4, 0x03,
 0x00, 0x00, 0x49, 0xc5, 0x03, 0x00, 0x00, 0x04,
 0xc6, 0x03, 0x00, 0x00, 0x49, 0xc7, 0x03, 0x00,
 0x00, 0x04, 0xc8, 0x03, 0x00, 0x00, 0x49, 0xc9,
 0x03, 0x00, 0x00, 0x04, 0xca, 0x03, 0x00, 0x00,
 0x49, 0xcb, 0x03, 0x00, 0x00, 0x04, 0xcc, 0x03,
 0x00, 0x00, 0x49, 0xcd, 0x03, 0x00, 0x00, 0x04,
 0xce, 0x03, 0x00, 0x00, 0x49, 0xcf, 0x03, 0x00,
 0x00, 0x04, 0xd0, 0x03, 0x00, 0x00, 0x49, 0xd1,
 0x03, 0x00, 0x00, 0x04, 0xd2, 0x03, 0x00, 0x00,
 0x49, 0xd3, 0x03, 0x00, 0x00, 0x04, 0xd4, 0x03,
 0x00, 0x00, 0x49, 0xd5, 0x03, 0x00, 0x00, 0x04,
 0xd6, 0x03, 0x00, 0x00, 0x49, 0xd7, 0x03, 0x00,
 0x00, 0x04, 0xd8, 0x03, 0x00, 0x00, 0x49, 0xd9,
 0x03, 0x00, 0x00, 0x04, 0xda, 0x03, 0x00, 0x00,
 0x49, 0xdb, 0x03, 0x00, 0x00, 0x04, 0xdc, 0x03,
 0x00, 0x00, 0x49, 0xdd, 0x03, 0x00, 0x00, 0x04,
 0xde, 0x03, 0x00, 0x00, 0x49, 0xdf, 0x03, 0x00,
 0x00, 0x04, 0xe0, 0x03, 0x00, 0x00, 0x49, 0xe1,
 0x03, 0x00, 0x00, 0x04, 0xe2, 0x03, 0x00, 0x00,
 0x49, 0xe3, 0x03, 0x00, 0x00, 0x04, 0xe4, 0x03,
 0x00, 0x00, 0x49, 0xe5, 0x03, 0x00, 0x00, 0x04,
 0xe6, 0x03, 0x00, 0x00, 0x49, 0xe7, 0x03, 0x00,
 0x00, 0x04, 0xe8, 0x03, 0x00, 0x00, 0x49, 0xe9,
 0x03, 0x00, 0x00, 0x04, 0xea, 0x03, 0x00, 0x00,
 0x49, 0xeb, 0x03, 0x00, 0x00, 0x04, 0xec, 0x03,
 0x00, 0x00, 0x49, 0xed, 0x03, 0x00, 0x00, 0x04,
 0xee, 0x03, 0x00, 0x00, 0x49, 0xef, 0x03, 0x00,
 0x00, 0x04, 0xf0, 0x03, 0x00, 0x00, 0x49, 0xf1,
 0x03, 0x00, 0x00, 0x04, 0xae, 0x02, 0x00, 0x00,
 0x49, 0xf2, 0x03, 0x00, 0x00, 0x04, 0xb0, 0x02,
 0x00, 0x00, 0x49, 0xf3, 0x03, 0x00, 0x00, 0x04,
 0xf4, 0x03, 0x00, 0x00, 0x49, 0xf5, 0x03, 0x00,
 0x00, 0x04, 0xf6, 0x03, 0x00, 0x00, 0x49, 0xf7,
 0x03, 0x00, 0x00, 0x04, 0xf8, 0x03, 0x00, 0x00,
 0x49, 0xf9, 0x03, 0x00, 0x00, 0x04, 0xfa, 0x03,
 0x00, 0x00, 0x49, 0xfb, 0x03, 0x00, 0x00, 0x04,
 0xfc, 0x03, 0x00, 0x00, 0x49, 0xfd, 0x03, 0x00,
 0x00, 0x04, 0xfe, 0x03, 0x00, 0x00, 0x49, 0xff,
 0x03, 0x00, 0x00, 0x04, 0x00, 0x04, 0x00, 0x00,
 0x49, 0x01, 0x04, 0x00, 0x00, 0x04, 0x02, 0x04,
 0x00, 0x00, 0x49, 0x03, 0x04, 0x00, 0x00, 0x04,
 0x04, 0x04, 0x00, 0x00, 0x49, 0x05, 0x04, 0x00,
 0x00, 0x04, 0x06, 0x04, 0x00, 0x00, 0x49, 0x07,
 0x04, 0x00, 0x00, 0x04, 0x08, 0x04, 0x00, 0x00,
 0x49, 0x09, 0x04, 0x00, 0x00, 0x04, 0x0a, 0x04,
 0x00, 0x00, 0x49, 0x0b, 0x04, 0x00, 0x00, 0x04,
 0x0c, 0x04, 0x00, 0x00, 0x49, 0x0d, 0x04, 0x00,
 0x00, 0x04, 0xb3, 0x02, 0x00, 0x00, 0x49, 0x0e,
 0x04, 0x00, 0x00, 0x04, 0xb5, 0x02, 0x00, 0x00,
 0x49, 0x0f, 0x04, 0x00, 0x00, 0x04, 0xb7, 0x02,
 0x00, 0x00, 0x49, 0x10, 0x04, 0x00, 0x00, 0x04,
 0x11, 0x04, 0x00, 0x00, 0x49, 0x12, 0x04, 0x00,
 0x00, 0x04, 0x13, 0x04, 0x00, 0x00, 0x49, 0x14,
 0x04, 0x00, 0x00, 0x04, 0x15, 0x04, 0x00, 0x00,
 0x49, 0x16, 0x04, 0x00, 0x00, 0x04, 0xb8, 0x03,
 0x00, 0x00, 0x49, 0x17, 0x04, 0x00, 0x00, 0x04,
 0x18, 0x04, 0x00, 0x00, 0x49, 0x19, 0x04, 0x00,
 0x00, 0x04, 0x1a, 0x04, 0x00, 0x00, 0x49, 0x1b,
 0x04, 0x00, 0x00, 0x04, 0x1c, 0x04, 0x00, 0x00,
 0x49, 0x1d, 0x04, 0x00, 0x00, 0x04, 0x1e, 0x04,
 0x00, 0x00, 0x49, 0xc6, 0x00, 0x00, 0x00, 0x04,
 0x1f, 0x04, 0x00, 0x00, 0x49, 0x20, 0x04, 0x00,
 0x00, 0x04, 0x21, 0x04, 0x00, 0x00, 0x49, 0x22,
 0x04, 0x00, 0x00, 0x04, 0x23, 0x04, 0x00, 0x00,
 0x49, 0x24, 0x04, 0x00, 0x00, 0x04, 0x25, 0x04,
 0x00, 0x00, 0x49, 0x26, 0x04, 0x00, 0x00, 0x04,
 0x27, 0x04, 0x00, 0x00, 0x49, 0x28, 0x04, 0x00,
 0x00, 0x04, 0x29, 0x04, 0x00, 0x00, 0x49, 0x2a,
 0x04, 0x00, 0x00, 0x04, 0x23, 0x04, 0x00, 0x00,
 0x49, 0x2b, 0x04, 0x00, 0x00, 0x04, 0x2c, 0x04,
 0x00, 0x00, 0x49, 0x2d, 0x04, 0x00, 0x00, 0x04,
 0x2e, 0x04, 0x00, 0x00, 0x49, 0x2f, 0x04, 0x00,
 0x00, 0x04, 0x30, 0x04, 0x00, 0x00, 0x49, 0x31,
 0x04, 0x00, 0x00, 0x04, 0x32, 0x04, 0x00, 0x00,
 0x49, 0x33, 0x04, 0x00, 0x00, 0x04, 0x34, 0x04,
 0x00, 0x00, 0x49, 0x35, 0x04, 0x00, 0x00, 0x04,
 0x36, 0x04, 0x00, 0x00, 0x49, 0x37, 0x04, 0x00,
 0x00, 0x04, 0x38, 0x04, 0x00, 0x00, 0x49, 0x39,
 0x04, 0x00, 0x00, 0x04, 0x38, 0x04, 0x00, 0x00,
 0x49, 0x3a, 0x04, 0x00, 0x00, 0x04, 0x38, 0x04,
 0x00, 0x00, 0x49, 0x3b, 0x04, 0x00, 0x00, 0x04,
 0x38, 0x04, 0x00, 0x00, 0x49, 0x3c, 0x04, 0x00,
 0x00, 0x04, 0x4a, 0x03, 0x00, 0x00, 0x49, 0x3d,
 0x04, 0x00, 0x00, 0x04, 0x1c, 0x04, 0x00, 0x00,
 0x49, 0x3e, 0x04, 0x00, 0x00, 0x04, 0x3f, 0x04,
 0x00, 0x00, 0x49, 0x40, 0x04, 0x00, 0x00, 0x04,
 0x41, 0x04, 0x00, 0x00, 0x49, 0x42, 0x04, 0x00,
 0x00, 0x04, 0x43, 0x04, 0x00, 0x00, 0x49, 0x44,
 0x04, 0x00, 0x00, 0x04, 0x45, 0x04, 0x00, 0x00,
 0x49, 0x46, 0x04, 0x00, 0x00, 0x04, 0x47, 0x04,
 0x00, 0x00, 0x49, 0x48, 0x04, 0x00, 0x00, 0x04,
 0x49, 0x04, 0x00, 0x00, 0x49, 0x4a, 0x04, 0x00,
 0x00, 0x04, 0x4b, 0x04, 0x00, 0x00, 0x49, 0x4c,
 0x04, 0x00, 0x00, 0x04, 0x4d, 0x04, 0x00, 0x00,
 0x49, 0x4e, 0x04, 0x00, 0x00, 0x04, 0x4f, 0x04,
 0x00, 0x00, 0x49, 0x50, 0x04, 0x00, 0x00, 0x04,
 0x51, 0x04, 0x00, 0x00, 0x49, 0x52, 0x04, 0x00,
 0x00, 0x04, 0x53, 0x04, 0x00, 0x00, 0x49, 0x54,
 0x04, 0x00, 0x00, 0x04, 0x55, 0x04, 0x00, 0x00,
 0x49, 0x56, 0x04, 0x00, 0x00, 0x04, 0x57, 0x04,
 0x00, 0x00, 0x49, 0x58, 0x04, 0x00, 0x00, 0x04,
 0x59, 0x04, 0x00, 0x00, 0x49, 0x5a, 0x04, 0x00,
 0x00, 0x04, 0x5b, 0x04, 0x00, 0x00, 0x49, 0x5c,
 0x04, 0x00, 0x00, 0x04, 0x5d, 0x04, 0x00, 0x00,
 0x49, 0x5e, 0x04, 0x00, 0x00, 0x04, 0x5f, 0x04,
 0x00, 0x00, 0x49, 0x60, 0x04, 0x00, 0x00, 0x04,
 0x61, 0x04, 0x00, 0x00, 0x49, 0x62, 0x04, 0x00,
 0x00, 0x04, 0x63, 0x04, 0x00, 0x00, 0x49, 0x64,
 0x04, 0x00, 0x00, 0x04, 0x65, 0x04, 0x00, 0x00,
 0x49, 0x66, 0x04, 0x00, 0x00, 0x04, 0x67, 0x04,
 0x00, 0x00, 0x49, 0x68, 0x04, 0x00, 0x00, 0x04,
 0x69, 0x04, 0x00, 0x00, 0x49, 0x6a, 0x04, 0x00,
 0x00, 0x04, 0x6b, 0x04, 0x00, 0x00, 0x49, 0x6c,
 0x04, 0x00, 0x00, 0x04, 0x6d, 0x04, 0x00, 0x00,
 0x49, 0x6e, 0x04, 0x00, 0x00, 0x04, 0x6f, 0x04,
 0x00, 0x00, 0x49, 0x70, 0x04, 0x00, 0x00, 0x04,
 0x71, 0x04, 0x00, 0x00, 0x49, 0x72, 0x04, 0x00,
 0x00, 0x04, 0x73, 0x04, 0x00, 0x00, 0x49, 0x74,
 0x04, 0x00, 0x00, 0x04, 0x75, 0x04, 0x00, 0x00,
 0x49, 0x76, 0x04, 0x00, 0x00, 0x04, 0x77, 0x04,
 0x00, 0x00, 0x49, 0x78, 0x04, 0x00, 0x00, 0x04,
 0x79, 0x04, 0x00, 0x00, 0x49, 0x7a, 0x04, 0x00,
 0x00, 0x04, 0x7b, 0x04, 0x00, 0x00, 0x49, 0x7c,
 0x04, 0x00, 0x00, 0x04, 0x7d, 0x04, 0x00, 0x00,
 0x49, 0x7e, 0x04, 0x00, 0x00, 0x04, 0x7f, 0x04,
 0x00, 0x00, 0x49, 0x80, 0x04, 0x00, 0x00, 0x04,
 0x81, 0x04, 0x00, 0x00, 0x49, 0x82, 0x04, 0x00,
 0x00, 0x04, 0x83, 0x04, 0x00, 0x00, 0x49, 0x84,
 0x04, 0x00, 0x00, 0x04, 0x85, 0x04, 0x00, 0x00,
 0x49, 0x86, 0x04, 0x00, 0x00, 0x04, 0x87, 0x04,
 0x00, 0x00, 0x49, 0x88, 0x04, 0x00, 0x00, 0x04,
 0x89, 0x04, 0x00, 0x00, 0x49, 0x8a, 0x04, 0x00,
 0x00, 0x04, 0x8b, 0x04, 0x00, 0x00, 0x49, 0x8c,
 0x04, 0x00, 0x00, 0x04, 0x8d, 0x04, 0x00, 0x00,
 0x49, 0x8e, 0x04, 0x00, 0x00, 0x04, 0x8f, 0x04,
 0x00, 0x00, 0x49, 0x90, 0x04, 0x00, 0x00, 0x04,
 0x91, 0x04, 0x00, 0x00, 0x49, 0x92, 0x04, 0x00,
 0x00, 0x04, 0x93, 0x04, 0x00, 0x00, 0x49, 0x94,
 0x04, 0x00, 0x00, 0x04, 0x95, 0x04, 0x00, 0x00,
 0x49, 0x96, 0x04, 0x00, 0x00, 0x04, 0x97, 0x04,
 0x00, 0x00, 0x49, 0x98, 0x04, 0x00, 0x00, 0x04,
 0x99, 0x04, 0x00, 0x00, 0x49, 0x9a, 0x04, 0x00,
 0x00, 0x04, 0x9b, 0x04, 0x00, 0x00, 0x49, 0x9c,
 0x04, 0x00, 0x00, 0x04, 0x9d, 0x04, 0x00, 0x00,
 0x49, 0x9e, 0x04, 0x00, 0x00, 0x04, 0x9f, 0x04,
 0x00, 0x00, 0x49, 0xa0, 0x04, 0x00, 0x00, 0x04,
 0xa1, 0x04, 0x00, 0x00, 0x49, 0xa2, 0x04, 0x00,
 0x00, 0x04, 0xa3, 0x04, 0x00, 0x00, 0x49, 0xa4,
 0x04, 0x00, 0x00, 0x04, 0xa5, 0x04, 0x00, 0x00,
 0x49, 0xa6, 0x04, 0x00, 0x00, 0x04, 0xa7, 0x04,
 0x00, 0x00, 0x49, 0xa8, 0x04, 0x00, 0x00, 0x04,
 0xa9, 0x04, 0x00, 0x00, 0x49, 0xaa, 0x04, 0x00,
 0x00, 0x04, 0xab, 0x04, 0x00, 0x00, 0x49, 0xac,
 0x04, 0x00, 0x00, 0x04, 0xad, 0x04, 0x00, 0x00,
 0x49, 0xae, 0x04, 0x00, 0x00, 0x04, 0xaf, 0x04,
 0x00, 0x00, 0x49, 0xb0, 0x04, 0x00, 0x00, 0x04,
 0xb1, 0x04, 0x00, 0x00, 0x49, 0xb2, 0x04, 0x00,
 0x00, 0x04, 0xb3, 0x04, 0x00, 0x00, 0x49, 0xb4,
 0x04, 0x00, 0x00, 0x04, 0xb5, 0x04, 0x00, 0x00,
 0x49, 0xb6, 0x04, 0x00, 0x00, 0x04, 0xb7, 0x04,
 0x00, 0x00, 0x49, 0xb8, 0x04, 0x00, 0x00, 0x04,
 0xb9, 0x04, 0x00, 0x00, 0x49, 0xba, 0x04, 0x00,
 0x00, 0x04, 0xbb, 0x04, 0x00, 0x00, 0x49, 0xbc,
 0x04, 0x00, 0x00, 0x04, 0xbd, 0x04, 0x00, 0x00,
 0x49, 0xbe, 0x04, 0x00, 0x00, 0x04, 0xbf, 0x04,
 0x00, 0x00, 0x49, 0xc0, 0x04, 0x00, 0x00, 0x04,
 0xc1, 0x04, 0x00, 0x00, 0x49, 0xc2, 0x04, 0x00,
 0x00, 0x04, 0xc3, 0x04, 0x00, 0x00, 0x49, 0xc4,
 0x04, 0x00, 0x00, 0x04, 0xc5, 0x04, 0x00, 0x00,
 0x49, 0xc6, 0x04, 0x00, 0x00, 0x04, 0xc7, 0x04,
 0x00, 0x00, 0x49, 0xc8, 0x04, 0x00, 0x00, 0x04,
 0xc9, 0x04, 0x00, 0x00, 0x49, 0xca, 0x04, 0x00,
 0x00, 0x04, 0xcb, 0x04, 0x00, 0x00, 0x49, 0xcc,
 0x04, 0x00, 0x00, 0x04, 0xcd, 0x04, 0x00, 0x00,
 0x49, 0xce, 0x04, 0x00, 0x00, 0x04, 0xcf, 0x04,
 0x00, 0x00, 0x49, 0xd0, 0x04, 0x00, 0x00, 0x04,
 0xd1, 0x04, 0x00, 0x00, 0x49, 0xd2, 0x04, 0x00,
 0x00, 0x04, 0xd3, 0x04, 0x00, 0x00, 0x49, 0xd4,
 0x04, 0x00, 0x00, 0x04, 0xd5, 0x04, 0x00, 0x00,
 0x49, 0xd6, 0x04, 0x00, 0x00, 0x04, 0xd7, 0x04,
 0x00, 0x00, 0x49, 0xd8, 0x04, 0x00, 0x00, 0x04,
 0xd9, 0x04, 0x00, 0x00, 0x49, 0xda, 0x04, 0x00,
 0x00, 0x04, 0xdb, 0x04, 0x00, 0x00, 0x49, 0xdc,
 0x04, 0x00, 0x00, 0x04, 0xdd, 0x04, 0x00, 0x00,
 0x49, 0xde, 0x04, 0x00, 0x00, 0x04, 0xdf, 0x04,
 0x00, 0x00, 0x49, 0xe0, 0x04, 0x00, 0x00, 0x04,
 0xe1, 0x04, 0x00, 0x00, 0x49, 0xe2, 0x04, 0x00,
 0x00, 0x04, 0xe3, 0x04, 0x00, 0x00, 0x49, 0xe4,
 0x04, 0x00, 0x00, 0x04, 0xe5, 0x04, 0x00, 0x00,
 0x49, 0xe6, 0x04, 0x00, 0x00, 0x04, 0xe7, 0x04,
 0x00, 0x00, 0x49, 0xe8, 0x04, 0x00, 0x00, 0x04,
 0xe9, 0x04, 0x00, 0x00, 0x49, 0xea, 0x04, 0x00,
 0x00, 0x04, 0xeb, 0x04, 0x00, 0x00, 0x49, 0xec,
 0x04, 0x00, 0x00, 0x04, 0xed, 0x04, 0x00, 0x00,
 0x49, 0xee, 0x04, 0x00, 0x00, 0x04, 0xef, 0x04,
 0x00, 0x00, 0x49, 0xf0, 0x04, 0x00, 0x00, 0x04,
 0x53, 0x03, 0x00, 0x00, 0x49, 0xf1, 0x04, 0x00,
 0x00, 0x04, 0xf2, 0x04, 0x00, 0x00, 0x49, 0xf3,
 0x04, 0x00, 0x00, 0x04, 0xf4, 0x04, 0x00, 0x00,
 0x49, 0xf5, 0x04, 0x00, 0x00, 0x04, 0xf6, 0x04,
 0x00, 0x00, 0x49, 0xf7, 0x04, 0x00, 0x00, 0x04,
 0xf8, 0x04, 0x00, 0x00, 0x49, 0xf9, 0x04, 0x00,
 0x00, 0x04, 0xfa, 0x04, 0x00, 0x00, 0x49, 0xfb,
 0x04, 0x00, 0x00, 0x04, 0xfc, 0x04, 0x00, 0x00,
 0x49, 0xfd, 0x04, 0x00, 0x00, 0x04, 0xfe, 0x04,
 0x00, 0x00, 0x49, 0xff, 0x04, 0x00, 0x00, 0x04,
 0x00, 0x05, 0x00, 0x00, 0x49, 0x01, 0x05, 0x00,
 0x00, 0x04, 0x63, 0x02, 0x00, 0x00, 0x49, 0x02,
 0x05, 0x00, 0x00, 0x04, 0x03, 0x05, 0x00, 0x00,
 0x49, 0x04, 0x05, 0x00, 0x00, 0x04, 0x05, 0x05,
 0x00, 0x00, 0x49, 0x06, 0x05, 0x00, 0x00, 0x04,
 0x07, 0x05, 0x00, 0x00, 0x49, 0x08, 0x05, 0x00,
 0x00, 0x04, 0xc1, 0x01, 0x00, 0x00, 0x49, 0x09,
 0x05, 0x00, 0x00, 0x04, 0x0a, 0x05, 0x00, 0x00,
 0x49, 0x0b, 0x05, 0x00, 0x00, 0x04, 0x0c, 0x05,
 0x00, 0x00, 0x49, 0x0d, 0x05, 0x00, 0x00, 0x04,
 0x0e, 0x05, 0x00, 0x00, 0x49, 0x0f, 0x05, 0x00,
 0x00, 0x04, 0x10, 0x05, 0x00, 0x00, 0x49, 0x11,
 0x05, 0x00, 0x00, 0x04, 0x12, 0x05, 0x00, 0x00,
 0x49, 0x13, 0x05, 0x00, 0x00, 0x04, 0x14, 0x05,
 0x00, 0x00, 0x49, 0x15, 0x05, 0x00, 0x00, 0x04,
 0x16, 0x05, 0x00, 0x00, 0x49, 0x17, 0x05, 0x00,
 0x00, 0x04, 0x18, 0x05, 0x00, 0x00, 0x49, 0x19,
 0x05, 0x00, 0x00, 0x04, 0x1a, 0x05, 0x00, 0x00,
 0x49, 0x1b, 0x05, 0x00, 0x00, 0x04, 0x1c, 0x05,
 0x00, 0x00, 0x49, 0x1d, 0x05, 0x00, 0x00, 0x04,
 0x1e, 0x05, 0x00, 0x00, 0x49, 0x1f, 0x05, 0x00,
 0x00, 0x04, 0x20, 0x05, 0x00, 0x00, 0x49, 0x21,
 0x05, 0x00, 0x00, 0x04, 0x22, 0x05, 0x00, 0x00,
 0x49, 0x23, 0x05, 0x00, 0x00, 0x04, 0x24, 0x05,
 0x00, 0x00, 0x49, 0x25, 0x05, 0x00, 0x00, 0x04,
 0x26, 0x05, 0x00, 0x00, 0x49, 0x27, 0x05, 0x00,
 0x00, 0x04, 0x28, 0x05, 0x00, 0x00, 0x49, 0x29,
 0x05, 0x00, 0x00, 0x04, 0x22, 0x05, 0x00, 0x00,
 0x49, 0x2a, 0x05, 0x00, 0x00, 0x04, 0x2b, 0x05,
 0x00, 0x00, 0x49, 0x2c, 0x05, 0x00, 0x00, 0x04,
 0x2d, 0x05, 0x00, 0x00, 0x49, 0x2e, 0x05, 0x00,
 0x00, 0x04, 0x2f, 0x05, 0x00, 0x00, 0x49, 0x30,
 0x05, 0x00, 0x00, 0x04, 0x31, 0x05, 0x00, 0x00,
 0x49, 0x32, 0x05, 0x00, 0x00, 0x04, 0x33, 0x05,
 0x00, 0x00, 0x49, 0x34, 0x05, 0x00, 0x00, 0x04,
 0x35, 0x05, 0x00, 0x00, 0x49, 0x36, 0x05, 0x00,
 0x00, 0x04, 0x37, 0x05, 0x00, 0x00, 0x49, 0x38,
 0x05, 0x00, 0x00, 0x04, 0x39, 0x05, 0x00, 0x00,
 0x49, 0x3a, 0x05, 0x00, 0x00, 0x04, 0x3b, 0x05,
 0x00, 0x00, 0x49, 0x3c, 0x05, 0x00, 0x00, 0x04,
 0x3d, 0x05, 0x00, 0x00, 0x49, 0x3e, 0x05, 0x00,
 0x00, 0x04, 0x3f, 0x05, 0x00, 0x00, 0x49, 0x40,
 0x05, 0x00, 0x00, 0x04, 0x41, 0x05, 0x00, 0x00,
 0x49, 0x42, 0x05, 0x00, 0x00, 0x04, 0x43, 0x05,
 0x00, 0x00, 0x49, 0x44, 0x05, 0x00, 0x00, 0x04,
 0x45, 0x05, 0x00, 0x00, 0x49, 0x46, 0x05, 0x00,
 0x00, 0x04, 0x47, 0x05, 0x00, 0x00, 0x49, 0x48,
 0x05, 0x00, 0x00, 0x04, 0x49, 0x05, 0x00, 0x00,
 0x49, 0x4a, 0x05, 0x00, 0x00, 0x04, 0x4b, 0x05,
 0x00, 0x00, 0x49, 0x4c, 0x05, 0x00, 0x00, 0x04,
 0x4d, 0x05, 0x00, 0x00, 0x49, 0x4e, 0x05, 0x00,
 0x00, 0x04, 0x4f, 0x05, 0x00, 0x00, 0x49, 0x50,
 0x05, 0x00, 0x00, 0x04, 0x51, 0x05, 0x00, 0x00,
 0x49, 0x52, 0x05, 0x00, 0x00, 0x04, 0x53, 0x05,
 0x00, 0x00, 0x49, 0x54, 0x05, 0x00, 0x00, 0x04,
 0x55, 0x05, 0x00, 0x00, 0x49, 0x56, 0x05, 0x00,
 0x00, 0x04, 0x57, 0x05, 0x00, 0x00, 0x49, 0x58,
 0x05, 0x00, 0x00, 0x04, 0xb9, 0x02, 0x00, 0x00,
 0x49, 0x59, 0x05, 0x00, 0x00, 0x04, 0x5a, 0x05,
 0x00, 0x00, 0x49, 0x5b, 0x05, 0x00, 0x00, 0x04,
 0x5c, 0x05, 0x00, 0x00, 0x49, 0x5d, 0x05, 0x00,
 0x00, 0x04, 0x5e, 0x05, 0x00, 0x00, 0x49, 0x5f,
 0x05, 0x00, 0x00, 0x04, 0x60, 0x05, 0x00, 0x00,
 0x49, 0x61, 0x05, 0x00, 0x00, 0x04, 0x62, 0x05,
 0x00, 0x00, 0x49, 0x63, 0x05, 0x00, 0x00, 0x04,
 0x64, 0x05, 0x00, 0x00, 0x49, 0x65, 0x05, 0x00,
 0x00, 0x04, 0x66, 0x05, 0x00, 0x00, 0x49, 0x67,
 0x05, 0x00, 0x00, 0x04, 0x68, 0x05, 0x00, 0x00,
 0x49, 0x69, 0x05, 0x00, 0x00, 0x04, 0x6a, 0x05,
 0x00, 0x00, 0x49, 0x6b, 0x05, 0x00, 0x00, 0x04,
 0x6c, 0x05, 0x00, 0x00, 0x49, 0x6d, 0x05, 0x00,
 0x00, 0x04, 0x6e, 0x05, 0x00, 0x00, 0x49, 0x6f,
 0x05, 0x00, 0x00, 0x04, 0x70, 0x05, 0x00, 0x00,
 0x49, 0x71, 0x05, 0x00, 0x00, 0x04, 0x72, 0x05,
 0x00, 0x00, 0x49, 0x73, 0x05, 0x00, 0x00, 0x04,
 0x74, 0x05, 0x00, 0x00, 0x49, 0x75, 0x05, 0x00,
 0x00, 0x04, 0x76, 0x05, 0x00, 0x00, 0x49, 0x77,
 0x05, 0x00, 0x00, 0x04, 0x78, 0x05, 0x00, 0x00,
 0x49, 0x79, 0x05, 0x00, 0x00, 0x04, 0xc3, 0x02,
 0x00, 0x00, 0x49, 0x7a, 0x05, 0x00, 0x00, 0x04,
 0xc4, 0x03, 0x00, 0x00, 0x49, 0x7b, 0x05, 0x00,
 0x00, 0x04, 0x2f, 0x05, 0x00, 0x00, 0x49, 0x7c,
 0x05, 0x00, 0x00, 0x04, 0x7d, 0x05, 0x00, 0x00,
 0x49, 0x7e, 0x05, 0x00, 0x00, 0x04, 0x7f, 0x05,
 0x00, 0x00, 0x49, 0x80, 0x05, 0x00, 0x00, 0x04,
 0x81, 0x05, 0x00, 0x00, 0x49, 0x82, 0x05, 0x00,
 0x00, 0x04, 0x83, 0x05, 0x00, 0x00, 0x49, 0x84,
 0x05, 0x00, 0x00, 0x04, 0x85, 0x05, 0x00, 0x00,
 0x49, 0x86, 0x05, 0x00, 0x00, 0x04, 0x87, 0x05,
 0x00, 0x00, 0x49, 0x88, 0x05, 0x00, 0x00, 0x04,
 0x89, 0x05, 0x00, 0x00, 0x49, 0x8a, 0x05, 0x00,
 0x00, 0x04, 0x8b, 0x05, 0x00, 0x00, 0x49, 0x8c,
 0x05, 0x00, 0x00, 0x04, 0x8d, 0x05, 0x00, 0x00,
 0x49, 0x8e, 0x05, 0x00, 0x00, 0x04, 0x8f, 0x05,
 0x00, 0x00, 0x49, 0x90, 0x05, 0x00, 0x00, 0x04,
 0x91, 0x05, 0x00, 0x00, 0x49, 0x92, 0x05, 0x00,
 0x00, 0x04, 0x93, 0x05, 0x00, 0x00, 0x49, 0x94,
 0x05, 0x00, 0x00, 0x04, 0x95, 0x05, 0x00, 0x00,
 0x49, 0x96, 0x05, 0x00, 0x00, 0x04, 0x97, 0x05,
 0x00, 0x00, 0x49, 0x98, 0x05, 0x00, 0x00, 0x04,
 0x99, 0x05, 0x00, 0x00, 0x49, 0x9a, 0x05, 0x00,
 0x00, 0x04, 0x99, 0x05, 0x00, 0x00, 0x49, 0x9b,
 0x05, 0x00, 0x00, 0x04, 0x9c, 0x05, 0x00, 0x00,
 0x49, 0x9d, 0x05, 0x00, 0x00, 0x04, 0x9e, 0x05,
 0x00, 0x00, 0x49, 0x9f, 0x05, 0x00, 0x00, 0x04,
 0xa0, 0x05, 0x00, 0x00, 0x49, 0xa1, 0x05, 0x00,
 0x00, 0x04, 0xa2, 0x05, 0x00, 0x00, 0x49, 0xa3,
 0x05, 0x00, 0x00, 0x04, 0xa4, 0x05, 0x00, 0x00,
 0x49, 0xa5, 0x05, 0x00, 0x00, 0x04, 0x24, 0x05,
 0x00, 0x00, 0x49, 0xa6, 0x05, 0x00, 0x00, 0x04,
 0xa7, 0x05, 0x00, 0x00, 0x49, 0xa8, 0x05, 0x00,
 0x00, 0x04, 0xa9, 0x05, 0x00, 0x00, 0x49, 0xaa,
 0x05, 0x00, 0x00, 0x04, 0xab, 0x05, 0x00, 0x00,
 0x49, 0xac, 0x05, 0x00, 0x00, 0x04, 0xad, 0x05,
 0x00, 0x00, 0x49, 0xae, 0x05, 0x00, 0x00, 0x04,
 0xa9, 0x05, 0x00, 0x00, 0x49, 0xaf, 0x05, 0x00,
 0x00, 0x04, 0xb0, 0x05, 0x00, 0x00, 0x49, 0xb1,
 0x05, 0x00, 0x00, 0x04, 0xb2, 0x05, 0x00, 0x00,
 0x49, 0xb3, 0x05, 0x00, 0x00, 0x04, 0xb4, 0x05,
 0x00, 0x00, 0x49, 0xb5, 0x05, 0x00, 0x00, 0x04,
 0xb6, 0x05, 0x00, 0x00, 0x49, 0xb7, 0x05, 0x00,
 0x00, 0x04, 0xb8, 0x05, 0x00, 0x00, 0x49, 0xb9,
 0x05, 0x00, 0x00, 0x04, 0xba, 0x05, 0x00, 0x00,
 0x49, 0xbb, 0x05, 0x00, 0x00, 0x04, 0xbc, 0x05,
 0x00, 0x00, 0x49, 0xbd, 0x05, 0x00, 0x00, 0x04,
 0xbe, 0x05, 0x00, 0x00, 0x49, 0xbf, 0x05, 0x00,
 0x00, 0x04, 0xc0, 0x05, 0x00, 0x00, 0x49, 0xc1,
 0x05, 0x00, 0x00, 0x04, 0xc2, 0x05, 0x00, 0x00,
 0x49, 0xc3, 0x05, 0x00, 0x00, 0x04, 0xc4, 0x05,
 0x00, 0x00, 0x49, 0xc5, 0x05, 0x00, 0x00, 0x04,
 0xc6, 0x05, 0x00, 0x00, 0x49, 0xc7, 0x05, 0x00,
 0x00, 0x04, 0xc8, 0x05, 0x00, 0x00, 0x49, 0xc9,
 0x05, 0x00, 0x00, 0x04, 0xca, 0x05, 0x00, 0x00,
 0x49, 0xcb, 0x05, 0x00, 0x00, 0x04, 0xcc, 0x05,
 0x00, 0x00, 0x49, 0xcd, 0x05, 0x00, 0x00, 0x04,
 0xce, 0x05, 0x00, 0x00, 0x49, 0xcf, 0x05, 0x00,
 0x00, 0x04, 0xd0, 0x05, 0x00, 0x00, 0x49, 0xd1,
 0x05, 0x00, 0x00, 0x04, 0xd2, 0x05, 0x00, 0x00,
 0x49, 0xd3, 0x05, 0x00, 0x00, 0x04, 0xd4, 0x05,
 0x00, 0x00, 0x49, 0xd5, 0x05, 0x00, 0x00, 0x04,
 0xd6, 0x05, 0x00, 0x00, 0x49, 0xd7, 0x05, 0x00,
 0x00, 0x04, 0xd8, 0x05, 0x00, 0x00, 0x49, 0xd9,
 0x05, 0x00, 0x00, 0x04, 0xda, 0x05, 0x00, 0x00,
 0x49, 0xdb, 0x05, 0x00, 0x00, 0x04, 0xdc, 0x05,
 0x00, 0x00, 0x49, 0xdd, 0x05, 0x00, 0x00, 0x04,
 0xde, 0x05, 0x00, 0x00, 0x49, 0xdf, 0x05, 0x00,
 0x00, 0x04, 0xe0, 0x05, 0x00, 0x00, 0x49, 0xe1,
 0x05, 0x00, 0x00, 0x04, 0xe2, 0x05, 0x00, 0x00,
 0x49, 0xe3, 0x05, 0x00, 0x00, 0x04, 0xe4, 0x05,
 0x00, 0x00, 0x49, 0xe5, 0x05, 0x00, 0x00, 0x04,
 0xe6, 0x05, 0x00, 0x00, 0x49, 0xe7, 0x05, 0x00,
 0x00, 0x04, 0xe8, 0x05, 0x00, 0x00, 0x49, 0xe9,
 0x05, 0x00, 0x00, 0x04, 0xea, 0x05, 0x00, 0x00,
 0x49, 0xeb, 0x05, 0x00, 0x00, 0x04, 0xec, 0x05,
 0x00, 0x00, 0x49, 0xed, 0x05, 0x00, 0x00, 0x04,
 0xee, 0x05, 0x00, 0x00, 0x49, 0xef, 0x05, 0x00,
 0x00, 0x04, 0xf0, 0x05, 0x00, 0x00, 0x49, 0xf1,
 0x05, 0x00, 0x00, 0x04, 0xf2, 0x05, 0x00, 0x00,
 0x49, 0xf3, 0x05, 0x00, 0x00, 0x04, 0xf4, 0x05,
 0x00, 0x00, 0x49, 0xf5, 0x05, 0x00, 0x00, 0x04,
 0xf6, 0x05, 0x00, 0x00, 0x49, 0xf7, 0x05, 0x00,
 0x00, 0x04, 0xf8, 0x05, 0x00, 0x00, 0x49, 0xf9,
 0x05, 0x00, 0x00, 0x04, 0xfa, 0x05, 0x00, 0x00,
 0x49, 0xfb, 0x05, 0x00, 0x00, 0x04, 0xfc, 0x05,
 0x00, 0x00, 0x49, 0xfd, 0x05, 0x00, 0x00, 0x04,
 0xfe, 0x05, 0x00, 0x00, 0x49, 0xff, 0x05, 0x00,
 0x00, 0x04, 0x00, 0x06, 0x00, 0x00, 0x49, 0x01,
 0x06, 0x00, 0x00, 0x04, 0x7d, 0x05, 0x00, 0x00,
 0x49, 0x02, 0x06, 0x00, 0x00, 0x04, 0x03, 0x06,
 0x00, 0x00, 0x49, 0x04, 0x06, 0x00, 0x00, 0x04,
 0x05, 0x06, 0x00, 0x00, 0x49, 0x06, 0x06, 0x00,
 0x00, 0x04, 0x07, 0x06, 0x00, 0x00, 0x49, 0x08,
 0x06, 0x00, 0x00, 0x04, 0x09, 0x06, 0x00, 0x00,
 0x49, 0x0a, 0x06, 0x00, 0x00, 0x04, 0x0b, 0x06,
 0x00, 0x00, 0x49, 0x0c, 0x06, 0x00, 0x00, 0x04,
 0x0d, 0x06, 0x00, 0x00, 0x49, 0x0e, 0x06, 0x00,
 0x00, 0x04, 0xbd, 0x02, 0x00, 0x00, 0x49, 0x0f,
 0x06, 0x00, 0x00, 0x04, 0xbf, 0x02, 0x00, 0x00,
 0x49, 0x10, 0x06, 0x00, 0x00, 0x04, 0x11, 0x06,
 0x00, 0x00, 0x49, 0x12, 0x06, 0x00, 0x00, 0x04,
 0x13, 0x06, 0x00, 0x00, 0x49, 0x14, 0x06, 0x00,
 0x00, 0x04, 0x15, 0x06, 0x00, 0x00, 0x49, 0x16,
 0x06, 0x00, 0x00, 0x04, 0x17, 0x06, 0x00, 0x00,
 0x49, 0x18, 0x06, 0x00, 0x00, 0x04, 0x19, 0x06,
 0x00, 0x00, 0x49, 0x1a, 0x06, 0x00, 0x00, 0x04,
 0x1b, 0x06, 0x00, 0x00, 0x49, 0x1c, 0x06, 0x00,
 0x00, 0x04, 0x1d, 0x06, 0x00, 0x00, 0x49, 0x1e,
 0x06, 0x00, 0x00, 0x04, 0x1f, 0x06, 0x00, 0x00,
 0x49, 0x20, 0x06, 0x00, 0x00, 0x04, 0x21, 0x06,
 0x00, 0x00, 0x49, 0x22, 0x06, 0x00, 0x00, 0x04,
 0x23, 0x06, 0x00, 0x00, 0x49, 0x24, 0x06, 0x00,
 0x00, 0x04, 0x25, 0x06, 0x00, 0x00, 0x49, 0x26,
 0x06, 0x00, 0x00, 0x04, 0x27, 0x06, 0x00, 0x00,
 0x49, 0x28, 0x06, 0x00, 0x00, 0x04, 0x29, 0x06,
 0x00, 0x00, 0x49, 0x2a, 0x06, 0x00, 0x00, 0x04,
 0x2b, 0x06, 0x00, 0x00, 0x49, 0x2c, 0x06, 0x00,
 0x00, 0x04, 0x2d, 0x06, 0x00, 0x00, 0x49, 0x2e,
 0x06, 0x00, 0x00, 0x04, 0x2d, 0x06, 0x00, 0x00,
 0x49, 0x2f, 0x06, 0x00, 0x00, 0x04, 0x30, 0x06,
 0x00, 0x00, 0x49, 0x31, 0x06, 0x00, 0x00, 0x04,
 0xe9, 0x01, 0x00, 0x00, 0x49, 0x32, 0x06, 0x00,
 0x00, 0x04, 0x33, 0x06, 0x00, 0x00, 0x49, 0x34,
 0x06, 0x00, 0x00, 0x04, 0x35, 0x06, 0x00, 0x00,
 0x49, 0x36, 0x06, 0x00, 0x00, 0x04, 0x37, 0x06,
 0x00, 0x00, 0x49, 0x38, 0x06, 0x00, 0x00, 0x04,
 0x39, 0x06, 0x00, 0x00, 0x49, 0x3a, 0x06, 0x00,
 0x00, 0x04, 0x3b, 0x06, 0x00, 0x00, 0x49, 0x3c,
 0x06, 0x00, 0x00, 0x04, 0x3d, 0x06, 0x00, 0x00,
 0x49, 0x3e, 0x06, 0x00, 0x00, 0x04, 0x3f, 0x06,
 0x00, 0x00, 0x49, 0x40, 0x06, 0x00, 0x00, 0x04,
 0x41, 0x06, 0x00, 0x00, 0x49, 0x42, 0x06, 0x00,
 0x00, 0x04, 0x43, 0x06, 0x00, 0x00, 0x49, 0x44,
 0x06, 0x00, 0x00, 0x04, 0x45, 0x06, 0x00, 0x00,
 0x49, 0x46, 0x06, 0x00, 0x00, 0x04, 0x47, 0x06,
 0x00, 0x00, 0x49, 0x48, 0x06, 0x00, 0x00, 0x04,
 0x49, 0x06, 0x00, 0x00, 0x49, 0x4a, 0x06, 0x00,
 0x00, 0x04, 0x4b, 0x06, 0x00, 0x00, 0x49, 0x4c,
 0x06, 0x00, 0x00, 0x04, 0x4d, 0x06, 0x00, 0x00,
 0x49, 0x4e, 0x06, 0x00, 0x00, 0x04, 0x4f, 0x06,
 0x00, 0x00, 0x49, 0x50, 0x06, 0x00, 0x00, 0x04,
 0x51, 0x06, 0x00, 0x00, 0x49, 0x52, 0x06, 0x00,
 0x00, 0x04, 0x53, 0x06, 0x00, 0x00, 0x49, 0x54,
 0x06, 0x00, 0x00, 0x04, 0x55, 0x06, 0x00, 0x00,
 0x49, 0x56, 0x06, 0x00, 0x00, 0x04, 0x57, 0x06,
 0x00, 0x00, 0x49, 0x58, 0x06, 0x00, 0x00, 0x04,
 0x59, 0x06, 0x00, 0x00, 0x49, 0x5a, 0x06, 0x00,
 0x00, 0x04, 0x5b, 0x06, 0x00, 0x00, 0x49, 0x5c,
 0x06, 0x00, 0x00, 0x04, 0x5d, 0x06, 0x00, 0x00,
 0x49, 0x5e, 0x06, 0x00, 0x00, 0x04, 0x5f, 0x06,
 0x00, 0x00, 0x49, 0x60, 0x06, 0x00, 0x00, 0x04,
 0x61, 0x06, 0x00, 0x00, 0x49, 0x62, 0x06, 0x00,
 0x00, 0x04, 0x63, 0x06, 0x00, 0x00, 0x49, 0x64,
 0x06, 0x00, 0x00, 0x04, 0x65, 0x06, 0x00, 0x00,
 0x49, 0x66, 0x06, 0x00, 0x00, 0x04, 0x67, 0x06,
 0x00, 0x00, 0x49, 0x68, 0x06, 0x00, 0x00, 0x04,
 0x69, 0x06, 0x00, 0x00, 0x49, 0x6a, 0x06, 0x00,
 0x00, 0x04, 0x6b, 0x06, 0x00, 0x00, 0x49, 0x6c,
 0x06, 0x00, 0x00, 0x04, 0x6d, 0x06, 0x00, 0x00,
 0x49, 0x6e, 0x06, 0x00, 0x00, 0x04, 0x6f, 0x06,
 0x00, 0x00, 0x49, 0x70, 0x06, 0x00, 0x00, 0x04,
 0x38, 0x04, 0x00, 0x00, 0x49, 0x71, 0x06, 0x00,
 0x00, 0x04, 0x72, 0x06, 0x00, 0x00, 0x49, 0x73,
 0x06, 0x00, 0x00, 0x04, 0x74, 0x06, 0x00, 0x00,
 0x49, 0x75, 0x06, 0x00, 0x00, 0x04, 0x76, 0x06,
 0x00, 0x00, 0x49, 0x77, 0x06, 0x00, 0x00, 0x04,
 0x78, 0x06, 0x00, 0x00, 0x49, 0x79, 0x06, 0x00,
 0x00, 0x04, 0x7a, 0x06, 0x00, 0x00, 0x49, 0x7b,
 0x06, 0x00, 0x00, 0x04, 0x7c, 0x06, 0x00, 0x00,
 0x49, 0x7d, 0x06, 0x00, 0x00, 0x04, 0x7e, 0x06,
 0x00, 0x00, 0x49, 0x7f, 0x06, 0x00, 0x00, 0x04,
 0x80, 0x06, 0x00, 0x00, 0x49, 0x81, 0x06, 0x00,
 0x00, 0x04, 0x82, 0x06, 0x00, 0x00, 0x49, 0x83,
 0x06, 0x00, 0x00, 0x04, 0x84, 0x06, 0x00, 0x00,
 0x49, 0x85, 0x06, 0x00, 0x00, 0x04, 0x94, 0x02,
 0x00, 0x00, 0x49, 0x86, 0x06, 0x00, 0x00, 0x04,
 0x87, 0x06, 0x00, 0x00, 0x49, 0x88, 0x06, 0x00,
 0x00, 0x04, 0x89, 0x06, 0x00, 0x00, 0x49, 0x8a,
 0x06, 0x00, 0x00, 0x04, 0x15, 0x02, 0x00, 0x00,
 0x49, 0x8b, 0x06, 0x00, 0x00, 0x04, 0x8c, 0x06,
 0x00, 0x00, 0x49, 0x8d, 0x06, 0x00, 0x00, 0x04,
 0x8e, 0x06, 0x00, 0x00, 0x49, 0x8f, 0x06, 0x00,
 0x00, 0x04, 0x90, 0x06, 0x00, 0x00, 0x49, 0x91,
 0x06, 0x00, 0x00, 0x04, 0x90, 0x06, 0x00, 0x00,
 0x49, 0x92, 0x06, 0x00, 0x00, 0x04, 0x93, 0x06,
 0x00, 0x00, 0x49, 0x94, 0x06, 0x00, 0x00, 0x04,
 0x95, 0x06, 0x00, 0x00, 0x49, 0x96, 0x06, 0x00,
 0x00, 0x04, 0x97, 0x06, 0x00, 0x00, 0x49, 0x98,
 0x06, 0x00, 0x00, 0x04, 0xe8, 0x01, 0x00, 0x00,
 0x49, 0x99, 0x06, 0x00, 0x00, 0x04, 0x9a, 0x06,
 0x00, 0x00, 0x49, 0x9b, 0x06, 0x00, 0x00, 0x04,
 0x9c, 0x06, 0x00, 0x00, 0x49, 0x9d, 0x06, 0x00,
 0x00, 0x04, 0x9e, 0x06, 0x00, 0x00, 0x49, 0x9f,
 0x06, 0x00, 0x00, 0x04, 0xa0, 0x06, 0x00, 0x00,
 0x49, 0xa1, 0x06, 0x00, 0x00, 0x04, 0xa2, 0x06,
 0x00, 0x00, 0x49, 0xa3, 0x06, 0x00, 0x00, 0x04,
 0xa4, 0x06, 0x00, 0x00, 0x49, 0xa5, 0x06, 0x00,
 0x00, 0x04, 0xa6, 0x06, 0x00, 0x00, 0x49, 0xa7,
 0x06, 0x00, 0x00, 0x04, 0xa4, 0x06, 0x00, 0x00,
 0x49, 0xa8, 0x06, 0x00, 0x00, 0x04, 0xa9, 0x06,
 0x00, 0x00, 0x49, 0xaa, 0x06, 0x00, 0x00, 0x04,
 0xab, 0x06, 0x00, 0x00, 0x49, 0xac, 0x06, 0x00,
 0x00, 0x04, 0xad, 0x06, 0x00, 0x00, 0x49, 0xae,
 0x06, 0x00, 0x00, 0x04, 0xaf, 0x06, 0x00, 0x00,
 0x49, 0xb0, 0x06, 0x00, 0x00, 0x04, 0xb1, 0x06,
 0x00, 0x00, 0x49, 0xb2, 0x06, 0x00, 0x00, 0x04,
 0xb3, 0x06, 0x00, 0x00, 0x49, 0xb4, 0x06, 0x00,
 0x00, 0x04, 0xb5, 0x06, 0x00, 0x00, 0x49, 0xb6,
 0x06, 0x00, 0x00, 0x04, 0xb7, 0x06, 0x00, 0x00,
 0x49, 0xb8, 0x06, 0x00, 0x00, 0x04, 0xb9, 0x06,
 0x00, 0x00, 0x49, 0xba, 0x06, 0x00, 0x00, 0x04,
 0xbb, 0x06, 0x00, 0x00, 0x49, 0xbc, 0x06, 0x00,
 0x00, 0x04, 0xbd, 0x06, 0x00, 0x00, 0x49, 0xbe,
 0x06, 0x00, 0x00, 0x04, 0xbf, 0x06, 0x00, 0x00,
 0x49, 0xc0, 0x06, 0x00, 0x00, 0x04, 0xc1, 0x06,
 0x00, 0x00, 0x49, 0xc2, 0x06, 0x00, 0x00, 0x04,
 0x17, 0x02, 0x00, 0x00, 0x49, 0xc3, 0x06, 0x00,
 0x00, 0x04, 0xc4, 0x06, 0x00, 0x00, 0x49, 0xc5,
 0x06, 0x00, 0x00, 0x04, 0xc6, 0x06, 0x00, 0x00,
 0x49, 0xc7, 0x06, 0x00, 0x00, 0x04, 0xc8, 0x06,
 0x00, 0x00, 0x49, 0xc9, 0x06, 0x00, 0x00, 0x04,
 0xd2, 0x05, 0x00, 0x00, 0x49, 0xca, 0x06, 0x00,
 0x00, 0x04, 0xcb, 0x06, 0x00, 0x00, 0x49, 0xcc,
 0x06, 0x00, 0x00, 0x04, 0xcd, 0x06, 0x00, 0x00,
 0x49, 0xce, 0x06, 0x00, 0x00, 0x04, 0xcf, 0x06,
 0x00, 0x00, 0x49, 0xd0, 0x06, 0x00, 0x00, 0x04,
 0xd1, 0x06, 0x00, 0x00, 0x49, 0xd2, 0x06, 0x00,
 0x00, 0x04, 0xc0, 0x01, 0x00, 0x00, 0x49, 0xd3,
 0x06, 0x00, 0x00, 0x04, 0xd2, 0x05, 0x00, 0x00,
 0x49, 0xd4, 0x06, 0x00, 0x00, 0x04, 0xcf, 0x06,
 0x00, 0x00, 0x49, 0xd5, 0x06, 0x00, 0x00, 0x04,
 0xd6, 0x06, 0x00, 0x00, 0x49, 0xd7, 0x06, 0x00,
 0x00, 0x04, 0xd8, 0x06, 0x00, 0x00, 0x49, 0xd9,
 0x06, 0x00, 0x00, 0x04, 0x82, 0x00, 0x00, 0x00,
 0x49, 0xda, 0x06, 0x00, 0x00, 0x04, 0xd2, 0x05,
 0x00, 0x00, 0x49, 0xdb, 0x06, 0x00, 0x00, 0x04,
 0x79, 0x02, 0x00, 0x00, 0x49, 0xdc, 0x06, 0x00,
 0x00, 0x04, 0xdd, 0x06, 0x00, 0x00, 0x49, 0xde,
 0x06, 0x00, 0x00, 0x04, 0xdf, 0x06, 0x00, 0x00,
 0x49, 0xe0, 0x06, 0x00, 0x00, 0x04, 0x71, 0x02,
 0x00, 0x00, 0x49, 0xe1, 0x06, 0x00, 0x00, 0x04,
 0xe2, 0x06, 0x00, 0x00, 0x49, 0xe3, 0x06, 0x00,
 0x00, 0x04, 0xe4, 0x06, 0x00, 0x00, 0x49, 0xe5,
 0x06, 0x00, 0x00, 0x04, 0xe6, 0x06, 0x00, 0x00,
 0x49, 0xe7, 0x06, 0x00, 0x00, 0x04, 0xe8, 0x06,
 0x00, 0x00, 0x49, 0xe9, 0x06, 0x00, 0x00, 0x04,
 0xea, 0x06, 0x00, 0x00, 0x49, 0xeb, 0x06, 0x00,
 0x00, 0x04, 0xec, 0x06, 0x00, 0x00, 0x49, 0xed,
 0x06, 0x00, 0x00, 0x04, 0xee, 0x06, 0x00, 0x00,
 0x49, 0xef, 0x06, 0x00, 0x00, 0x04, 0xf0, 0x06,
 0x00, 0x00, 0x49, 0xf1, 0x06, 0x00, 0x00, 0x04,
 0xf2, 0x06, 0x00, 0x00, 0x49, 0xf3, 0x06, 0x00,
 0x00, 0x04, 0xf2, 0x06, 0x00, 0x00, 0x49, 0xf4,
 0x06, 0x00, 0x00, 0x04, 0xf6, 0x05, 0x00, 0x00,
 0x49, 0xf5, 0x06, 0x00, 0x00, 0x04, 0xf6, 0x06,
 0x00, 0x00, 0x49, 0xf7, 0x06, 0x00, 0x00, 0x04,
 0xe6, 0x06, 0x00, 0x00, 0x49, 0xf8, 0x06, 0x00,
 0x00, 0x04, 0xf9, 0x06, 0x00, 0x00, 0x49, 0xfa,
 0x06, 0x00, 0x00, 0x04, 0xfb, 0x06, 0x00, 0x00,
 0x49, 0xfc, 0x06, 0x00, 0x00, 0x04, 0x29, 0x02,
 0x00, 0x00, 0x49, 0xfd, 0x06, 0x00, 0x00, 0x04,
 0x29, 0x02, 0x00, 0x00, 0x49, 0xfe, 0x06, 0x00,
 0x00, 0x04, 0xff, 0x06, 0x00, 0x00, 0x49, 0x00,
 0x07, 0x00, 0x00, 0x04, 0xe8, 0x06, 0x00, 0x00,
 0x49, 0x01, 0x07, 0x00, 0x00, 0x04, 0x2b, 0x02,
 0x00, 0x00, 0x49, 0x02, 0x07, 0x00, 0x00, 0x04,
 0x03, 0x07, 0x00, 0x00, 0x49, 0x04, 0x07, 0x00,
 0x00, 0x04, 0x05, 0x07, 0x00, 0x00, 0x49, 0x06,
 0x07, 0x00, 0x00, 0x04, 0x07, 0x07, 0x00, 0x00,
 0x49, 0x08, 0x07, 0x00, 0x00, 0x04, 0x09, 0x07,
 0x00, 0x00, 0x49, 0x0a, 0x07, 0x00, 0x00, 0x04,
 0x7d, 0x03, 0x00, 0x00, 0x49, 0x0b, 0x07, 0x00,
 0x00, 0x04, 0x0c, 0x07, 0x00, 0x00, 0x49, 0x0d,
 0x07, 0x00, 0x00, 0x04, 0xfa, 0x05, 0x00, 0x00,
 0x49, 0x0e, 0x07, 0x00, 0x00, 0x04, 0x0f, 0x07,
 0x00, 0x00, 0x49, 0x10, 0x07, 0x00, 0x00, 0x04,
 0x11, 0x07, 0x00, 0x00, 0x49, 0x12, 0x07, 0x00,
 0x00, 0x04, 0x13, 0x07, 0x00, 0x00, 0x49, 0x14,
 0x07, 0x00, 0x00, 0x04, 0x15, 0x07, 0x00, 0x00,
 0x49, 0x16, 0x07, 0x00, 0x00, 0x04, 0x17, 0x07,
 0x00, 0x00, 0x49, 0x18, 0x07, 0x00, 0x00, 0x04,
 0x19, 0x07, 0x00, 0x00, 0x49, 0x1a, 0x07, 0x00,
 0x00, 0x04, 0x1b, 0x07, 0x00, 0x00, 0x49, 0x1c,
 0x07, 0x00, 0x00, 0x04, 0x1d, 0x07, 0x00, 0x00,
 0x49, 0x1e, 0x07, 0x00, 0x00, 0x04, 0x2b, 0x06,
 0x00, 0x00, 0x49, 0x1f, 0x07, 0x00, 0x00, 0x04,
 0x43, 0x06, 0x00, 0x00, 0x49, 0x20, 0x07, 0x00,
 0x00, 0x04, 0x21, 0x07, 0x00, 0x00, 0x49, 0x22,
 0x07, 0x00, 0x00, 0x04, 0x23, 0x07, 0x00, 0x00,
 0x49, 0x24, 0x07, 0x00, 0x00, 0x04, 0x1a, 0x03,
 0x00, 0x00, 0x49, 0x25, 0x07, 0x00, 0x00, 0x04,
 0x26, 0x07, 0x00, 0x00, 0x49, 0x27, 0x07, 0x00,
 0x00, 0x04, 0x28, 0x07, 0x00, 0x00, 0x49, 0x29,
 0x07, 0x00, 0x00, 0x04, 0x2a, 0x07, 0x00, 0x00,
 0x49, 0x2b, 0x07, 0x00, 0x00, 0x04, 0x2c, 0x07,
 0x00, 0x00, 0x49, 0x2d, 0x07, 0x00, 0x00, 0x04,
 0x2e, 0x07, 0x00, 0x00, 0x49, 0x2f, 0x07, 0x00,
 0x00, 0x04, 0x30, 0x07, 0x00, 0x00, 0x49, 0x31,
 0x07, 0x00, 0x00, 0x04, 0x32, 0x07, 0x00, 0x00,
 0x49, 0x33, 0x07, 0x00, 0x00, 0x04, 0x34, 0x07,
 0x00, 0x00, 0x49, 0x35, 0x07, 0x00, 0x00, 0x04,
 0x36, 0x07, 0x00, 0x00, 0x49, 0x37, 0x07, 0x00,
 0x00, 0x04, 0x38, 0x07, 0x00, 0x00, 0x49, 0x39,
 0x07, 0x00, 0x00, 0x04, 0x3a, 0x07, 0x00, 0x00,
 0x49, 0x3b, 0x07, 0x00, 0x00, 0x04, 0x3c, 0x07,
 0x00, 0x00, 0x49, 0x3d, 0x07, 0x00, 0x00, 0x04,
 0x3e, 0x07, 0x00, 0x00, 0x49, 0x3f, 0x07, 0x00,
 0x00, 0x04, 0x0b, 0x06, 0x00, 0x00, 0x49, 0x40,
 0x07, 0x00, 0x00, 0x04, 0x0b, 0x06, 0x00, 0x00,
 0x49, 0x41, 0x07, 0x00, 0x00, 0x04, 0x42, 0x07,
 0x00, 0x00, 0x49, 0x43, 0x07, 0x00, 0x00, 0x04,
 0x44, 0x07, 0x00, 0x00, 0x49, 0x45, 0x07, 0x00,
 0x00, 0x04, 0x46, 0x07, 0x00, 0x00, 0x49, 0x47,
 0x07, 0x00, 0x00, 0x04, 0x48, 0x07, 0x00, 0x00,
 0x49, 0x49, 0x07, 0x00, 0x00, 0x04, 0x4a, 0x07,
 0x00, 0x00, 0x49, 0x4b, 0x07, 0x00, 0x00, 0x04,
 0x4c, 0x07, 0x00, 0x00, 0x49, 0x4d, 0x07, 0x00,
 0x00, 0x04, 0x4e, 0x07, 0x00, 0x00, 0x49, 0x4f,
 0x07, 0x00, 0x00, 0x04, 0x50, 0x07, 0x00, 0x00,
 0x49, 0x51, 0x07, 0x00, 0x00, 0x04, 0x52, 0x07,
 0x00, 0x00, 0x49, 0x53, 0x07, 0x00, 0x00, 0x04,
 0x54, 0x07, 0x00, 0x00, 0x49, 0x55, 0x07, 0x00,
 0x00, 0x04, 0x56, 0x07, 0x00, 0x00, 0x49, 0x57,
 0x07, 0x00, 0x00, 0x04, 0x58, 0x07, 0x00, 0x00,
 0x49, 0x59, 0x07, 0x00, 0x00, 0x04, 0x5a, 0x07,
 0x00, 0x00, 0x49, 0x5b, 0x07, 0x00, 0x00, 0x04,
 0x5c, 0x07, 0x00, 0x00, 0x49, 0x5d, 0x07, 0x00,
 0x00, 0x04, 0x5e, 0x07, 0x00, 0x00, 0x49, 0x5f,
 0x07, 0x00, 0x00, 0x04, 0x60, 0x07, 0x00, 0x00,
 0x49, 0x61, 0x07, 0x00, 0x00, 0x04, 0x62, 0x07,
 0x00, 0x00, 0x49, 0x63, 0x07, 0x00, 0x00, 0x04,
 0x64, 0x07, 0x00, 0x00, 0x49, 0x65, 0x07, 0x00,
 0x00, 0x04, 0x66, 0x07, 0x00, 0x00, 0x49, 0x67,
 0x07, 0x00, 0x00, 0x04, 0x68, 0x07, 0x00, 0x00,
 0x49, 0x69, 0x07, 0x00, 0x00, 0x04, 0x6a, 0x07,
 0x00, 0x00, 0x49, 0x6b, 0x07, 0x00, 0x00, 0x04,
 0x6c, 0x07, 0x00, 0x00, 0x49, 0x6d, 0x07, 0x00,
 0x00, 0x04, 0x6e, 0x07, 0x00, 0x00, 0x49, 0x6f,
 0x07, 0x00, 0x00, 0x04, 0x70, 0x07, 0x00, 0x00,
 0x49, 0x71, 0x07, 0x00, 0x00, 0x04, 0x72, 0x07,
 0x00, 0x00, 0x49, 0x73, 0x07, 0x00, 0x00, 0x04,
 0x74, 0x07, 0x00, 0x00, 0x49, 0x75, 0x07, 0x00,
 0x00, 0x04, 0x59, 0x03, 0x00, 0x00, 0x49, 0x76,
 0x07, 0x00, 0x00, 0x04, 0x77, 0x07, 0x00, 0x00,
 0x49, 0x78, 0x07, 0x00, 0x00, 0x04, 0x79, 0x07,
 0x00, 0x00, 0x49, 0x7a, 0x07, 0x00, 0x00, 0x04,
 0x7b, 0x07, 0x00, 0x00, 0x49, 0x7c, 0x07, 0x00,
 0x00, 0x04, 0x7d, 0x07, 0x00, 0x00, 0x49, 0x7e,
 0x07, 0x00, 0x00, 0x04, 0x7f, 0x07, 0x00, 0x00,
 0x49, 0x80, 0x07, 0x00, 0x00, 0x04, 0x81, 0x07,
 0x00, 0x00, 0x49, 0x82, 0x07, 0x00, 0x00, 0x04,
 0x83, 0x07, 0x00, 0x00, 0x49, 0x84, 0x07, 0x00,
 0x00, 0x04, 0x85, 0x07, 0x00, 0x00, 0x49, 0x86,
 0x07, 0x00, 0x00, 0x04, 0x87, 0x07, 0x00, 0x00,
 0x49, 0x88, 0x07, 0x00, 0x00, 0x04, 0x89, 0x07,
 0x00, 0x00, 0x49, 0x8a, 0x07, 0x00, 0x00, 0x04,
 0x8b, 0x07, 0x00, 0x00, 0x49, 0x8c, 0x07, 0x00,
 0x00, 0x04, 0x8d, 0x07, 0x00, 0x00, 0x49, 0x8e,
 0x07, 0x00, 0x00, 0x04, 0x8f, 0x07, 0x00, 0x00,
 0x49, 0x90, 0x07, 0x00, 0x00, 0x04, 0x91, 0x07,
 0x00, 0x00, 0x49, 0x92, 0x07, 0x00, 0x00, 0x04,
 0x93, 0x07, 0x00, 0x00, 0x49, 0x94, 0x07, 0x00,
 0x00, 0x04, 0x95, 0x07, 0x00, 0x00, 0x49, 0x96,
 0x07, 0x00, 0x00, 0x04, 0x97, 0x07, 0x00, 0x00,
 0x49, 0x98, 0x07, 0x00, 0x00, 0x04, 0x99, 0x07,
 0x00, 0x00, 0x49, 0x9a, 0x07, 0x00, 0x00, 0x04,
 0xea, 0x06, 0x00, 0x00, 0x49, 0x9b, 0x07, 0x00,
 0x00, 0x04, 0x33, 0x02, 0x00, 0x00, 0x49, 0x9c,
 0x07, 0x00, 0x00, 0x04, 0x9d, 0x07, 0x00, 0x00,
 0x49, 0x9e, 0x07, 0x00, 0x00, 0x04, 0x9f, 0x07,
 0x00, 0x00, 0x49, 0xa0, 0x07, 0x00, 0x00, 0x04,
 0xa1, 0x07, 0x00, 0x00, 0x49, 0xa2, 0x07, 0x00,
 0x00, 0x04, 0xec, 0x06, 0x00, 0x00, 0x49, 0xa3,
 0x07, 0x00, 0x00, 0x04, 0xee, 0x06, 0x00, 0x00,
 0x49, 0xa4, 0x07, 0x00, 0x00, 0x04, 0xa5, 0x07,
 0x00, 0x00, 0x49, 0xa6, 0x07, 0x00, 0x00, 0x04,
 0xa7, 0x07, 0x00, 0x00, 0x49, 0xa8, 0x07, 0x00,
 0x00, 0x04, 0xa9, 0x07, 0x00, 0x00, 0x49, 0xaa,
 0x07, 0x00, 0x00, 0x04, 0xab, 0x07, 0x00, 0x00,
 0x49, 0xac, 0x07, 0x00, 0x00, 0x04, 0xab, 0x07,
 0x00, 0x00, 0x49, 0xad, 0x07, 0x00, 0x00, 0x04,
 0x36, 0x02, 0x00, 0x00, 0x49, 0xae, 0x07, 0x00,
 0x00, 0x04, 0xaf, 0x07, 0x00, 0x00, 0x49, 0xb0,
 0x07, 0x00, 0x00, 0x04, 0x5f, 0x03, 0x00, 0x00,
 0x49, 0xb1, 0x07, 0x00, 0x00, 0x04, 0x5f, 0x03,
 0x00, 0x00, 0x49, 0xb2, 0x07, 0x00, 0x00, 0x04,
 0xb3, 0x07, 0x00, 0x00, 0x49, 0xb4, 0x07, 0x00,
 0x00, 0x04, 0xb5, 0x07, 0x00, 0x00, 0x49, 0xb6,
 0x07, 0x00, 0x00, 0x04, 0xb7, 0x07, 0x00, 0x00,
 0x49, 0xb8, 0x07, 0x00, 0x00, 0x04, 0xb9, 0x07,
 0x00, 0x00, 0x49, 0xba, 0x07, 0x00, 0x00, 0x04,
 0xbb, 0x07, 0x00, 0x00, 0x49, 0xbc, 0x07, 0x00,
 0x00, 0x04, 0xbd, 0x07, 0x00, 0x00, 0x49, 0xbe,
 0x07, 0x00, 0x00, 0x04, 0xbf, 0x07, 0x00, 0x00,
 0x49, 0xc0, 0x07, 0x00, 0x00, 0x04, 0xc1, 0x07,
 0x00, 0x00, 0x49, 0xc2, 0x07, 0x00, 0x00, 0x04,
 0xc3, 0x07, 0x00, 0x00, 0x49, 0xc4, 0x07, 0x00,
 0x00, 0x04, 0x4e, 0x03, 0x00, 0x00, 0x49, 0xc5,
 0x07, 0x00, 0x00, 0x04, 0xc6, 0x07, 0x00, 0x00,
 0x49, 0xc7, 0x07, 0x00, 0x00, 0x04, 0xc8, 0x07,
 0x00, 0x00, 0x49, 0xc9, 0x07, 0x00, 0x00, 0x04,
 0xca, 0x07, 0x00, 0x00, 0x49, 0xcb, 0x07, 0x00,
 0x00, 0x04, 0xcc, 0x07, 0x00, 0x00, 0x49, 0xcd,
 0x07, 0x00, 0x00, 0x04, 0xce, 0x07, 0x00, 0x00,
 0x49, 0xcf, 0x07, 0x00, 0x00, 0x04, 0xd0, 0x07,
 0x00, 0x00, 0x49, 0xd1, 0x07, 0x00, 0x00, 0x04,
 0xd2, 0x07, 0x00, 0x00, 0x49, 0xd3, 0x07, 0x00,
 0x00, 0x04, 0x4e, 0x02, 0x00, 0x00, 0x49, 0xd4,
 0x07, 0x00, 0x00, 0x04, 0xd5, 0x07, 0x00, 0x00,
 0x49, 0xd6, 0x07, 0x00, 0x00, 0x04, 0xd7, 0x07,
 0x00, 0x00, 0x49, 0xd8, 0x07, 0x00, 0x00, 0x04,
 0x50, 0x02, 0x00, 0x00, 0x49, 0xd9, 0x07, 0x00,
 0x00, 0x04, 0xda, 0x07, 0x00, 0x00, 0x49, 0xdb,
 0x07, 0x00, 0x00, 0x04, 0xdc, 0x07, 0x00, 0x00,
 0x49, 0xdd, 0x07, 0x00, 0x00, 0x04, 0xde, 0x07,
 0x00, 0x00, 0x49, 0xdf, 0x07, 0x00, 0x00, 0x04,
 0xde, 0x07, 0x00, 0x00, 0x49, 0xe0, 0x07, 0x00,
 0x00, 0x04, 0xe1, 0x07, 0x00, 0x00, 0x49, 0xe2,
 0x07, 0x00, 0x00, 0x04, 0xe3, 0x07, 0x00, 0x00,
 0x49, 0xe4, 0x07, 0x00, 0x00, 0x04, 0xe5, 0x07,
 0x00, 0x00, 0x49, 0xe6, 0x07, 0x00, 0x00, 0x04,
 0xe7, 0x07, 0x00, 0x00, 0x49, 0xe8, 0x07, 0x00,
 0x00, 0x04, 0xe9, 0x07, 0x00, 0x00, 0x49, 0xea,
 0x07, 0x00, 0x00, 0x04, 0xeb, 0x07, 0x00, 0x00,
 0x49, 0xec, 0x07, 0x00, 0x00, 0x04, 0xed, 0x07,
 0x00, 0x00, 0x49, 0xee, 0x07, 0x00, 0x00, 0x04,
 0x12, 0x05, 0x00, 0x00, 0x49, 0xef, 0x07, 0x00,
 0x00, 0x04, 0xf0, 0x07, 0x00, 0x00, 0x49, 0xf1,
 0x07, 0x00, 0x00, 0x04, 0xf2, 0x07, 0x00, 0x00,
 0x49, 0xf3, 0x07, 0x00, 0x00, 0x04, 0xf4, 0x07,
 0x00, 0x00, 0x49, 0xf5, 0x07, 0x00, 0x00, 0x04,
 0xf6, 0x07, 0x00, 0x00, 0x49, 0xf7, 0x07, 0x00,
 0x00, 0x04, 0xe9, 0x07, 0x00, 0x00, 0x49, 0xf8,
 0x07, 0x00, 0x00, 0x04, 0xf9, 0x07, 0x00, 0x00,
 0x49, 0xfa, 0x07, 0x00, 0x00, 0x04, 0xfb, 0x07,
 0x00, 0x00, 0x49, 0xfc, 0x07, 0x00, 0x00, 0x04,
 0xfd, 0x07, 0x00, 0x00, 0x49, 0xfe, 0x07, 0x00,
 0x00, 0x04, 0xff, 0x07, 0x00, 0x00, 0x49, 0x00,
 0x08, 0x00, 0x00, 0x04, 0xff, 0x07, 0x00, 0x00,
 0x49, 0x01, 0x08, 0x00, 0x00, 0x04, 0xbe, 0x01,
 0x00, 0x00, 0x49, 0x02, 0x08, 0x00, 0x00, 0x04,
 0x1b, 0x02, 0x00, 0x00, 0x49, 0x03, 0x08, 0x00,
 0x00, 0x04, 0x1b, 0x02, 0x00, 0x00, 0x49, 0x04,
 0x08, 0x00, 0x00, 0x04, 0xbb, 0x01, 0x00, 0x00,
 0x49, 0x05, 0x08, 0x00, 0x00, 0x04, 0xf8, 0x01,
 0x00, 0x00, 0x49, 0x06, 0x08, 0x00, 0x00, 0x04,
 0x07, 0x08, 0x00, 0x00, 0x49, 0x08, 0x08, 0x00,
 0x00, 0x04, 0x81, 0x05, 0x00, 0x00, 0x49, 0x09,
 0x08, 0x00, 0x00, 0x04, 0x07, 0x08, 0x00, 0x00,
 0x49, 0x0a, 0x08, 0x00, 0x00, 0x04, 0x6d, 0x02,
 0x00, 0x00, 0x49, 0x0b, 0x08, 0x00, 0x00, 0x04,
 0xd0, 0x05, 0x00, 0x00, 0x49, 0x0c, 0x08, 0x00,
 0x00, 0x04, 0x0d, 0x08, 0x00, 0x00, 0x49, 0x0e,
 0x08, 0x00, 0x00, 0x04, 0x6b, 0x02, 0x00, 0x00,
 0x49, 0x0f, 0x08, 0x00, 0x00, 0x04, 0x10, 0x08,
 0x00, 0x00, 0x49, 0x11, 0x08, 0x00, 0x00, 0x04,
 0x6f, 0x02, 0x00, 0x00, 0x49, 0x12, 0x08, 0x00,
 0x00, 0x04, 0x3a, 0x02, 0x00, 0x00, 0x49, 0x13,
 0x08, 0x00, 0x00, 0x04, 0x14, 0x08, 0x00, 0x00,
 0x49, 0x15, 0x08, 0x00, 0x00, 0x04, 0x16, 0x08,
 0x00, 0x00, 0x49, 0x17, 0x08, 0x00, 0x00, 0x04,
 0x18, 0x08, 0x00, 0x00, 0x49, 0x19, 0x08, 0x00,
 0x00, 0x04, 0x1a, 0x08, 0x00, 0x00, 0x49, 0x1b,
 0x08, 0x00, 0x00, 0x04, 0x1c, 0x08, 0x00, 0x00,
 0x49, 0x1d, 0x08, 0x00, 0x00, 0x04, 0x1e, 0x08,
 0x00, 0x00, 0x49, 0x1f, 0x08, 0x00, 0x00, 0x04,
 0x20, 0x08, 0x00, 0x00, 0x49, 0x21, 0x08, 0x00,
 0x00, 0x04, 0x22, 0x08, 0x00, 0x00, 0x49, 0x23,
 0x08, 0x00, 0x00, 0x04, 0x24, 0x08, 0x00, 0x00,
 0x49, 0x25, 0x08, 0x00, 0x00, 0x04, 0x26, 0x08,
 0x00, 0x00, 0x49, 0x27, 0x08, 0x00, 0x00, 0x04,
 0x28, 0x08, 0x00, 0x00, 0x49, 0x29, 0x08, 0x00,
 0x00, 0x04, 0x2a, 0x08, 0x00, 0x00, 0x49, 0x2b,
 0x08, 0x00, 0x00, 0x04, 0x2c, 0x08, 0x00, 0x00,
 0x49, 0x2d, 0x08, 0x00, 0x00, 0x04, 0x2e, 0x08,
 0x00, 0x00, 0x49, 0x2f, 0x08, 0x00, 0x00, 0x04,
 0x30, 0x08, 0x00, 0x00, 0x49, 0x31, 0x08, 0x00,
 0x00, 0x04, 0x32, 0x08, 0x00, 0x00, 0x49, 0x33,
 0x08, 0x00, 0x00, 0x04, 0x34, 0x08, 0x00, 0x00,
 0x49, 0x35, 0x08, 0x00, 0x00, 0x04, 0x36, 0x08,
 0x00, 0x00, 0x49, 0x37, 0x08, 0x00, 0x00, 0x04,
 0x38, 0x08, 0x00, 0x00, 0x49, 0x39, 0x08, 0x00,
 0x00, 0x04, 0x3a, 0x08, 0x00, 0x00, 0x49, 0x3b,
 0x08, 0x00, 0x00, 0x04, 0x3c, 0x08, 0x00, 0x00,
 0x49, 0x3d, 0x08, 0x00, 0x00, 0x04, 0x3e, 0x08,
 0x00, 0x00, 0x49, 0x3f, 0x08, 0x00, 0x00, 0x04,
 0x40, 0x08, 0x00, 0x00, 0x49, 0x41, 0x08, 0x00,
 0x00, 0x04, 0x42, 0x08, 0x00, 0x00, 0x49, 0x43,
 0x08, 0x00, 0x00, 0x04, 0x2a, 0x08, 0x00, 0x00,
 0x49, 0x44, 0x08, 0x00, 0x00, 0x04, 0x2c, 0x08,
 0x00, 0x00, 0x49, 0x45, 0x08, 0x00, 0x00, 0x04,
 0x46, 0x08, 0x00, 0x00, 0x49, 0x47, 0x08, 0x00,
 0x00, 0x04, 0x48, 0x08, 0x00, 0x00, 0x49, 0x49,
 0x08, 0x00, 0x00, 0x04, 0x4a, 0x08, 0x00, 0x00,
 0x49, 0x4b, 0x08, 0x00, 0x00, 0x04, 0x2e, 0x08,
 0x00, 0x00, 0x49, 0x4c, 0x08, 0x00, 0x00, 0x04,
 0x40, 0x08, 0x00, 0x00, 0x49, 0x4d, 0x08, 0x00,
 0x00, 0x04, 0x46, 0x08, 0x00, 0x00, 0x49, 0x4e,
 0x08, 0x00, 0x00, 0x04, 0x48, 0x08, 0x00, 0x00,
 0x49, 0x4f, 0x08, 0x00, 0x00, 0x04, 0x5d, 0x02,
 0x00, 0x00, 0x49, 0x50, 0x08, 0x00, 0x00, 0x04,
 0x51, 0x08, 0x00, 0x00, 0x49, 0x52, 0x08, 0x00,
 0x00, 0x04, 0x53, 0x08, 0x00, 0x00, 0x49, 0x54,
 0x08, 0x00, 0x00, 0x04, 0xac, 0x02, 0x00, 0x00,
 0x49, 0x55, 0x08, 0x00, 0x00, 0x04, 0x56, 0x08,
 0x00, 0x00, 0x49, 0x57, 0x08, 0x00, 0x00, 0x04,
 0x58, 0x08, 0x00, 0x00, 0x49, 0x59, 0x08, 0x00,
 0x00, 0x04, 0x5a, 0x08, 0x00, 0x00, 0x49, 0x5b,
 0x08, 0x00, 0x00, 0x04, 0xc3, 0x02, 0x00, 0x00,
 0x49, 0x5c, 0x08, 0x00, 0x00, 0x04, 0x5d, 0x08,
 0x00, 0x00, 0x49, 0x5e, 0x08, 0x00, 0x00, 0x04,
 0xda, 0x03, 0x00, 0x00, 0x49, 0x5f, 0x08, 0x00,
 0x00, 0x04, 0x60, 0x08, 0x00, 0x00, 0x49, 0x61,
 0x08, 0x00, 0x00, 0x04, 0x98, 0x02, 0x00, 0x00,
 0x49, 0x62, 0x08, 0x00, 0x00, 0x04, 0x63, 0x08,
 0x00, 0x00, 0x49, 0x64, 0x08, 0x00, 0x00, 0x04,
 0x65, 0x08, 0x00, 0x00, 0x49, 0x66, 0x08, 0x00,
 0x00, 0x04, 0xa0, 0x02, 0x00, 0x00, 0x49, 0x67,
 0x08, 0x00, 0x00, 0x04, 0x84, 0x02, 0x00, 0x00,
 0x49, 0x68, 0x08, 0x00, 0x00, 0x04, 0x69, 0x08,
 0x00, 0x00, 0x49, 0x6a, 0x08, 0x00, 0x00, 0x04,
 0x6b, 0x08, 0x00, 0x00, 0x49, 0x6c, 0x08, 0x00,
 0x00, 0x04, 0x6d, 0x08, 0x00, 0x00, 0x49, 0x6e,
 0x08, 0x00, 0x00, 0x04, 0x6f, 0x08, 0x00, 0x00,
 0x49, 0x70, 0x08, 0x00, 0x00, 0x04, 0x71, 0x08,
 0x00, 0x00, 0x49, 0x72, 0x08, 0x00, 0x00, 0x04,
 0x73, 0x08, 0x00, 0x00, 0x49, 0x74, 0x08, 0x00,
 0x00, 0x04, 0x75, 0x08, 0x00, 0x00, 0x49, 0x76,
 0x08, 0x00, 0x00, 0x04, 0xd0, 0x03, 0x00, 0x00,
 0x49, 0x77, 0x08, 0x00, 0x00, 0x04, 0x3b, 0x05,
 0x00, 0x00, 0x49, 0x78, 0x08, 0x00, 0x00, 0x04,
 0x9e, 0x02, 0x00, 0x00, 0x49, 0x79, 0x08, 0x00,
 0x00, 0x04, 0x9e, 0x02, 0x00, 0x00, 0x49, 0x7a,
 0x08, 0x00, 0x00, 0x04, 0x7b, 0x08, 0x00, 0x00,
 0x49, 0x7c, 0x08, 0x00, 0x00, 0x04, 0x7b, 0x08,
 0x00, 0x00, 0x49, 0x7d, 0x08, 0x00, 0x00, 0x04,
 0xa4, 0x02, 0x00, 0x00, 0x49, 0x7e, 0x08, 0x00,
 0x00, 0x04, 0x7f, 0x08, 0x00, 0x00, 0x49, 0x80,
 0x08, 0x00, 0x00, 0x04, 0x81, 0x08, 0x00, 0x00,
 0x49, 0x82, 0x08, 0x00, 0x00, 0x04, 0x83, 0x08,
 0x00, 0x00, 0x49, 0x84, 0x08, 0x00, 0x00, 0x04,
 0x83, 0x08, 0x00, 0x00, 0x49, 0x85, 0x08, 0x00,
 0x00, 0x04, 0x86, 0x08, 0x00, 0x00, 0x49, 0x87,
 0x08, 0x00, 0x00, 0x04, 0x86, 0x08, 0x00, 0x00,
 0x49, 0x88, 0x08, 0x00, 0x00, 0x04, 0x89, 0x08,
 0x00, 0x00, 0x49, 0x8a, 0x08, 0x00, 0x00, 0x04,
 0x8b, 0x08, 0x00, 0x00, 0x49, 0x8c, 0x08, 0x00,
 0x00, 0x04, 0x8d, 0x08, 0x00, 0x00, 0x49, 0x8e,
 0x08, 0x00, 0x00, 0x04, 0x8f, 0x08, 0x00, 0x00,
 0x49, 0x90, 0x08, 0x00, 0x00, 0x04, 0x91, 0x08,
 0x00, 0x00, 0x49, 0x92, 0x08, 0x00, 0x00, 0x04,
 0x96, 0x02, 0x00, 0x00, 0x49, 0x93, 0x08, 0x00,
 0x00, 0x04, 0xa8, 0x02, 0x00, 0x00, 0x49, 0x94,
 0x08, 0x00, 0x00, 0x04, 0x95, 0x08, 0x00, 0x00,
 0x49, 0x96, 0x08, 0x00, 0x00, 0x04, 0x97, 0x08,
 0x00, 0x00, 0x49, 0x98, 0x08, 0x00, 0x00, 0x04,
 0x99, 0x08, 0x00, 0x00, 0x49, 0x9a, 0x08, 0x00,
 0x00, 0x04, 0x9b, 0x08, 0x00, 0x00, 0x49, 0x9c,
 0x08, 0x00, 0x00, 0x04, 0x25, 0x02, 0x00, 0x00,
 0x49, 0x9d, 0x08, 0x00, 0x00, 0x04, 0xc3, 0x02,
 0x00, 0x00, 0x49, 0x9e, 0x08, 0x00, 0x00, 0x04,
 0x69, 0x08, 0x00, 0x00, 0x49, 0x9f, 0x08, 0x00,
 0x00, 0x04, 0xd0, 0x03, 0x00, 0x00, 0x49, 0xa0,
 0x08, 0x00, 0x00, 0x04, 0x3b, 0x05, 0x00, 0x00,
 0x49, 0xa1, 0x08, 0x00, 0x00, 0x04, 0x10, 0x05,
 0x00, 0x00, 0x49, 0xa2, 0x08, 0x00, 0x00, 0x04,
 0xa3, 0x08, 0x00, 0x00, 0x49, 0xa4, 0x08, 0x00,
 0x00, 0x04, 0xa5, 0x08, 0x00, 0x00, 0x49, 0xa6,
 0x08, 0x00, 0x00, 0x04, 0xa7, 0x08, 0x00, 0x00,
 0x49, 0xa8, 0x08, 0x00, 0x00, 0x04, 0xa9, 0x08,
 0x00, 0x00, 0x49, 0xaa, 0x08, 0x00, 0x00, 0x04,
 0xab, 0x08, 0x00, 0x00, 0x49, 0xac, 0x08, 0x00,
 0x00, 0x04, 0xad, 0x08, 0x00, 0x00, 0x49, 0xae,
 0x08, 0x00, 0x00, 0x04, 0xaf, 0x08, 0x00, 0x00,
 0x49, 0xb0, 0x08, 0x00, 0x00, 0x04, 0xb1, 0x08,
 0x00, 0x00, 0x49, 0xb2, 0x08, 0x00, 0x00, 0x04,
 0x28, 0x07, 0x00, 0x00, 0x49, 0xb3, 0x08, 0x00,
 0x00, 0x04, 0xc7, 0x02, 0x00, 0x00, 0x49, 0xb4,
 0x08, 0x00, 0x00, 0x04, 0x28, 0x05, 0x00, 0x00,
 0x49, 0xb5, 0x08, 0x00, 0x00, 0x04, 0xb6, 0x08,
 0x00, 0x00, 0x49, 0xb7, 0x08, 0x00, 0x00, 0x04,
 0xb8, 0x08, 0x00, 0x00, 0x49, 0xb9, 0x08, 0x00,
 0x00, 0x04, 0xba, 0x08, 0x00, 0x00, 0x49, 0xbb,
 0x08, 0x00, 0x00, 0x04, 0x6b, 0x08, 0x00, 0x00,
 0x49, 0xbc, 0x08, 0x00, 0x00, 0x04, 0x95, 0x08,
 0x00, 0x00, 0x49, 0xbd, 0x08, 0x00, 0x00, 0x04,
 0xbe, 0x08, 0x00, 0x00, 0x49, 0xbf, 0x08, 0x00,
 0x00, 0x04, 0xc0, 0x08, 0x00, 0x00, 0x49, 0xc1,
 0x08, 0x00, 0x00, 0x04, 0xc2, 0x08, 0x00, 0x00,
 0x49, 0xc3, 0x08, 0x00, 0x00, 0x04, 0xc4, 0x08,
 0x00, 0x00, 0x49, 0xc5, 0x08, 0x00, 0x00, 0x04,
 0xc6, 0x08, 0x00, 0x00, 0x49, 0xc7, 0x08, 0x00,
 0x00, 0x04, 0xc8, 0x08, 0x00, 0x00, 0x49, 0xc9,
 0x08, 0x00, 0x00, 0x04, 0xca, 0x08, 0x00, 0x00,
 0x49, 0xcb, 0x08, 0x00, 0x00, 0x04, 0xcc, 0x08,
 0x00, 0x00, 0x49, 0xcd, 0x08, 0x00, 0x00, 0x04,
 0x12, 0x03, 0x00, 0x00, 0x49, 0xce, 0x08, 0x00,
 0x00, 0x04, 0xcf, 0x08, 0x00, 0x00, 0x49, 0xd0,
 0x08, 0x00, 0x00, 0x04, 0xd1, 0x08, 0x00, 0x00,
 0x49, 0xd2, 0x08, 0x00, 0x00, 0x04, 0xd3, 0x08,
 0x00, 0x00, 0x49, 0xd4, 0x08, 0x00, 0x00, 0x04,
 0xd5, 0x08, 0x00, 0x00, 0x49, 0xd6, 0x08, 0x00,
 0x00, 0x04, 0xd7, 0x08, 0x00, 0x00, 0x49, 0xd8,
 0x08, 0x00, 0x00, 0x04, 0xd9, 0x08, 0x00, 0x00,
 0x49, 0xda, 0x08, 0x00, 0x00, 0x04, 0xdb, 0x08,
 0x00, 0x00, 0x49, 0xdc, 0x08, 0x00, 0x00, 0x04,
 0xdd, 0x08, 0x00, 0x00, 0x49, 0xde, 0x08, 0x00,
 0x00, 0x04, 0xdf, 0x08, 0x00, 0x00, 0x49, 0xe0,
 0x08, 0x00, 0x00, 0x04, 0xe1, 0x08, 0x00, 0x00,
 0x49, 0xe2, 0x08, 0x00, 0x00, 0x04, 0xe3, 0x08,
 0x00, 0x00, 0x49, 0xe4, 0x08, 0x00, 0x00, 0x04,
 0xe5, 0x08, 0x00, 0x00, 0x49, 0xe6, 0x08, 0x00,
 0x00, 0x04, 0xe7, 0x08, 0x00, 0x00, 0x49, 0xe8,
 0x08, 0x00, 0x00, 0x04, 0xe7, 0x08, 0x00, 0x00,
 0x49, 0xe9, 0x08, 0x00, 0x00, 0x04, 0xe7, 0x08,
 0x00, 0x00, 0x49, 0xea, 0x08, 0x00, 0x00, 0x04,
 0xeb, 0x08, 0x00, 0x00, 0x49, 0xec, 0x08, 0x00,
 0x00, 0x04, 0xed, 0x08, 0x00, 0x00, 0x49, 0xee,
 0x08, 0x00, 0x00, 0x04, 0xef, 0x08, 0x00, 0x00,
 0x49, 0xf0, 0x08, 0x00, 0x00, 0x04, 0xf1, 0x08,
 0x00, 0x00, 0x49, 0xf2, 0x08, 0x00, 0x00, 0x04,
 0xf3, 0x08, 0x00, 0x00, 0x49, 0xf4, 0x08, 0x00,
 0x00, 0x04, 0xf5, 0x08, 0x00, 0x00, 0x49, 0xf6,
 0x08, 0x00, 0x00, 0x04, 0xf7, 0x08, 0x00, 0x00,
 0x49, 0xf8, 0x08, 0x00, 0x00, 0x04, 0xf9, 0x08,
 0x00, 0x00, 0x49, 0xfa, 0x08, 0x00, 0x00, 0x04,
 0xfb, 0x08, 0x00, 0x00, 0x49, 0xfc, 0x08, 0x00,
 0x00, 0x04, 0xfd, 0x08, 0x00, 0x00, 0x49, 0xfe,
 0x08, 0x00, 0x00, 0x04, 0xff, 0x08, 0x00, 0x00,
 0x49, 0x00, 0x09, 0x00, 0x00, 0x04, 0xff, 0x08,
 0x00, 0x00, 0x49, 0x01, 0x09, 0x00, 0x00, 0x04,
 0x02, 0x09, 0x00, 0x00, 0x49, 0x03, 0x09, 0x00,
 0x00, 0x04, 0xc4, 0x08, 0x00, 0x00, 0x49, 0x04,
 0x09, 0x00, 0x00, 0x04, 0xc8, 0x08, 0x00, 0x00,
 0x49, 0x05, 0x09, 0x00, 0x00, 0x04, 0x04, 0x03,
 0x00, 0x00, 0x49, 0x06, 0x09, 0x00, 0x00, 0x04,
 0xd7, 0x08, 0x00, 0x00, 0x49, 0x07, 0x09, 0x00,
 0x00, 0x04, 0xe1, 0x08, 0x00, 0x00, 0x49, 0x08,
 0x09, 0x00, 0x00, 0x04, 0xc4, 0x01, 0x00, 0x00,
 0x49, 0x09, 0x09, 0x00, 0x00, 0x04, 0x0a, 0x09,
 0x00, 0x00, 0x49, 0x0b, 0x09, 0x00, 0x00, 0x04,
 0x67, 0x02, 0x00, 0x00, 0x49, 0x0c, 0x09, 0x00,
 0x00, 0x04, 0x0d, 0x09, 0x00, 0x00, 0x49, 0x0e,
 0x09, 0x00, 0x00, 0x04, 0x0f, 0x09, 0x00, 0x00,
 0x49, 0x10, 0x09, 0x00, 0x00, 0x04, 0x11, 0x09,
 0x00, 0x00, 0x49, 0x12, 0x09, 0x00, 0x00, 0x04,
 0x13, 0x09, 0x00, 0x00, 0x49, 0x14, 0x09, 0x00,
 0x00, 0x04, 0x15, 0x09, 0x00, 0x00, 0x49, 0x16,
 0x09, 0x00, 0x00, 0x04, 0xa8, 0x02, 0x00, 0x00,
 0x49, 0x17, 0x09, 0x00, 0x00, 0x04, 0x04, 0x03,
 0x00, 0x00, 0x49, 0x18, 0x09, 0x00, 0x00, 0x04,
 0x19, 0x09, 0x00, 0x00, 0x49, 0x1a, 0x09, 0x00,
 0x00, 0x04, 0x1b, 0x09, 0x00, 0x00, 0x49, 0x1c,
 0x09, 0x00, 0x00, 0x04, 0x1d, 0x09, 0x00, 0x00,
 0x49, 0x1e, 0x09, 0x00, 0x00, 0x04, 0x1f, 0x09,
 0x00, 0x00, 0x49, 0x20, 0x09, 0x00, 0x00, 0x04,
 0xd4, 0x01, 0x00, 0x00, 0x49, 0x21, 0x09, 0x00,
 0x00, 0x04, 0x10, 0x03, 0x00, 0x00, 0x49, 0x22,
 0x09, 0x00, 0x00, 0x04, 0x08, 0x03, 0x00, 0x00,
 0x49, 0x23, 0x09, 0x00, 0x00, 0x04, 0x12, 0x03,
 0x00, 0x00, 0x49, 0x24, 0x09, 0x00, 0x00, 0x04,
 0xcf, 0x08, 0x00, 0x00, 0x49, 0x25, 0x09, 0x00,
 0x00, 0x04, 0x26, 0x09, 0x00, 0x00, 0x49, 0x27,
 0x09, 0x00, 0x00, 0x04, 0x28, 0x09, 0x00, 0x00,
 0x49, 0x29, 0x09, 0x00, 0x00, 0x04, 0x2a, 0x09,
 0x00, 0x00, 0x49, 0x2b, 0x09, 0x00, 0x00, 0x04,
 0x2c, 0x09, 0x00, 0x00, 0x49, 0x2d, 0x09, 0x00,
 0x00, 0x04, 0x2e, 0x09, 0x00, 0x00, 0x49, 0x2f,
 0x09, 0x00, 0x00, 0x04, 0x30, 0x09, 0x00, 0x00,
 0x49, 0x31, 0x09, 0x00, 0x00, 0x04, 0x32, 0x09,
 0x00, 0x00, 0x49, 0x33, 0x09, 0x00, 0x00, 0x04,
 0x34, 0x09, 0x00, 0x00, 0x49, 0x35, 0x09, 0x00,
 0x00, 0x04, 0x36, 0x09, 0x00, 0x00, 0x49, 0x37,
 0x09, 0x00, 0x00, 0x04, 0x38, 0x09, 0x00, 0x00,
 0x49, 0x39, 0x09, 0x00, 0x00, 0x04, 0x3a, 0x09,
 0x00, 0x00, 0x49, 0x3b, 0x09, 0x00, 0x00, 0x04,
 0x3c, 0x09, 0x00, 0x00, 0x49, 0x3d, 0x09, 0x00,
 0x00, 0x04, 0x3e, 0x09, 0x00, 0x00, 0x49, 0x3f,
 0x09, 0x00, 0x00, 0x04, 0x1e, 0x03, 0x00, 0x00,
 0x49, 0x40, 0x09, 0x00, 0x00, 0x04, 0x41, 0x09,
 0x00, 0x00, 0x49, 0x42, 0x09, 0x00, 0x00, 0x04,
 0x43, 0x09, 0x00, 0x00, 0x49, 0x44, 0x09, 0x00,
 0x00, 0x04, 0x45, 0x09, 0x00, 0x00, 0x49, 0x46,
 0x09, 0x00, 0x00, 0x04, 0x47, 0x09, 0x00, 0x00,
 0x49, 0x48, 0x09, 0x00, 0x00, 0x04, 0x49, 0x09,
 0x00, 0x00, 0x49, 0x4a, 0x09, 0x00, 0x00, 0x04,
 0x4b, 0x09, 0x00, 0x00, 0x49, 0x4c, 0x09, 0x00,
 0x00, 0x04, 0x4d, 0x09, 0x00, 0x00, 0x49, 0x4e,
 0x09, 0x00, 0x00, 0x04, 0x4f, 0x09, 0x00, 0x00,
 0x49, 0x50, 0x09, 0x00, 0x00, 0x04, 0x51, 0x09,
 0x00, 0x00, 0x49, 0x52, 0x09, 0x00, 0x00, 0x04,
 0x53, 0x09, 0x00, 0x00, 0x49, 0x54, 0x09, 0x00,
 0x00, 0x04, 0x55, 0x09, 0x00, 0x00, 0x49, 0x56,
 0x09, 0x00, 0x00, 0x04, 0x57, 0x09, 0x00, 0x00,
 0x49, 0x58, 0x09, 0x00, 0x00, 0x04, 0x59, 0x09,
 0x00, 0x00, 0x49, 0x5a, 0x09, 0x00, 0x00, 0x04,
 0x5b, 0x09, 0x00, 0x00, 0x49, 0x5c, 0x09, 0x00,
 0x00, 0x04, 0x5d, 0x09, 0x00, 0x00, 0x49, 0x5e,
 0x09, 0x00, 0x00, 0x04, 0x5f, 0x09, 0x00, 0x00,
 0x49, 0x60, 0x09, 0x00, 0x00, 0x04, 0x61, 0x09,
 0x00, 0x00, 0x49, 0x62, 0x09, 0x00, 0x00, 0x04,
 0x63, 0x09, 0x00, 0x00, 0x49, 0x64, 0x09, 0x00,
 0x00, 0x04, 0x65, 0x09, 0x00, 0x00, 0x49, 0x66,
 0x09, 0x00, 0x00, 0x04, 0x67, 0x09, 0x00, 0x00,
 0x49, 0x68, 0x09, 0x00, 0x00, 0x04, 0x69, 0x09,
 0x00, 0x00, 0x49, 0x6a, 0x09, 0x00, 0x00, 0x04,
 0x3e, 0x03, 0x00, 0x00, 0x49, 0x6b, 0x09, 0x00,
 0x00, 0x04, 0x6c, 0x09, 0x00, 0x00, 0x49, 0x6d,
 0x09, 0x00, 0x00, 0x04, 0x6e, 0x09, 0x00, 0x00,
 0x49, 0x6f, 0x09, 0x00, 0x00, 0x04, 0x70, 0x09,
 0x00, 0x00, 0x49, 0x71, 0x09, 0x00, 0x00, 0x04,
 0x7f, 0x08, 0x00, 0x00, 0x49, 0x72, 0x09, 0x00,
 0x00, 0x04, 0x73, 0x09, 0x00, 0x00, 0x49, 0x74,
 0x09, 0x00, 0x00, 0x04, 0x75, 0x09, 0x00, 0x00,
 0x49, 0x76, 0x09, 0x00, 0x00, 0x04, 0x77, 0x09,
 0x00, 0x00, 0x49, 0x78, 0x09, 0x00, 0x00, 0x04,
 0x79, 0x09, 0x00, 0x00, 0x49, 0x7a, 0x09, 0x00,
 0x00, 0x04, 0x7b, 0x09, 0x00, 0x00, 0x49, 0x7c,
 0x09, 0x00, 0x00, 0x04, 0x3a, 0x03, 0x00, 0x00,
 0x49, 0x7d, 0x09, 0x00, 0x00, 0x04, 0x3c, 0x03,
 0x00, 0x00, 0x49, 0x7e, 0x09, 0x00, 0x00, 0x04,
 0x3a, 0x03, 0x00, 0x00, 0x49, 0x7f, 0x09, 0x00,
 0x00, 0x04, 0x3e, 0x03, 0x00, 0x00, 0x49, 0x80,
 0x09, 0x00, 0x00, 0x04, 0x44, 0x03, 0x00, 0x00,
 0x49, 0x81, 0x09, 0x00, 0x00, 0x04, 0x44, 0x03,
 0x00, 0x00, 0x49, 0x82, 0x09, 0x00, 0x00, 0x04,
 0x83, 0x09, 0x00, 0x00, 0x49, 0x84, 0x09, 0x00,
 0x00, 0x04, 0x85, 0x09, 0x00, 0x00, 0x49, 0x86,
 0x09, 0x00, 0x00, 0x04, 0x87, 0x09, 0x00, 0x00,
 0x49, 0x88, 0x09, 0x00, 0x00, 0x04, 0x89, 0x09,
 0x00, 0x00, 0x49, 0x8a, 0x09, 0x00, 0x00, 0x04,
 0x8b, 0x09, 0x00, 0x00, 0x49, 0x8c, 0x09, 0x00,
 0x00, 0x04, 0x8d, 0x09, 0x00, 0x00, 0x49, 0x8e,
 0x09, 0x00, 0x00, 0x04, 0x8f, 0x09, 0x00, 0x00,
 0x49, 0x90, 0x09, 0x00, 0x00, 0x04, 0x4a, 0x03,
 0x00, 0x00, 0x49, 0x91, 0x09, 0x00, 0x00, 0x04,
 0x36, 0x03, 0x00, 0x00, 0x49, 0x92, 0x09, 0x00,
 0x00, 0x04, 0x93, 0x09, 0x00, 0x00, 0x49, 0x94,
 0x09, 0x00, 0x00, 0x04, 0x95, 0x09, 0x00, 0x00,
 0x49, 0x96, 0x09, 0x00, 0x00, 0x04, 0x42, 0x03,
 0x00, 0x00, 0x49, 0x97, 0x09, 0x00, 0x00, 0x04,
 0x98, 0x09, 0x00, 0x00, 0x49, 0x99, 0x09, 0x00,
 0x00, 0x04, 0x9a, 0x09, 0x00, 0x00, 0x49, 0x9b,
 0x09, 0x00, 0x00, 0x04, 0x9c, 0x09, 0x00, 0x00,
 0x49, 0x9d, 0x09, 0x00, 0x00, 0x04, 0x9e, 0x09,
 0x00, 0x00, 0x49, 0x9f, 0x09, 0x00, 0x00, 0x04,
 0xa0, 0x09, 0x00, 0x00, 0x49, 0xa1, 0x09, 0x00,
 0x00, 0x04, 0xa0, 0x09, 0x00, 0x00, 0x49, 0xa2,
 0x09, 0x00, 0x00, 0x04, 0xa3, 0x09, 0x00, 0x00,
 0x49, 0xa4, 0x09, 0x00, 0x00, 0x04, 0xa3, 0x09,
 0x00, 0x00, 0x49, 0xa5, 0x09, 0x00, 0x00, 0x04,
 0x9e, 0x09, 0x00, 0x00, 0x49, 0xa6, 0x09, 0x00,
 0x00, 0x04, 0xa7, 0x09, 0x00, 0x00, 0x49, 0xa8,
 0x09, 0x00, 0x00, 0x04, 0xa9, 0x09, 0x00, 0x00,
 0x49, 0xaa, 0x09, 0x00, 0x00, 0x04, 0x9a, 0x02,
 0x00, 0x00, 0x49, 0xab, 0x09, 0x00, 0x00, 0x04,
 0xac, 0x09, 0x00, 0x00, 0x49, 0xad, 0x09, 0x00,
 0x00, 0x04, 0x46, 0x03, 0x00, 0x00, 0x49, 0xae,
 0x09, 0x00, 0x00, 0x04, 0xaf, 0x09, 0x00, 0x00,
 0x49, 0xb0, 0x09, 0x00, 0x00, 0x04, 0xb1, 0x09,
 0x00, 0x00, 0x49, 0xb2, 0x09, 0x00, 0x00, 0x04,
 0xe4, 0x01, 0x00, 0x00, 0x49, 0xb3, 0x09, 0x00,
 0x00, 0x04, 0xb4, 0x09, 0x00, 0x00, 0x49, 0xb5,
 0x09, 0x00, 0x00, 0x04, 0xb6, 0x09, 0x00, 0x00,
 0x49, 0xb7, 0x09, 0x00, 0x00, 0x04, 0xb8, 0x09,
 0x00, 0x00, 0x49, 0xb9, 0x09, 0x00, 0x00, 0x04,
 0xba, 0x09, 0x00, 0x00, 0x49, 0xbb, 0x09, 0x00,
 0x00, 0x04, 0xbc, 0x09, 0x00, 0x00, 0x49, 0xbd,
 0x09, 0x00, 0x00, 0x04, 0x73, 0x09, 0x00, 0x00,
 0x49, 0xbe, 0x09, 0x00, 0x00, 0x04, 0xbf, 0x09,
 0x00, 0x00, 0x49, 0xc0, 0x09, 0x00, 0x00, 0x04,
 0xb8, 0x09, 0x00, 0x00, 0x49, 0xc1, 0x09, 0x00,
 0x00, 0x04, 0x3c, 0x03, 0x00, 0x00, 0x49, 0xc2,
 0x09, 0x00, 0x00, 0x04, 0x6c, 0x09, 0x00, 0x00,
 0x49, 0xc3, 0x09, 0x00, 0x00, 0x04, 0x42, 0x03,
 0x00, 0x00, 0x49, 0xc4, 0x09, 0x00, 0x00, 0x04,
 0x46, 0x03, 0x00, 0x00, 0x49, 0xc5, 0x09, 0x00,
 0x00, 0x04, 0xc6, 0x09, 0x00, 0x00, 0x49, 0xc7,
 0x09, 0x00, 0x00, 0x04, 0xc6, 0x09, 0x00, 0x00,
 0x49, 0xc8, 0x09, 0x00, 0x00, 0x04, 0xb0, 0x02,
 0x00, 0x00, 0x49, 0xc9, 0x09, 0x00, 0x00, 0x04,
 0x37, 0x06, 0x00, 0x00, 0x49, 0xca, 0x09, 0x00,
 0x00, 0x04, 0x47, 0x09, 0x00, 0x00, 0x49, 0xcb,
 0x09, 0x00, 0x00, 0x04, 0x55, 0x03, 0x00, 0x00,
 0x49, 0xcc, 0x09, 0x00, 0x00, 0x04, 0xcd, 0x09,
 0x00, 0x00, 0x49, 0xce, 0x09, 0x00, 0x00, 0x04,
 0xd6, 0x03, 0x00, 0x00, 0x49, 0xcf, 0x09, 0x00,
 0x00, 0x04, 0xd0, 0x09, 0x00, 0x00, 0x49, 0xd1,
 0x09, 0x00, 0x00, 0x04, 0xd2, 0x09, 0x00, 0x00,
 0x49, 0xd3, 0x09, 0x00, 0x00, 0x04, 0xd4, 0x09,
 0x00, 0x00, 0x49, 0xd5, 0x09, 0x00, 0x00, 0x04,
 0xd6, 0x09, 0x00, 0x00, 0x49, 0xd7, 0x09, 0x00,
 0x00, 0x04, 0xd8, 0x09, 0x00, 0x00, 0x49, 0xd9,
 0x09, 0x00, 0x00, 0x04, 0xd8, 0x09, 0x00, 0x00,
 0x49, 0xda, 0x09, 0x00, 0x00, 0x04, 0xdb, 0x09,
 0x00, 0x00, 0x49, 0xdc, 0x09, 0x00, 0x00, 0x04,
 0xdd, 0x09, 0x00, 0x00, 0x49, 0xde, 0x09, 0x00,
 0x00, 0x04, 0xdf, 0x09, 0x00, 0x00, 0x49, 0xe0,
 0x09, 0x00, 0x00, 0x04, 0xe1, 0x09, 0x00, 0x00,
 0x49, 0xe2, 0x09, 0x00, 0x00, 0x04, 0xe3, 0x09,
 0x00, 0x00, 0x49, 0xe4, 0x09, 0x00, 0x00, 0x04,
 0xe5, 0x09, 0x00, 0x00, 0x49, 0xe6, 0x09, 0x00,
 0x00, 0x04, 0xe7, 0x09, 0x00, 0x00, 0x49, 0xe8,
 0x09, 0x00, 0x00, 0x04, 0xe9, 0x09, 0x00, 0x00,
 0x49, 0xea, 0x09, 0x00, 0x00, 0x04, 0xeb, 0x09,
 0x00, 0x00, 0x49, 0xec, 0x09, 0x00, 0x00, 0x04,
 0xed, 0x09, 0x00, 0x00, 0x49, 0xee, 0x09, 0x00,
 0x00, 0x04, 0xef, 0x09, 0x00, 0x00, 0x49, 0xf0,
 0x09, 0x00, 0x00, 0x04, 0xf1, 0x09, 0x00, 0x00,
 0x49, 0xf2, 0x09, 0x00, 0x00, 0x04, 0xd4, 0x09,
 0x00, 0x00, 0x49, 0xf3, 0x09, 0x00, 0x00, 0x04,
 0xf4, 0x09, 0x00, 0x00, 0x49, 0xf5, 0x09, 0x00,
 0x00, 0x04, 0xf6, 0x09, 0x00, 0x00, 0x49, 0xf7,
 0x09, 0x00, 0x00, 0x04, 0x5d, 0x08, 0x00, 0x00,
 0x49, 0xf8, 0x09, 0x00, 0x00, 0x04, 0xf9, 0x09,
 0x00, 0x00, 0x49, 0xfa, 0x09, 0x00, 0x00, 0x04,
 0x7f, 0x03, 0x00, 0x00, 0x49, 0xfb, 0x09, 0x00,
 0x00, 0x04, 0xfc, 0x09, 0x00, 0x00, 0x49, 0xfd,
 0x09, 0x00, 0x00, 0x04, 0xfe, 0x09, 0x00, 0x00,
 0x49, 0xff, 0x09, 0x00, 0x00, 0x04, 0x00, 0x0a,
 0x00, 0x00, 0x49, 0x01, 0x0a, 0x00, 0x00, 0x04,
 0x02, 0x0a, 0x00, 0x00, 0x49, 0x03, 0x0a, 0x00,
 0x00, 0x04, 0xb0, 0x02, 0x00, 0x00, 0x49, 0x04,
 0x0a, 0x00, 0x00, 0x04, 0x05, 0x0a, 0x00, 0x00,
 0x49, 0x06, 0x0a, 0x00, 0x00, 0x04, 0x07, 0x0a,
 0x00, 0x00, 0x49, 0x08, 0x0a, 0x00, 0x00, 0x04,
 0x76, 0x03, 0x00, 0x00, 0x49, 0x09, 0x0a, 0x00,
 0x00, 0x04, 0x0a, 0x0a, 0x00, 0x00, 0x49, 0x0b,
 0x0a, 0x00, 0x00, 0x04, 0x0c, 0x0a, 0x00, 0x00,
 0x49, 0x0d, 0x0a, 0x00, 0x00, 0x04, 0x0e, 0x0a,
 0x00, 0x00, 0x49, 0x0f, 0x0a, 0x00, 0x00, 0x04,
 0x10, 0x0a, 0x00, 0x00, 0x49, 0x11, 0x0a, 0x00,
 0x00, 0x04, 0x12, 0x0a, 0x00, 0x00, 0x49, 0x13,
 0x0a, 0x00, 0x00, 0x04, 0x14, 0x0a, 0x00, 0x00,
 0x49, 0x15, 0x0a, 0x00, 0x00, 0x04, 0x6f, 0x03,
 0x00, 0x00, 0x49, 0x16, 0x0a, 0x00, 0x00, 0x04,
 0x89, 0x03, 0x00, 0x00, 0x49, 0x17, 0x0a, 0x00,
 0x00, 0x04, 0x6f, 0x03, 0x00, 0x00, 0x49, 0x18,
 0x0a, 0x00, 0x00, 0x04, 0x19, 0x0a, 0x00, 0x00,
 0x49, 0x1a, 0x0a, 0x00, 0x00, 0x04, 0x1b, 0x0a,
 0x00, 0x00, 0x49, 0x1c, 0x0a, 0x00, 0x00, 0x04,
 0x1d, 0x0a, 0x00, 0x00, 0x49, 0x1e, 0x0a, 0x00,
 0x00, 0x04, 0xf4, 0x02, 0x00, 0x00, 0x49, 0x0d,
 0x00, 0x00, 0x00, 0x04, 0x1f, 0x0a, 0x00, 0x00,
 0x49, 0x20, 0x0a, 0x00, 0x00, 0x04, 0x21, 0x0a,
 0x00, 0x00, 0x49, 0x22, 0x0a, 0x00, 0x00, 0x04,
 0x23, 0x0a, 0x00, 0x00, 0x49, 0x24, 0x0a, 0x00,
 0x00, 0x04, 0x19, 0x0a, 0x00, 0x00, 0x49, 0x25,
 0x0a, 0x00, 0x00, 0x04, 0x7b, 0x03, 0x00, 0x00,
 0x49, 0x26, 0x0a, 0x00, 0x00, 0x04, 0x27, 0x0a,
 0x00, 0x00, 0x49, 0x28, 0x0a, 0x00, 0x00, 0x04,
 0x76, 0x06, 0x00, 0x00, 0x49, 0x29, 0x0a, 0x00,
 0x00, 0x04, 0x27, 0x0a, 0x00, 0x00, 0x49, 0x2a,
 0x0a, 0x00, 0x00, 0x04, 0x2b, 0x0a, 0x00, 0x00,
 0x49, 0x2c, 0x0a, 0x00, 0x00, 0x04, 0x2d, 0x0a,
 0x00, 0x00, 0x49, 0x2e, 0x0a, 0x00, 0x00, 0x04,
 0x2f, 0x0a, 0x00, 0x00, 0x49, 0x30, 0x0a, 0x00,
 0x00, 0x04, 0x31, 0x0a, 0x00, 0x00, 0x49, 0x32,
 0x0a, 0x00, 0x00, 0x04, 0x33, 0x0a, 0x00, 0x00,
 0x49, 0x34, 0x0a, 0x00, 0x00, 0x04, 0x35, 0x0a,
 0x00, 0x00, 0x49, 0x36, 0x0a, 0x00, 0x00, 0x04,
 0x2d, 0x0a, 0x00, 0x00, 0x49, 0x37, 0x0a, 0x00,
 0x00, 0x04, 0x38, 0x0a, 0x00, 0x00, 0x49, 0x39,
 0x0a, 0x00, 0x00, 0x04, 0x3a, 0x0a, 0x00, 0x00,
 0x49, 0x3b, 0x0a, 0x00, 0x00, 0x04, 0xf4, 0x02,
 0x00, 0x00, 0x49, 0x3c, 0x0a, 0x00, 0x00, 0x04,
 0x3d, 0x0a, 0x00, 0x00, 0x49, 0x3e, 0x0a, 0x00,
 0x00, 0x04, 0x3f, 0x0a, 0x00, 0x00, 0x49, 0x40,
 0x0a, 0x00, 0x00, 0x04, 0x41, 0x0a, 0x00, 0x00,
 0x49, 0x42, 0x0a, 0x00, 0x00, 0x04, 0x43, 0x0a,
 0x00, 0x00, 0x49, 0x44, 0x0a, 0x00, 0x00, 0x04,
 0xf4, 0x02, 0x00, 0x00, 0x49, 0x45, 0x0a, 0x00,
 0x00, 0x04, 0x81, 0x03, 0x00, 0x00, 0x49, 0x46,
 0x0a, 0x00, 0x00, 0x04, 0x47, 0x0a, 0x00, 0x00,
 0x49, 0x48, 0x0a, 0x00, 0x00, 0x04, 0x49, 0x0a,
 0x00, 0x00, 0x49, 0x4a, 0x0a, 0x00, 0x00, 0x04,
 0x4b, 0x0a, 0x00, 0x00, 0x49, 0x4c, 0x0a, 0x00,
 0x00, 0x04, 0x4d, 0x0a, 0x00, 0x00, 0x49, 0x4e,
 0x0a, 0x00, 0x00, 0x04, 0x4f, 0x0a, 0x00, 0x00,
 0x49, 0x50, 0x0a, 0x00, 0x00, 0x04, 0x51, 0x0a,
 0x00, 0x00, 0x49, 0x52, 0x0a, 0x00, 0x00, 0x04,
 0x53, 0x0a, 0x00, 0x00, 0x49, 0x54, 0x0a, 0x00,
 0x00, 0x04, 0x55, 0x0a, 0x00, 0x00, 0x49, 0x56,
 0x0a, 0x00, 0x00, 0x04, 0x57, 0x0a, 0x00, 0x00,
 0x49, 0x58, 0x0a, 0x00, 0x00, 0x04, 0x59, 0x0a,
 0x00, 0x00, 0x49, 0x5a, 0x0a, 0x00, 0x00, 0x04,
 0x5b, 0x0a, 0x00, 0x00, 0x49, 0x5c, 0x0a, 0x00,
 0x00, 0x04, 0x5d, 0x0a, 0x00, 0x00, 0x49, 0x5e,
 0x0a, 0x00, 0x00, 0x04, 0x5f, 0x0a, 0x00, 0x00,
 0x49, 0x60, 0x0a, 0x00, 0x00, 0x04, 0x61, 0x0a,
 0x00, 0x00, 0x49, 0x62, 0x0a, 0x00, 0x00, 0x04,
 0x63, 0x0a, 0x00, 0x00, 0x49, 0x64, 0x0a, 0x00,
 0x00, 0x04, 0x65, 0x0a, 0x00, 0x00, 0x49, 0x66,
 0x0a, 0x00, 0x00, 0x04, 0x67, 0x0a, 0x00, 0x00,
 0x49, 0x68, 0x0a, 0x00, 0x00, 0x04, 0x69, 0x0a,
 0x00, 0x00, 0x49, 0x6a, 0x0a, 0x00, 0x00, 0x04,
 0x6b, 0x0a, 0x00, 0x00, 0x49, 0x6c, 0x0a, 0x00,
 0x00, 0x04, 0x6d, 0x0a, 0x00, 0x00, 0x49, 0x6e,
 0x0a, 0x00, 0x00, 0x04, 0x6f, 0x0a, 0x00, 0x00,
 0x49, 0x70, 0x0a, 0x00, 0x00, 0x04, 0x04, 0x04,
 0x00, 0x00, 0x49, 0x71, 0x0a, 0x00, 0x00, 0x04,
 0xae, 0x02, 0x00, 0x00, 0x49, 0x72, 0x0a, 0x00,
 0x00, 0x04, 0x73, 0x0a, 0x00, 0x00, 0x49, 0x74,
 0x0a, 0x00, 0x00, 0x04, 0x75, 0x0a, 0x00, 0x00,
 0x49, 0x76, 0x0a, 0x00, 0x00, 0x04, 0xf6, 0x03,
 0x00, 0x00, 0x49, 0x77, 0x0a, 0x00, 0x00, 0x04,
 0x78, 0x0a, 0x00, 0x00, 0x49, 0x79, 0x0a, 0x00,
 0x00, 0x04, 0x7a, 0x0a, 0x00, 0x00, 0x49, 0x7b,
 0x0a, 0x00, 0x00, 0x04, 0x7c, 0x0a, 0x00, 0x00,
 0x49, 0x7d, 0x0a, 0x00, 0x00, 0x04, 0x7e, 0x0a,
 0x00, 0x00, 0x49, 0x7f, 0x0a, 0x00, 0x00, 0x04,
 0xb8, 0x03, 0x00, 0x00, 0x49, 0x80, 0x0a, 0x00,
 0x00, 0x04, 0x81, 0x0a, 0x00, 0x00, 0x49, 0x82,
 0x0a, 0x00, 0x00, 0x04, 0xc2, 0x03, 0x00, 0x00,
 0x49, 0x83, 0x0a, 0x00, 0x00, 0x04, 0x84, 0x0a,
 0x00, 0x00, 0x49, 0x85, 0x0a, 0x00, 0x00, 0x04,
 0xc2, 0x03, 0x00, 0x00, 0x49, 0x86, 0x0a, 0x00,
 0x00, 0x04, 0x87, 0x0a, 0x00, 0x00, 0x49, 0x88,
 0x0a, 0x00, 0x00, 0x04, 0x89, 0x0a, 0x00, 0x00,
 0x49, 0x8a, 0x0a, 0x00, 0x00, 0x04, 0xc4, 0x03,
 0x00, 0x00, 0x49, 0x8b, 0x0a, 0x00, 0x00, 0x04,
 0xc6, 0x03, 0x00, 0x00, 0x49, 0x8c, 0x0a, 0x00,
 0x00, 0x04, 0x8d, 0x0a, 0x00, 0x00, 0x49, 0x8e,
 0x0a, 0x00, 0x00, 0x04, 0x8f, 0x0a, 0x00, 0x00,
 0x49, 0x90, 0x0a, 0x00, 0x00, 0x04, 0xe9, 0x09,
 0x00, 0x00, 0x49, 0x91, 0x0a, 0x00, 0x00, 0x04,
 0x92, 0x0a, 0x00, 0x00, 0x49, 0x93, 0x0a, 0x00,
 0x00, 0x04, 0x94, 0x0a, 0x00, 0x00, 0x49, 0x95,
 0x0a, 0x00, 0x00, 0x04, 0x96, 0x0a, 0x00, 0x00,
 0x49, 0x97, 0x0a, 0x00, 0x00, 0x04, 0x98, 0x0a,
 0x00, 0x00, 0x49, 0x99, 0x0a, 0x00, 0x00, 0x04,
 0x9a, 0x0a, 0x00, 0x00, 0x49, 0x9b, 0x0a, 0x00,
 0x00, 0x04, 0x9c, 0x0a, 0x00, 0x00, 0x49, 0x9d,
 0x0a, 0x00, 0x00, 0x04, 0x9e, 0x0a, 0x00, 0x00,
 0x49, 0x9f, 0x0a, 0x00, 0x00, 0x04, 0xa0, 0x0a,
 0x00, 0x00, 0x49, 0xa1, 0x0a, 0x00, 0x00, 0x04,
 0xa2, 0x0a, 0x00, 0x00, 0x49, 0xa3, 0x0a, 0x00,
 0x00, 0x04, 0xa4, 0x0a, 0x00, 0x00, 0x49, 0xa5,
 0x0a, 0x00, 0x00, 0x04, 0xb5, 0x01, 0x00, 0x00,
 0x49, 0xa6, 0x0a, 0x00, 0x00, 0x04, 0xbc, 0x01,
 0x00, 0x00, 0x49, 0xa7, 0x0a, 0x00, 0x00, 0x04,
 0xa8, 0x0a, 0x00, 0x00, 0x49, 0xa9, 0x0a, 0x00,
 0x00, 0x04, 0xaa, 0x0a, 0x00, 0x00, 0x49, 0xab,
 0x0a, 0x00, 0x00, 0x04, 0xac, 0x0a, 0x00, 0x00,
 0x49, 0xad, 0x0a, 0x00, 0x00, 0x04, 0xae, 0x0a,
 0x00, 0x00, 0x49, 0xaf, 0x0a, 0x00, 0x00, 0x04,
 0xb0, 0x0a, 0x00, 0x00, 0x49, 0xb1, 0x0a, 0x00,
 0x00, 0x04, 0xca, 0x03, 0x00, 0x00, 0x49, 0xb2,
 0x0a, 0x00, 0x00, 0x04, 0xb5, 0x01, 0x00, 0x00,
 0x49, 0xb3, 0x0a, 0x00, 0x00, 0x04, 0xb4, 0x0a,
 0x00, 0x00, 0x49, 0xb5, 0x0a, 0x00, 0x00, 0x04,
 0xb6, 0x0a, 0x00, 0x00, 0x49, 0xb7, 0x0a, 0x00,
 0x00, 0x04, 0xcd, 0x04, 0x00, 0x00, 0x49, 0xb8,
 0x0a, 0x00, 0x00, 0x04, 0xfb, 0x06, 0x00, 0x00,
 0x49, 0xb9, 0x0a, 0x00, 0x00, 0x04, 0xba, 0x0a,
 0x00, 0x00, 0x49, 0xbb, 0x0a, 0x00, 0x00, 0x04,
 0xbc, 0x0a, 0x00, 0x00, 0x49, 0xbd, 0x0a, 0x00,
 0x00, 0x04, 0xbe, 0x0a, 0x00, 0x00, 0x49, 0xbf,
 0x0a, 0x00, 0x00, 0x04, 0xc0, 0x0a, 0x00, 0x00,
 0x49, 0xc1, 0x0a, 0x00, 0x00, 0x04, 0xc4, 0x03,
 0x00, 0x00, 0x49, 0xc2, 0x0a, 0x00, 0x00, 0x04,
 0x98, 0x0a, 0x00, 0x00, 0x49, 0xc3, 0x0a, 0x00,
 0x00, 0x04, 0xcf, 0x02, 0x00, 0x00, 0x49, 0xc4,
 0x0a, 0x00, 0x00, 0x04, 0xee, 0x03, 0x00, 0x00,
 0x49, 0xc5, 0x0a, 0x00, 0x00, 0x04, 0xc6, 0x0a,
 0x00, 0x00, 0x49, 0xc7, 0x0a, 0x00, 0x00, 0x04,
 0xd6, 0x03, 0x00, 0x00, 0x49, 0xc8, 0x0a, 0x00,
 0x00, 0x04, 0xc8, 0x03, 0x00, 0x00, 0x49, 0xc9,
 0x0a, 0x00, 0x00, 0x04, 0x26, 0x05, 0x00, 0x00,
 0x49, 0xca, 0x0a, 0x00, 0x00, 0x04, 0xd2, 0x09,
 0x00, 0x00, 0x49, 0xcb, 0x0a, 0x00, 0x00, 0x04,
 0xcc, 0x0a, 0x00, 0x00, 0x49, 0xcd, 0x0a, 0x00,
 0x00, 0x04, 0xf4, 0x03, 0x00, 0x00, 0x49, 0xce,
 0x0a, 0x00, 0x00, 0x04, 0xc0, 0x0a, 0x00, 0x00,
 0x49, 0xcf, 0x0a, 0x00, 0x00, 0x04, 0xf6, 0x03,
 0x00, 0x00, 0x49, 0xd0, 0x0a, 0x00, 0x00, 0x04,
 0xfc, 0x03, 0x00, 0x00, 0x49, 0xd1, 0x0a, 0x00,
 0x00, 0x04, 0xfc, 0x03, 0x00, 0x00, 0x49, 0xd2,
 0x0a, 0x00, 0x00, 0x04, 0xd3, 0x0a, 0x00, 0x00,
 0x49, 0xd4, 0x0a, 0x00, 0x00, 0x04, 0xd5, 0x0a,
 0x00, 0x00, 0x49, 0xd6, 0x0a, 0x00, 0x00, 0x04,
 0xd7, 0x0a, 0x00, 0x00, 0x49, 0xd8, 0x0a, 0x00,
 0x00, 0x04, 0xd9, 0x0a, 0x00, 0x00, 0x49, 0xda,
 0x0a, 0x00, 0x00, 0x04, 0xdb, 0x0a, 0x00, 0x00,
 0x49, 0xdc, 0x0a, 0x00, 0x00, 0x04, 0xdd, 0x0a,
 0x00, 0x00, 0x49, 0xde, 0x0a, 0x00, 0x00, 0x04,
 0x87, 0x0a, 0x00, 0x00, 0x49, 0xdf, 0x0a, 0x00,
 0x00, 0x04, 0xe0, 0x0a, 0x00, 0x00, 0x49, 0xe1,
 0x0a, 0x00, 0x00, 0x04, 0xf4, 0x03, 0x00, 0x00,
 0x49, 0xe2, 0x0a, 0x00, 0x00, 0x04, 0x78, 0x0a,
 0x00, 0x00, 0x49, 0xe3, 0x0a, 0x00, 0x00, 0x04,
 0xf8, 0x03, 0x00, 0x00, 0x49, 0xe4, 0x0a, 0x00,
 0x00, 0x04, 0xfe, 0x03, 0x00, 0x00, 0x49, 0xe5,
 0x0a, 0x00, 0x00, 0x04, 0xe6, 0x0a, 0x00, 0x00,
 0x49, 0xe7, 0x0a, 0x00, 0x00, 0x04, 0xd4, 0x03,
 0x00, 0x00, 0x49, 0xe8, 0x0a, 0x00, 0x00, 0x04,
 0xe9, 0x0a, 0x00, 0x00, 0x49, 0xea, 0x0a, 0x00,
 0x00, 0x04, 0xf8, 0x03, 0x00, 0x00, 0x49, 0xeb,
 0x0a, 0x00, 0x00, 0x04, 0xec, 0x0a, 0x00, 0x00,
 0x49, 0xed, 0x0a, 0x00, 0x00, 0x04, 0xcf, 0x02,
 0x00, 0x00, 0x49, 0xee, 0x0a, 0x00, 0x00, 0x04,
 0xee, 0x03, 0x00, 0x00, 0x49, 0xef, 0x0a, 0x00,
 0x00, 0x04, 0xf0, 0x0a, 0x00, 0x00, 0x49, 0xf1,
 0x0a, 0x00, 0x00, 0x04, 0xf2, 0x0a, 0x00, 0x00,
 0x49, 0xf3, 0x0a, 0x00, 0x00, 0x04, 0xf4, 0x0a,
 0x00, 0x00, 0x49, 0xf5, 0x0a, 0x00, 0x00, 0x04,
 0x1c, 0x04, 0x00, 0x00, 0x49, 0xf6, 0x0a, 0x00,
 0x00, 0x04, 0xc6, 0x0a, 0x00, 0x00, 0x49, 0xf7,
 0x0a, 0x00, 0x00, 0x04, 0x8b, 0x08, 0x00, 0x00,
 0x49, 0xf8, 0x0a, 0x00, 0x00, 0x04, 0xf9, 0x0a,
 0x00, 0x00, 0x49, 0xfa, 0x0a, 0x00, 0x00, 0x04,
 0xfb, 0x0a, 0x00, 0x00, 0x49, 0xfc, 0x0a, 0x00,
 0x00, 0x04, 0xfd, 0x0a, 0x00, 0x00, 0x49, 0xfe,
 0x0a, 0x00, 0x00, 0x04, 0xff, 0x0a, 0x00, 0x00,
 0x49, 0x00, 0x0b, 0x00, 0x00, 0x04, 0xff, 0x0a,
 0x00, 0x00, 0x49, 0x01, 0x0b, 0x00, 0x00, 0x04,
 0x02, 0x0b, 0x00, 0x00, 0x49, 0x03, 0x0b, 0x00,
 0x00, 0x04, 0x04, 0x0b, 0x00, 0x00, 0x49, 0x05,
 0x0b, 0x00, 0x00, 0x04, 0x04, 0x0b, 0x00, 0x00,
 0x49, 0x06, 0x0b, 0x00, 0x00, 0x04, 0x07, 0x0b,
 0x00, 0x00, 0x49, 0x08, 0x0b, 0x00, 0x00, 0x04,
 0x07, 0x0b, 0x00, 0x00, 0x49, 0x09, 0x0b, 0x00,
 0x00, 0x04, 0x02, 0x0b, 0x00, 0x00, 0x49, 0x0a,
 0x0b, 0x00, 0x00, 0x04, 0x0b, 0x0b, 0x00, 0x00,
 0x49, 0x0c, 0x0b, 0x00, 0x00, 0x04, 0x0d, 0x0b,
 0x00, 0x00, 0x49, 0x0e, 0x0b, 0x00, 0x00, 0x04,
 0x0f, 0x0b, 0x00, 0x00, 0x49, 0x10, 0x0b, 0x00,
 0x00, 0x04, 0xcc, 0x03, 0x00, 0x00, 0x49, 0x11,
 0x0b, 0x00, 0x00, 0x04, 0x08, 0x04, 0x00, 0x00,
 0x49, 0x12, 0x0b, 0x00, 0x00, 0x04, 0x0a, 0x04,
 0x00, 0x00, 0x49, 0x13, 0x0b, 0x00, 0x00, 0x04,
 0x14, 0x0b, 0x00, 0x00, 0x49, 0x15, 0x0b, 0x00,
 0x00, 0x04, 0x0c, 0x04, 0x00, 0x00, 0x49, 0x16,
 0x0b, 0x00, 0x00, 0x04, 0x92, 0x0a, 0x00, 0x00,
 0x49, 0x17, 0x0b, 0x00, 0x00, 0x04, 0x18, 0x0b,
 0x00, 0x00, 0x49, 0x19, 0x0b, 0x00, 0x00, 0x04,
 0x1a, 0x0b, 0x00, 0x00, 0x49, 0x1b, 0x0b, 0x00,
 0x00, 0x04, 0x1c, 0x0b, 0x00, 0x00, 0x49, 0x1d,
 0x0b, 0x00, 0x00, 0x04, 0x1e, 0x0b, 0x00, 0x00,
 0x49, 0x1f, 0x0b, 0x00, 0x00, 0x04, 0x20, 0x0b,
 0x00, 0x00, 0x49, 0x21, 0x0b, 0x00, 0x00, 0x04,
 0x22, 0x0b, 0x00, 0x00, 0x49, 0x23, 0x0b, 0x00,
 0x00, 0x04, 0xf2, 0x05, 0x00, 0x00, 0x49, 0x24,
 0x0b, 0x00, 0x00, 0x04, 0x25, 0x0b, 0x00, 0x00,
 0x49, 0x26, 0x0b, 0x00, 0x00, 0x04, 0x25, 0x0b,
 0x00, 0x00, 0x49, 0x27, 0x0b, 0x00, 0x00, 0x04,
 0x23, 0x07, 0x00, 0x00, 0x49, 0x28, 0x0b, 0x00,
 0x00, 0x04, 0xb4, 0x01, 0x00, 0x00, 0x49, 0x29,
 0x0b, 0x00, 0x00, 0x04, 0x2a, 0x0b, 0x00, 0x00,
 0x49, 0x2b, 0x0b, 0x00, 0x00, 0x04, 0xc8, 0x03,
 0x00, 0x00, 0x49, 0x2c, 0x0b, 0x00, 0x00, 0x04,
 0xa3, 0x08, 0x00, 0x00, 0x49, 0x2d, 0x0b, 0x00,
 0x00, 0x04, 0x26, 0x05, 0x00, 0x00, 0x49, 0x2e,
 0x0b, 0x00, 0x00, 0x04, 0x2f, 0x0b, 0x00, 0x00,
 0x49, 0x30, 0x0b, 0x00, 0x00, 0x04, 0x31, 0x0b,
 0x00, 0x00, 0x49, 0x32, 0x0b, 0x00, 0x00, 0x04,
 0x33, 0x0b, 0x00, 0x00, 0x49, 0x34, 0x0b, 0x00,
 0x00, 0x04, 0x35, 0x0b, 0x00, 0x00, 0x49, 0x36,
 0x0b, 0x00, 0x00, 0x04, 0x37, 0x0b, 0x00, 0x00,
 0x49, 0x38, 0x0b, 0x00, 0x00, 0x04, 0x18, 0x04,
 0x00, 0x00, 0x49, 0x39, 0x0b, 0x00, 0x00, 0x04,
 0xfe, 0x03, 0x00, 0x00, 0x49, 0x3a, 0x0b, 0x00,
 0x00, 0x04, 0x3b, 0x0b, 0x00, 0x00, 0x49, 0x3c,
 0x0b, 0x00, 0x00, 0x04, 0x3d, 0x0b, 0x00, 0x00,
 0x49, 0x3e, 0x0b, 0x00, 0x00, 0x04, 0xbc, 0x01,
 0x00, 0x00, 0x49, 0x3f, 0x0b, 0x00, 0x00, 0x04,
 0xcf, 0x04, 0x00, 0x00, 0x49, 0x40, 0x0b, 0x00,
 0x00, 0x04, 0x41, 0x0b, 0x00, 0x00, 0x49, 0x42,
 0x0b, 0x00, 0x00, 0x04, 0x43, 0x0b, 0x00, 0x00,
 0x49, 0x44, 0x0b, 0x00, 0x00, 0x04, 0xe3, 0x01,
 0x00, 0x00, 0x49, 0x45, 0x0b, 0x00, 0x00, 0x04,
 0x46, 0x0b, 0x00, 0x00, 0x49, 0x47, 0x0b, 0x00,
 0x00, 0x04, 0x48, 0x0b, 0x00, 0x00, 0x49, 0x49,
 0x0b, 0x00, 0x00, 0x04, 0xe0, 0x0a, 0x00, 0x00,
 0x49, 0x4a, 0x0b, 0x00, 0x00, 0x04, 0xcc, 0x0a,
 0x00, 0x00, 0x49, 0x4b, 0x0b, 0x00, 0x00, 0x04,
 0x4c, 0x0b, 0x00, 0x00, 0x49, 0x4d, 0x0b, 0x00,
 0x00, 0x04, 0x4e, 0x0b, 0x00, 0x00, 0x49, 0x4f,
 0x0b, 0x00, 0x00, 0x04, 0x50, 0x0b, 0x00, 0x00,
 0x49, 0x51, 0x0b, 0x00, 0x00, 0x04, 0x52, 0x0b,
 0x00, 0x00, 0x49, 0x53, 0x0b, 0x00, 0x00, 0x04,
 0x54, 0x0b, 0x00, 0x00, 0x49, 0x55, 0x0b, 0x00,
 0x00, 0x04, 0xe4, 0x03, 0x00, 0x00, 0x49, 0x56,
 0x0b, 0x00, 0x00, 0x04, 0x2a, 0x07, 0x00, 0x00,
 0x49, 0x57, 0x0b, 0x00, 0x00, 0x04, 0x58, 0x0b,
 0x00, 0x00, 0x49, 0x59, 0x0b, 0x00, 0x00, 0x04,
 0x5a, 0x0b, 0x00, 0x00, 0x49, 0x5b, 0x0b, 0x00,
 0x00, 0x04, 0x5c, 0x0b, 0x00, 0x00, 0x49, 0x5d,
 0x0b, 0x00, 0x00, 0x04, 0x5c, 0x0b, 0x00, 0x00,
 0x49, 0x5e, 0x0b, 0x00, 0x00, 0x04, 0x5f, 0x0b,
 0x00, 0x00, 0x49, 0x60, 0x0b, 0x00, 0x00, 0x04,
 0x61, 0x0b, 0x00, 0x00, 0x49, 0x62, 0x0b, 0x00,
 0x00, 0x04, 0x63, 0x0b, 0x00, 0x00, 0x49, 0x64,
 0x0b, 0x00, 0x00, 0x04, 0x65, 0x0b, 0x00, 0x00,
 0x49, 0x66, 0x0b, 0x00, 0x00, 0x04, 0x65, 0x0b,
 0x00, 0x00, 0x49, 0x67, 0x0b, 0x00, 0x00, 0x04,
 0x43, 0x05, 0x00, 0x00, 0x49, 0x68, 0x0b, 0x00,
 0x00, 0x04, 0x43, 0x05, 0x00, 0x00, 0x49, 0x69,
 0x0b, 0x00, 0x00, 0x04, 0xdb, 0x02, 0x00, 0x00,
 0x49, 0x6a, 0x0b, 0x00, 0x00, 0x04, 0xdc, 0x03,
 0x00, 0x00, 0x49, 0x6b, 0x0b, 0x00, 0x00, 0x04,
 0x0d, 0x06, 0x00, 0x00, 0x49, 0x6c, 0x0b, 0x00,
 0x00, 0x04, 0x6d, 0x0b, 0x00, 0x00, 0x49, 0x6e,
 0x0b, 0x00, 0x00, 0x04, 0x6f, 0x0b, 0x00, 0x00,
 0x49, 0x70, 0x0b, 0x00, 0x00, 0x04, 0x71, 0x0b,
 0x00, 0x00, 0x49, 0x72, 0x0b, 0x00, 0x00, 0x04,
 0x73, 0x0b, 0x00, 0x00, 0x49, 0x74, 0x0b, 0x00,
 0x00, 0x04, 0xa9, 0x06, 0x00, 0x00, 0x49, 0x75,
 0x0b, 0x00, 0x00, 0x04, 0x76, 0x0b, 0x00, 0x00,
 0x49, 0x77, 0x0b, 0x00, 0x00, 0x04, 0x78, 0x0b,
 0x00, 0x00, 0x49, 0x79, 0x0b, 0x00, 0x00, 0x04,
 0x7a, 0x0b, 0x00, 0x00, 0x49, 0x7b, 0x0b, 0x00,
 0x00, 0x04, 0x30, 0x06, 0x00, 0x00, 0x49, 0x7c,
 0x0b, 0x00, 0x00, 0x04, 0x82, 0x00, 0x00, 0x00,
 0x49, 0x7d, 0x0b, 0x00, 0x00, 0x04, 0x7e, 0x0b,
 0x00, 0x00, 0x49, 0x7f, 0x0b, 0x00, 0x00, 0x04,
 0x50, 0x02, 0x00, 0x00, 0x49, 0x80, 0x0b, 0x00,
 0x00, 0x04, 0x81, 0x0b, 0x00, 0x00, 0x49, 0x82,
 0x0b, 0x00, 0x00, 0x04, 0x7f, 0x07, 0x00, 0x00,
 0x49, 0x83, 0x0b, 0x00, 0x00, 0x04, 0x97, 0x08,
 0x00, 0x00, 0x49, 0x84, 0x0b, 0x00, 0x00, 0x04,
 0x85, 0x0b, 0x00, 0x00, 0x49, 0x86, 0x0b, 0x00,
 0x00, 0x04, 0x87, 0x0b, 0x00, 0x00, 0x49, 0x88,
 0x0b, 0x00, 0x00, 0x04, 0xdb, 0x09, 0x00, 0x00,
 0x49, 0x89, 0x0b, 0x00, 0x00, 0x04, 0x27, 0x04,
 0x00, 0x00, 0x49, 0x8a, 0x0b, 0x00, 0x00, 0x04,
 0x8b, 0x0b, 0x00, 0x00, 0x49, 0x8c, 0x0b, 0x00,
 0x00, 0x04, 0x8d, 0x0b, 0x00, 0x00, 0x49, 0x8e,
 0x0b, 0x00, 0x00, 0x04, 0x27, 0x04, 0x00, 0x00,
 0x49, 0x8f, 0x0b, 0x00, 0x00, 0x04, 0x90, 0x0b,
 0x00, 0x00, 0x49, 0x91, 0x0b, 0x00, 0x00, 0x04,
 0x7e, 0x06, 0x00, 0x00, 0x49, 0x92, 0x0b, 0x00,
 0x00, 0x04, 0x93, 0x0b, 0x00, 0x00, 0x49, 0x94,
 0x0b, 0x00, 0x00, 0x04, 0x95, 0x0b, 0x00, 0x00,
 0x49, 0x96, 0x0b, 0x00, 0x00, 0x04, 0x95, 0x0b,
 0x00, 0x00, 0x49, 0x97, 0x0b, 0x00, 0x00, 0x04,
 0x98, 0x0b, 0x00, 0x00, 0x49, 0x99, 0x0b, 0x00,
 0x00, 0x04, 0x9a, 0x0b, 0x00, 0x00, 0x49, 0x9b,
 0x0b, 0x00, 0x00, 0x04, 0x5f, 0x04, 0x00, 0x00,
 0x49, 0x9c, 0x0b, 0x00, 0x00, 0x04, 0x9d, 0x0b,
 0x00, 0x00, 0x49, 0x9e, 0x0b, 0x00, 0x00, 0x04,
 0x9f, 0x0b, 0x00, 0x00, 0x49, 0xa0, 0x0b, 0x00,
 0x00, 0x04, 0xa1, 0x0b, 0x00, 0x00, 0x49, 0xa2,
 0x0b, 0x00, 0x00, 0x04, 0xa3, 0x0b, 0x00, 0x00,
 0x49, 0xa4, 0x0b, 0x00, 0x00, 0x04, 0x77, 0x04,
 0x00, 0x00, 0x49, 0xa5, 0x0b, 0x00, 0x00, 0x04,
 0xa6, 0x0b, 0x00, 0x00, 0x49, 0xa7, 0x0b, 0x00,
 0x00, 0x04, 0xa8, 0x0b, 0x00, 0x00, 0x49, 0xa9,
 0x0b, 0x00, 0x00, 0x04, 0xaa, 0x0b, 0x00, 0x00,
 0x49, 0xab, 0x0b, 0x00, 0x00, 0x04, 0x8e, 0x02,
 0x00, 0x00, 0x49, 0xac, 0x0b, 0x00, 0x00, 0x04,
 0xad, 0x0b, 0x00, 0x00, 0x49, 0xae, 0x0b, 0x00,
 0x00, 0x04, 0xaf, 0x0b, 0x00, 0x00, 0x49, 0xb0,
 0x0b, 0x00, 0x00, 0x04, 0xad, 0x04, 0x00, 0x00,
 0x49, 0xb1, 0x0b, 0x00, 0x00, 0x04, 0xb2, 0x0b,
 0x00, 0x00, 0x49, 0xb3, 0x0b, 0x00, 0x00, 0x04,
 0xb4, 0x0b, 0x00, 0x00, 0x49, 0xb5, 0x0b, 0x00,
 0x00, 0x04, 0xb6, 0x0b, 0x00, 0x00, 0x49, 0xb7,
 0x0b, 0x00, 0x00, 0x04, 0xad, 0x04, 0x00, 0x00,
 0x49, 0xb8, 0x0b, 0x00, 0x00, 0x04, 0xb9, 0x0b,
 0x00, 0x00, 0x49, 0xba, 0x0b, 0x00, 0x00, 0x04,
 0xb9, 0x0b, 0x00, 0x00, 0x49, 0xbb, 0x0b, 0x00,
 0x00, 0x04, 0x47, 0x04, 0x00, 0x00, 0x49, 0xbc,
 0x0b, 0x00, 0x00, 0x04, 0x45, 0x04, 0x00, 0x00,
 0x49, 0xbd, 0x0b, 0x00, 0x00, 0x04, 0x67, 0x04,
 0x00, 0x00, 0x49, 0xbe, 0x0b, 0x00, 0x00, 0x04,
 0x69, 0x04, 0x00, 0x00, 0x49, 0xbf, 0x0b, 0x00,
 0x00, 0x04, 0xc0, 0x0b, 0x00, 0x00, 0x49, 0xc1,
 0x0b, 0x00, 0x00, 0x04, 0xc2, 0x0b, 0x00, 0x00,
 0x49, 0xc3, 0x0b, 0x00, 0x00, 0x04, 0xc4, 0x0b,
 0x00, 0x00, 0x49, 0xc5, 0x0b, 0x00, 0x00, 0x04,
 0xab, 0x04, 0x00, 0x00, 0x49, 0xc6, 0x0b, 0x00,
 0x00, 0x04, 0xc7, 0x0b, 0x00, 0x00, 0x49, 0xc8,
 0x0b, 0x00, 0x00, 0x04, 0xc9, 0x0b, 0x00, 0x00,
 0x49, 0xca, 0x0b, 0x00, 0x00, 0x04, 0xcb, 0x0b,
 0x00, 0x00, 0x49, 0xcc, 0x0b, 0x00, 0x00, 0x04,
 0xcd, 0x0b, 0x00, 0x00, 0x49, 0xce, 0x0b, 0x00,
 0x00, 0x04, 0x53, 0x04, 0x00, 0x00, 0x49, 0xcf,
 0x0b, 0x00, 0x00, 0x04, 0xd0, 0x0b, 0x00, 0x00,
 0x49, 0xd1, 0x0b, 0x00, 0x00, 0x04, 0xd2, 0x0b,
 0x00, 0x00, 0x49, 0xd3, 0x0b, 0x00, 0x00, 0x04,
 0x13, 0x06, 0x00, 0x00, 0x49, 0xd4, 0x0b, 0x00,
 0x00, 0x04, 0x13, 0x06, 0x00, 0x00, 0x49, 0xd5,
 0x0b, 0x00, 0x00, 0x04, 0xd6, 0x0b, 0x00, 0x00,
 0x49, 0xd7, 0x0b, 0x00, 0x00, 0x04, 0x4b, 0x04,
 0x00, 0x00, 0x49, 0xd8, 0x0b, 0x00, 0x00, 0x04,
 0xd9, 0x0b, 0x00, 0x00, 0x49, 0xda, 0x0b, 0x00,
 0x00, 0x04, 0x55, 0x04, 0x00, 0x00, 0x49, 0xdb,
 0x0b, 0x00, 0x00, 0x04, 0x57, 0x04, 0x00, 0x00,
 0x49, 0xdc, 0x0b, 0x00, 0x00, 0x04, 0x57, 0x04,
 0x00, 0x00, 0x49, 0xdd, 0x0b, 0x00, 0x00, 0x04,
 0xde, 0x0b, 0x00, 0x00, 0x49, 0xdf, 0x0b, 0x00,
 0x00, 0x04, 0x5d, 0x04, 0x00, 0x00, 0x49, 0xe0,
 0x0b, 0x00, 0x00, 0x04, 0x5b, 0x04, 0x00, 0x00,
 0x49, 0xe1, 0x0b, 0x00, 0x00, 0x04, 0x5b, 0x04,
 0x00, 0x00, 0x49, 0xe2, 0x0b, 0x00, 0x00, 0x04,
 0x5d, 0x04, 0x00, 0x00, 0x49, 0xe3, 0x0b, 0x00,
 0x00, 0x04, 0x63, 0x04, 0x00, 0x00, 0x49, 0xe4,
 0x0b, 0x00, 0x00, 0x04, 0x63, 0x04, 0x00, 0x00,
 0x49, 0xe5, 0x0b, 0x00, 0x00, 0x04, 0x65, 0x04,
 0x00, 0x00, 0x49, 0xe6, 0x0b, 0x00, 0x00, 0x04,
 0x59, 0x04, 0x00, 0x00, 0x49, 0xe7, 0x0b, 0x00,
 0x00, 0x04, 0x59, 0x04, 0x00, 0x00, 0x49, 0xe8,
 0x0b, 0x00, 0x00, 0x04, 0x9f, 0x0b, 0x00, 0x00,
 0x49, 0xe9, 0x0b, 0x00, 0x00, 0x04, 0xea, 0x0b,
 0x00, 0x00, 0x49, 0xeb, 0x0b, 0x00, 0x00, 0x04,
 0xec, 0x0b, 0x00, 0x00, 0x49, 0xed, 0x0b, 0x00,
 0x00, 0x04, 0x24, 0x05, 0x00, 0x00, 0x49, 0xee,
 0x0b, 0x00, 0x00, 0x04, 0xef, 0x0b, 0x00, 0x00,
 0x49, 0xf0, 0x0b, 0x00, 0x00, 0x04, 0xf1, 0x0b,
 0x00, 0x00, 0x49, 0xf2, 0x0b, 0x00, 0x00, 0x04,
 0x24, 0x05, 0x00, 0x00, 0x49, 0xf3, 0x0b, 0x00,
 0x00, 0x04, 0xf4, 0x0b, 0x00, 0x00, 0x49, 0xf5,
 0x0b, 0x00, 0x00, 0x04, 0x9d, 0x0b, 0x00, 0x00,
 0x49, 0xf6, 0x0b, 0x00, 0x00, 0x04, 0xf7, 0x0b,
 0x00, 0x00, 0x49, 0xf8, 0x0b, 0x00, 0x00, 0x04,
 0xf9, 0x0b, 0x00, 0x00, 0x49, 0xfa, 0x0b, 0x00,
 0x00, 0x04, 0xfb, 0x0b, 0x00, 0x00, 0x49, 0xfc,
 0x0b, 0x00, 0x00, 0x04, 0x73, 0x04, 0x00, 0x00,
 0x49, 0xfd, 0x0b, 0x00, 0x00, 0x04, 0xf9, 0x0b,
 0x00, 0x00, 0x49, 0xfe, 0x0b, 0x00, 0x00, 0x04,
 0xea, 0x0b, 0x00, 0x00, 0x49, 0xff, 0x0b, 0x00,
 0x00, 0x04, 0x73, 0x04, 0x00, 0x00, 0x49, 0x00,
 0x0c, 0x00, 0x00, 0x04, 0xf7, 0x0b, 0x00, 0x00,
 0x49, 0x01, 0x0c, 0x00, 0x00, 0x04, 0x79, 0x04,
 0x00, 0x00, 0x49, 0x02, 0x0c, 0x00, 0x00, 0x04,
 0x79, 0x04, 0x00, 0x00, 0x49, 0x03, 0x0c, 0x00,
 0x00, 0x04, 0x71, 0x04, 0x00, 0x00, 0x49, 0x04,
 0x0c, 0x00, 0x00, 0x04, 0x7b, 0x04, 0x00, 0x00,
 0x49, 0x05, 0x0c, 0x00, 0x00, 0x04, 0x71, 0x04,
 0x00, 0x00, 0x49, 0x06, 0x0c, 0x00, 0x00, 0x04,
 0x6b, 0x04, 0x00, 0x00, 0x49, 0x07, 0x0c, 0x00,
 0x00, 0x04, 0x6f, 0x04, 0x00, 0x00, 0x49, 0x08,
 0x0c, 0x00, 0x00, 0x04, 0xaf, 0x04, 0x00, 0x00,
 0x49, 0x09, 0x0c, 0x00, 0x00, 0x04, 0x0a, 0x0c,
 0x00, 0x00, 0x49, 0x0b, 0x0c, 0x00, 0x00, 0x04,
 0x0c, 0x0c, 0x00, 0x00, 0x49, 0x0d, 0x0c, 0x00,
 0x00, 0x04, 0x51, 0x04, 0x00, 0x00, 0x49, 0x0e,
 0x0c, 0x00, 0x00, 0x04, 0x0f, 0x0c, 0x00, 0x00,
 0x49, 0x10, 0x0c, 0x00, 0x00, 0x04, 0x11, 0x0c,
 0x00, 0x00, 0x49, 0x12, 0x0c, 0x00, 0x00, 0x04,
 0x51, 0x04, 0x00, 0x00, 0x49, 0x13, 0x0c, 0x00,
 0x00, 0x04, 0x14, 0x0c, 0x00, 0x00, 0x49, 0x15,
 0x0c, 0x00, 0x00, 0x04, 0x16, 0x0c, 0x00, 0x00,
 0x49, 0x17, 0x0c, 0x00, 0x00, 0x04, 0x87, 0x04,
 0x00, 0x00, 0x49, 0x18, 0x0c, 0x00, 0x00, 0x04,
 0x87, 0x04, 0x00, 0x00, 0x49, 0x19, 0x0c, 0x00,
 0x00, 0x04, 0x1a, 0x0c, 0x00, 0x00, 0x49, 0x1b,
 0x0c, 0x00, 0x00, 0x04, 0x1c, 0x0c, 0x00, 0x00,
 0x49, 0x1d, 0x0c, 0x00, 0x00, 0x04, 0x4f, 0x04,
 0x00, 0x00, 0x49, 0x1e, 0x0c, 0x00, 0x00, 0x04,
 0x4f, 0x04, 0x00, 0x00, 0x49, 0x1f, 0x0c, 0x00,
 0x00, 0x04, 0x20, 0x0c, 0x00, 0x00, 0x49, 0x21,
 0x0c, 0x00, 0x00, 0x04, 0x22, 0x0c, 0x00, 0x00,
 0x49, 0x23, 0x0c, 0x00, 0x00, 0x04, 0x24, 0x0c,
 0x00, 0x00, 0x49, 0x25, 0x0c, 0x00, 0x00, 0x04,
 0x81, 0x04, 0x00, 0x00, 0x49, 0x26, 0x0c, 0x00,
 0x00, 0x04, 0x85, 0x04, 0x00, 0x00, 0x49, 0x27,
 0x0c, 0x00, 0x00, 0x04, 0x83, 0x04, 0x00, 0x00,
 0x49, 0x28, 0x0c, 0x00, 0x00, 0x04, 0x81, 0x04,
 0x00, 0x00, 0x49, 0x29, 0x0c, 0x00, 0x00, 0x04,
 0x83, 0x04, 0x00, 0x00, 0x49, 0x2a, 0x0c, 0x00,
 0x00, 0x04, 0xa6, 0x0b, 0x00, 0x00, 0x49, 0x2b,
 0x0c, 0x00, 0x00, 0x04, 0x2c, 0x0c, 0x00, 0x00,
 0x49, 0x2d, 0x0c, 0x00, 0x00, 0x04, 0x2e, 0x0c,
 0x00, 0x00, 0x49, 0x2f, 0x0c, 0x00, 0x00, 0x04,
 0x30, 0x0c, 0x00, 0x00, 0x49, 0x31, 0x0c, 0x00,
 0x00, 0x04, 0x2c, 0x0c, 0x00, 0x00, 0x49, 0x32,
 0x0c, 0x00, 0x00, 0x04, 0x89, 0x04, 0x00, 0x00,
 0x49, 0x33, 0x0c, 0x00, 0x00, 0x04, 0x8d, 0x04,
 0x00, 0x00, 0x49, 0x34, 0x0c, 0x00, 0x00, 0x04,
 0x9b, 0x04, 0x00, 0x00, 0x49, 0x35, 0x0c, 0x00,
 0x00, 0x04, 0x9f, 0x04, 0x00, 0x00, 0x49, 0x36,
 0x0c, 0x00, 0x00, 0x04, 0x9d, 0x04, 0x00, 0x00,
 0x49, 0x37, 0x0c, 0x00, 0x00, 0x04, 0x38, 0x0c,
 0x00, 0x00, 0x49, 0x39, 0x0c, 0x00, 0x00, 0x04,
 0xaf, 0x04, 0x00, 0x00, 0x49, 0x3a, 0x0c, 0x00,
 0x00, 0x04, 0x4f, 0x04, 0x00, 0x00, 0x49, 0x3b,
 0x0c, 0x00, 0x00, 0x04, 0xa7, 0x04, 0x00, 0x00,
 0x49, 0x3c, 0x0c, 0x00, 0x00, 0x04, 0xa9, 0x04,
 0x00, 0x00, 0x49, 0x3d, 0x0c, 0x00, 0x00, 0x04,
 0xa9, 0x04, 0x00, 0x00, 0x49, 0x3e, 0x0c, 0x00,
 0x00, 0x04, 0xaf, 0x04, 0x00, 0x00, 0x49, 0x3f,
 0x0c, 0x00, 0x00, 0x04, 0x4f, 0x04, 0x00, 0x00,
 0x49, 0x40, 0x0c, 0x00, 0x00, 0x04, 0x91, 0x04,
 0x00, 0x00, 0x49, 0x41, 0x0c, 0x00, 0x00, 0x04,
 0x95, 0x04, 0x00, 0x00, 0x49, 0x42, 0x0c, 0x00,
 0x00, 0x04, 0x43, 0x0c, 0x00, 0x00, 0x49, 0x44,
 0x0c, 0x00, 0x00, 0x04, 0x45, 0x0c, 0x00, 0x00,
 0x49, 0x46, 0x0c, 0x00, 0x00, 0x04, 0x99, 0x04,
 0x00, 0x00, 0x49, 0x47, 0x0c, 0x00, 0x00, 0x04,
 0x97, 0x04, 0x00, 0x00, 0x49, 0x48, 0x0c, 0x00,
 0x00, 0x04, 0x99, 0x04, 0x00, 0x00, 0x49, 0x49,
 0x0c, 0x00, 0x00, 0x04, 0x45, 0x0c, 0x00, 0x00,
 0x49, 0x4a, 0x0c, 0x00, 0x00, 0x04, 0x9b, 0x04,
 0x00, 0x00, 0x49, 0x4b, 0x0c, 0x00, 0x00, 0x04,
 0x9d, 0x04, 0x00, 0x00, 0x49, 0x4c, 0x0c, 0x00,
 0x00, 0x04, 0x4d, 0x0c, 0x00, 0x00, 0x49, 0x4e,
 0x0c, 0x00, 0x00, 0x04, 0x4f, 0x0c, 0x00, 0x00,
 0x49, 0x50, 0x0c, 0x00, 0x00, 0x04, 0xa5, 0x04,
 0x00, 0x00, 0x49, 0x51, 0x0c, 0x00, 0x00, 0x04,
 0xa3, 0x04, 0x00, 0x00, 0x49, 0x52, 0x0c, 0x00,
 0x00, 0x04, 0xa5, 0x04, 0x00, 0x00, 0x49, 0x53,
 0x0c, 0x00, 0x00, 0x04, 0x4f, 0x0c, 0x00, 0x00,
 0x49, 0x54, 0x0c, 0x00, 0x00, 0x04, 0x61, 0x04,
 0x00, 0x00, 0x49, 0x55, 0x0c, 0x00, 0x00, 0x04,
 0x56, 0x0c, 0x00, 0x00, 0x49, 0x57, 0x0c, 0x00,
 0x00, 0x04, 0x75, 0x04, 0x00, 0x00, 0x49, 0x58,
 0x0c, 0x00, 0x00, 0x04, 0x6b, 0x04, 0x00, 0x00,
 0x49, 0x59, 0x0c, 0x00, 0x00, 0x04, 0x6f, 0x04,
 0x00, 0x00, 0x49, 0x5a, 0x0c, 0x00, 0x00, 0x04,
 0x89, 0x04, 0x00, 0x00, 0x49, 0x5b, 0x0c, 0x00,
 0x00, 0x04, 0x8d, 0x04, 0x00, 0x00, 0x49, 0x5c,
 0x0c, 0x00, 0x00, 0x04, 0x5d, 0x0c, 0x00, 0x00,
 0x49, 0x5e, 0x0c, 0x00, 0x00, 0x04, 0xef, 0x01,
 0x00, 0x00, 0x49, 0x5f, 0x0c, 0x00, 0x00, 0x04,
 0x60, 0x0c, 0x00, 0x00, 0x49, 0x61, 0x0c, 0x00,
 0x00, 0x04, 0x62, 0x0c, 0x00, 0x00, 0x49, 0x63,
 0x0c, 0x00, 0x00, 0x04, 0x64, 0x0c, 0x00, 0x00,
 0x49, 0x65, 0x0c, 0x00, 0x00, 0x04, 0x66, 0x0c,
 0x00, 0x00, 0x49, 0x67, 0x0c, 0x00, 0x00, 0x04,
 0x68, 0x0c, 0x00, 0x00, 0x49, 0x69, 0x0c, 0x00,
 0x00, 0x04, 0x6a, 0x0c, 0x00, 0x00, 0x49, 0x6b,
 0x0c, 0x00, 0x00, 0x04, 0x6c, 0x0c, 0x00, 0x00,
 0x49, 0x6d, 0x0c, 0x00, 0x00, 0x04, 0x6e, 0x0c,
 0x00, 0x00, 0x49, 0x6f, 0x0c, 0x00, 0x00, 0x04,
 0x70, 0x0c, 0x00, 0x00, 0x49, 0x71, 0x0c, 0x00,
 0x00, 0x04, 0x72, 0x0c, 0x00, 0x00, 0x49, 0x73,
 0x0c, 0x00, 0x00, 0x04, 0x74, 0x0c, 0x00, 0x00,
 0x49, 0x75, 0x0c, 0x00, 0x00, 0x04, 0x76, 0x0c,
 0x00, 0x00, 0x49, 0x77, 0x0c, 0x00, 0x00, 0x04,
 0x78, 0x0c, 0x00, 0x00, 0x49, 0x79, 0x0c, 0x00,
 0x00, 0x04, 0x7a, 0x0c, 0x00, 0x00, 0x49, 0x7b,
 0x0c, 0x00, 0x00, 0x04, 0x7c, 0x0c, 0x00, 0x00,
 0x49, 0x7d, 0x0c, 0x00, 0x00, 0x04, 0x7e, 0x0c,
 0x00, 0x00, 0x49, 0x7f, 0x0c, 0x00, 0x00, 0x04,
 0x80, 0x0c, 0x00, 0x00, 0x49, 0x81, 0x0c, 0x00,
 0x00, 0x04, 0x82, 0x0c, 0x00, 0x00, 0x49, 0x83,
 0x0c, 0x00, 0x00, 0x04, 0x11, 0x06, 0x00, 0x00,
 0x49, 0x84, 0x0c, 0x00, 0x00, 0x04, 0x11, 0x06,
 0x00, 0x00, 0x49, 0x85, 0x0c, 0x00, 0x00, 0x04,
 0x86, 0x0c, 0x00, 0x00, 0x49, 0x87, 0x0c, 0x00,
 0x00, 0x04, 0xf0, 0x07, 0x00, 0x00, 0x49, 0x88,
 0x0c, 0x00, 0x00, 0x04, 0x89, 0x0c, 0x00, 0x00,
 0x49, 0x8a, 0x0c, 0x00, 0x00, 0x04, 0xf2, 0x07,
 0x00, 0x00, 0x49, 0x8b, 0x0c, 0x00, 0x00, 0x04,
 0xf4, 0x07, 0x00, 0x00, 0x49, 0x8c, 0x0c, 0x00,
 0x00, 0x04, 0x8d, 0x0c, 0x00, 0x00, 0x49, 0x8e,
 0x0c, 0x00, 0x00, 0x04, 0x8f, 0x0c, 0x00, 0x00,
 0x49, 0x90, 0x0c, 0x00, 0x00, 0x04, 0xf6, 0x07,
 0x00, 0x00, 0x49, 0x91, 0x0c, 0x00, 0x00, 0x04,
 0x92, 0x0c, 0x00, 0x00, 0x49, 0x93, 0x0c, 0x00,
 0x00, 0x04, 0x94, 0x0c, 0x00, 0x00, 0x49, 0x95,
 0x0c, 0x00, 0x00, 0x04, 0x55, 0x02, 0x00, 0x00,
 0x49, 0x96, 0x0c, 0x00, 0x00, 0x04, 0x97, 0x0c,
 0x00, 0x00, 0x49, 0x98, 0x0c, 0x00, 0x00, 0x04,
 0x99, 0x0c, 0x00, 0x00, 0x49, 0x9a, 0x0c, 0x00,
 0x00, 0x04, 0x9b, 0x0c, 0x00, 0x00, 0x49, 0x9c,
 0x0c, 0x00, 0x00, 0x04, 0x9d, 0x0c, 0x00, 0x00,
 0x49, 0x9e, 0x0c, 0x00, 0x00, 0x04, 0x9f, 0x0c,
 0x00, 0x00, 0x49, 0xa0, 0x0c, 0x00, 0x00, 0x04,
 0xa1, 0x0c, 0x00, 0x00, 0x49, 0xa2, 0x0c, 0x00,
 0x00, 0x04, 0xa3, 0x0c, 0x00, 0x00, 0x49, 0xa4,
 0x0c, 0x00, 0x00, 0x04, 0xa5, 0x0c, 0x00, 0x00,
 0x49, 0xa6, 0x0c, 0x00, 0x00, 0x04, 0xc7, 0x04,
 0x00, 0x00, 0x49, 0xa7, 0x0c, 0x00, 0x00, 0x04,
 0x6b, 0x02, 0x00, 0x00, 0x49, 0xa8, 0x0c, 0x00,
 0x00, 0x04, 0xeb, 0x07, 0x00, 0x00, 0x49, 0xa9,
 0x0c, 0x00, 0x00, 0x04, 0xaa, 0x0c, 0x00, 0x00,
 0x49, 0xab, 0x0c, 0x00, 0x00, 0x04, 0xac, 0x0c,
 0x00, 0x00, 0x49, 0xad, 0x0c, 0x00, 0x00, 0x04,
 0xdd, 0x04, 0x00, 0x00, 0x49, 0xae, 0x0c, 0x00,
 0x00, 0x04, 0xaf, 0x0c, 0x00, 0x00, 0x49, 0xb0,
 0x0c, 0x00, 0x00, 0x04, 0xb1, 0x0c, 0x00, 0x00,
 0x49, 0xb2, 0x0c, 0x00, 0x00, 0x04, 0xb3, 0x0c,
 0x00, 0x00, 0x49, 0xb4, 0x0c, 0x00, 0x00, 0x04,
 0xb5, 0x0c, 0x00, 0x00, 0x49, 0xb6, 0x0c, 0x00,
 0x00, 0x04, 0xb7, 0x0c, 0x00, 0x00, 0x49, 0xb8,
 0x0c, 0x00, 0x00, 0x04, 0x57, 0x02, 0x00, 0x00,
 0x49, 0xb9, 0x0c, 0x00, 0x00, 0x04, 0xba, 0x0c,
 0x00, 0x00, 0x49, 0xbb, 0x0c, 0x00, 0x00, 0x04,
 0xbc, 0x0c, 0x00, 0x00, 0x49, 0xbd, 0x0c, 0x00,
 0x00, 0x04, 0xbe, 0x0c, 0x00, 0x00, 0x49, 0xbf,
 0x0c, 0x00, 0x00, 0x04, 0x59, 0x02, 0x00, 0x00,
 0x49, 0xc0, 0x0c, 0x00, 0x00, 0x04, 0xc1, 0x0c,
 0x00, 0x00, 0x49, 0xc2, 0x0c, 0x00, 0x00, 0x04,
 0xed, 0x07, 0x00, 0x00, 0x49, 0xc3, 0x0c, 0x00,
 0x00, 0x04, 0xc4, 0x0c, 0x00, 0x00, 0x49, 0xc5,
 0x0c, 0x00, 0x00, 0x04, 0xc6, 0x0c, 0x00, 0x00,
 0x49, 0xc7, 0x0c, 0x00, 0x00, 0x04, 0xc6, 0x0c,
 0x00, 0x00, 0x49, 0xc8, 0x0c, 0x00, 0x00, 0x04,
 0xc9, 0x0c, 0x00, 0x00, 0x49, 0xca, 0x0c, 0x00,
 0x00, 0x04, 0xcb, 0x0c, 0x00, 0x00, 0x49, 0xcc,
 0x0c, 0x00, 0x00, 0x04, 0xcd, 0x0c, 0x00, 0x00,
 0x49, 0xce, 0x0c, 0x00, 0x00, 0x04, 0xcf, 0x0c,
 0x00, 0x00, 0x49, 0xd0, 0x0c, 0x00, 0x00, 0x04,
 0xd1, 0x0c, 0x00, 0x00, 0x49, 0xd2, 0x0c, 0x00,
 0x00, 0x04, 0xd3, 0x0c, 0x00, 0x00, 0x49, 0xd4,
 0x0c, 0x00, 0x00, 0x04, 0xc6, 0x0c, 0x00, 0x00,
 0x49, 0xd5, 0x0c, 0x00, 0x00, 0x04, 0xd6, 0x0c,
 0x00, 0x00, 0x49, 0xd7, 0x0c, 0x00, 0x00, 0x04,
 0xd8, 0x0c, 0x00, 0x00, 0x49, 0xd9, 0x0c, 0x00,
 0x00, 0x04, 0xda, 0x0c, 0x00, 0x00, 0x49, 0xdb,
 0x0c, 0x00, 0x00, 0x04, 0x5b, 0x02, 0x00, 0x00,
 0x49, 0xdc, 0x0c, 0x00, 0x00, 0x04, 0xdd, 0x0c,
 0x00, 0x00, 0x49, 0xde, 0x0c, 0x00, 0x00, 0x04,
 0xdf, 0x0c, 0x00, 0x00, 0x49, 0xe0, 0x0c, 0x00,
 0x00, 0x04, 0xe1, 0x0c, 0x00, 0x00, 0x49, 0xe2,
 0x0c, 0x00, 0x00, 0x04, 0xc1, 0x02, 0x00, 0x00,
 0x49, 0xe3, 0x0c, 0x00, 0x00, 0x04, 0xe4, 0x0c,
 0x00, 0x00, 0x49, 0xe5, 0x0c, 0x00, 0x00, 0x04,
 0xc1, 0x02, 0x00, 0x00, 0x49, 0xe6, 0x0c, 0x00,
 0x00, 0x04, 0xe7, 0x0c, 0x00, 0x00, 0x49, 0xe8,
 0x0c, 0x00, 0x00, 0x04, 0xe9, 0x0c, 0x00, 0x00,
 0x49, 0xea, 0x0c, 0x00, 0x00, 0x04, 0xe5, 0x04,
 0x00, 0x00, 0x49, 0xeb, 0x0c, 0x00, 0x00, 0x04,
 0xec, 0x0c, 0x00, 0x00, 0x49, 0xed, 0x0c, 0x00,
 0x00, 0x04, 0xd8, 0x01, 0x00, 0x00, 0x49, 0xee,
 0x0c, 0x00, 0x00, 0x04, 0xb6, 0x01, 0x00, 0x00,
 0x49, 0xef, 0x0c, 0x00, 0x00, 0x04, 0xf0, 0x0c,
 0x00, 0x00, 0x49, 0xf1, 0x0c, 0x00, 0x00, 0x04,
 0x0b, 0x06, 0x00, 0x00, 0x49, 0xf2, 0x0c, 0x00,
 0x00, 0x04, 0xf3, 0x0c, 0x00, 0x00, 0x49, 0xf4,
 0x0c, 0x00, 0x00, 0x04, 0xf5, 0x0c, 0x00, 0x00,
 0x49, 0xf6, 0x0c, 0x00, 0x00, 0x04, 0xf7, 0x0c,
 0x00, 0x00, 0x49, 0xf8, 0x0c, 0x00, 0x00, 0x04,
 0xf9, 0x0c, 0x00, 0x00, 0x49, 0xfa, 0x0c, 0x00,
 0x00, 0x04, 0x23, 0x04, 0x00, 0x00, 0x49, 0xfb,
 0x0c, 0x00, 0x00, 0x04, 0xfc, 0x0c, 0x00, 0x00,
 0x49, 0xfd, 0x0c, 0x00, 0x00, 0x04, 0xfe, 0x0c,
 0x00, 0x00, 0x49, 0xff, 0x0c, 0x00, 0x00, 0x04,
 0x41, 0x09, 0x00, 0x00, 0x49, 0x00, 0x0d, 0x00,
 0x00, 0x04, 0x01, 0x0d, 0x00, 0x00, 0x49, 0x02,
 0x0d, 0x00, 0x00, 0x04, 0xd4, 0x09, 0x00, 0x00,
 0x49, 0x03, 0x0d, 0x00, 0x00, 0x04, 0x04, 0x0d,
 0x00, 0x00, 0x49, 0x05, 0x0d, 0x00, 0x00, 0x04,
 0xd4, 0x09, 0x00, 0x00, 0x49, 0x06, 0x0d, 0x00,
 0x00, 0x04, 0xd6, 0x01, 0x00, 0x00, 0x49, 0x07,
 0x0d, 0x00, 0x00, 0x04, 0x08, 0x0d, 0x00, 0x00,
 0x49, 0x09, 0x0d, 0x00, 0x00, 0x04, 0x81, 0x07,
 0x00, 0x00, 0x49, 0x0a, 0x0d, 0x00, 0x00, 0x04,
 0x0b, 0x0d, 0x00, 0x00, 0x49, 0x0c, 0x0d, 0x00,
 0x00, 0x04, 0x99, 0x08, 0x00, 0x00, 0x49, 0x0d,
 0x0d, 0x00, 0x00, 0x04, 0x0e, 0x0d, 0x00, 0x00,
 0x49, 0x0f, 0x0d, 0x00, 0x00, 0x04, 0x10, 0x0d,
 0x00, 0x00, 0x49, 0x11, 0x0d, 0x00, 0x00, 0x04,
 0xef, 0x04, 0x00, 0x00, 0x49, 0x12, 0x0d, 0x00,
 0x00, 0x04, 0x13, 0x0d, 0x00, 0x00, 0x49, 0x14,
 0x0d, 0x00, 0x00, 0x04, 0x15, 0x0d, 0x00, 0x00,
 0x49, 0x16, 0x0d, 0x00, 0x00, 0x04, 0xef, 0x04,
 0x00, 0x00, 0x49, 0x17, 0x0d, 0x00, 0x00, 0x04,
 0x18, 0x0d, 0x00, 0x00, 0x49, 0x19, 0x0d, 0x00,
 0x00, 0x04, 0x1a, 0x0d, 0x00, 0x00, 0x49, 0x1b,
 0x0d, 0x00, 0x00, 0x04, 0x1c, 0x0d, 0x00, 0x00,
 0x49, 0x1d, 0x0d, 0x00, 0x00, 0x04, 0xf6, 0x04,
 0x00, 0x00, 0x49, 0x1e, 0x0d, 0x00, 0x00, 0x04,
 0x1f, 0x0d, 0x00, 0x00, 0x49, 0x20, 0x0d, 0x00,
 0x00, 0x04, 0x21, 0x0d, 0x00, 0x00, 0x49, 0x22,
 0x0d, 0x00, 0x00, 0x04, 0xfa, 0x04, 0x00, 0x00,
 0x49, 0x23, 0x0d, 0x00, 0x00, 0x04, 0xf8, 0x04,
 0x00, 0x00, 0x49, 0x24, 0x0d, 0x00, 0x00, 0x04,
 0xf6, 0x04, 0x00, 0x00, 0x49, 0x25, 0x0d, 0x00,
 0x00, 0x04, 0x21, 0x0d, 0x00, 0x00, 0x49, 0x26,
 0x0d, 0x00, 0x00, 0x04, 0xfa, 0x04, 0x00, 0x00,
 0x49, 0x27, 0x0d, 0x00, 0x00, 0x04, 0xf8, 0x04,
 0x00, 0x00, 0x49, 0x28, 0x0d, 0x00, 0x00, 0x04,
 0x29, 0x0d, 0x00, 0x00, 0x49, 0x2a, 0x0d, 0x00,
 0x00, 0x04, 0x2b, 0x0d, 0x00, 0x00, 0x49, 0x2c,
 0x0d, 0x00, 0x00, 0x04, 0x2d, 0x0d, 0x00, 0x00,
 0x49, 0x2e, 0x0d, 0x00, 0x00, 0x04, 0xfc, 0x04,
 0x00, 0x00, 0x49, 0x2f, 0x0d, 0x00, 0x00, 0x04,
 0x30, 0x0d, 0x00, 0x00, 0x49, 0x31, 0x0d, 0x00,
 0x00, 0x04, 0xf2, 0x04, 0x00, 0x00, 0x49, 0x32,
 0x0d, 0x00, 0x00, 0x04, 0x2b, 0x0d, 0x00, 0x00,
 0x49, 0x33, 0x0d, 0x00, 0x00, 0x04, 0x29, 0x0d,
 0x00, 0x00, 0x49, 0x34, 0x0d, 0x00, 0x00, 0x04,
 0x2d, 0x0d, 0x00, 0x00, 0x49, 0x35, 0x0d, 0x00,
 0x00, 0x04, 0x00, 0x05, 0x00, 0x00, 0x49, 0x36,
 0x0d, 0x00, 0x00, 0x04, 0x37, 0x0d, 0x00, 0x00,
 0x49, 0x38, 0x0d, 0x00, 0x00, 0x04, 0x39, 0x0d,
 0x00, 0x00, 0x49, 0x3a, 0x0d, 0x00, 0x00, 0x04,
 0x3b, 0x0d, 0x00, 0x00, 0x49, 0x3c, 0x0d, 0x00,
 0x00, 0x04, 0x03, 0x05, 0x00, 0x00, 0x49, 0x3d,
 0x0d, 0x00, 0x00, 0x04, 0x03, 0x05, 0x00, 0x00,
 0x49, 0x3e, 0x0d, 0x00, 0x00, 0x04, 0xfc, 0x04,
 0x00, 0x00, 0x49, 0x3f, 0x0d, 0x00, 0x00, 0x04,
 0x40, 0x0d, 0x00, 0x00, 0x49, 0x41, 0x0d, 0x00,
 0x00, 0x04, 0x42, 0x0d, 0x00, 0x00, 0x49, 0x43,
 0x0d, 0x00, 0x00, 0x04, 0x44, 0x0d, 0x00, 0x00,
 0x49, 0x45, 0x0d, 0x00, 0x00, 0x04, 0x46, 0x0d,
 0x00, 0x00, 0x49, 0x47, 0x0d, 0x00, 0x00, 0x04,
 0x48, 0x0d, 0x00, 0x00, 0x49, 0x49, 0x0d, 0x00,
 0x00, 0x04, 0x0a, 0x0a, 0x00, 0x00, 0x49, 0x4a,
 0x0d, 0x00, 0x00, 0x04, 0x4b, 0x0d, 0x00, 0x00,
 0x49, 0x4c, 0x0d, 0x00, 0x00, 0x04, 0x4d, 0x0d,
 0x00, 0x00, 0x49, 0x4e, 0x0d, 0x00, 0x00, 0x04,
 0x4f, 0x0d, 0x00, 0x00, 0x49, 0x50, 0x0d, 0x00,
 0x00, 0x04, 0x57, 0x03, 0x00, 0x00, 0x49, 0x51,
 0x0d, 0x00, 0x00, 0x04, 0x52, 0x0d, 0x00, 0x00,
 0x49, 0x53, 0x0d, 0x00, 0x00, 0x04, 0xbf, 0x01,
 0x00, 0x00, 0x49, 0x54, 0x0d, 0x00, 0x00, 0x04,
 0x0a, 0x09, 0x00, 0x00, 0x49, 0x55, 0x0d, 0x00,
 0x00, 0x04, 0xc1, 0x01, 0x00, 0x00, 0x49, 0x56,
 0x0d, 0x00, 0x00, 0x04, 0x5e, 0x05, 0x00, 0x00,
 0x49, 0x57, 0x0d, 0x00, 0x00, 0x04, 0xb9, 0x02,
 0x00, 0x00, 0x49, 0x58, 0x0d, 0x00, 0x00, 0x04,
 0x59, 0x0d, 0x00, 0x00, 0x49, 0x5a, 0x0d, 0x00,
 0x00, 0x04, 0x60, 0x08, 0x00, 0x00, 0x49, 0x5b,
 0x0d, 0x00, 0x00, 0x04, 0x5c, 0x0d, 0x00, 0x00,
 0x49, 0x5d, 0x0d, 0x00, 0x00, 0x04, 0x5e, 0x0d,
 0x00, 0x00, 0x49, 0x5f, 0x0d, 0x00, 0x00, 0x04,
 0x60, 0x0d, 0x00, 0x00, 0x49, 0x61, 0x0d, 0x00,
 0x00, 0x04, 0x85, 0x05, 0x00, 0x00, 0x49, 0x62,
 0x0d, 0x00, 0x00, 0x04, 0x63, 0x0d, 0x00, 0x00,
 0x49, 0x64, 0x0d, 0x00, 0x00, 0x04, 0x2d, 0x05,
 0x00, 0x00, 0x49, 0x65, 0x0d, 0x00, 0x00, 0x04,
 0x66, 0x0d, 0x00, 0x00, 0x49, 0x67, 0x0d, 0x00,
 0x00, 0x04, 0x68, 0x0d, 0x00, 0x00, 0x49, 0x69,
 0x0d, 0x00, 0x00, 0x04, 0x2d, 0x05, 0x00, 0x00,
 0x49, 0x6a, 0x0d, 0x00, 0x00, 0x04, 0x6b, 0x0d,
 0x00, 0x00, 0x49, 0x6c, 0x0d, 0x00, 0x00, 0x04,
 0x2f, 0x05, 0x00, 0x00, 0x49, 0x6d, 0x0d, 0x00,
 0x00, 0x04, 0x6e, 0x0d, 0x00, 0x00, 0x49, 0x6f,
 0x0d, 0x00, 0x00, 0x04, 0x31, 0x05, 0x00, 0x00,
 0x49, 0x70, 0x0d, 0x00, 0x00, 0x04, 0x71, 0x0d,
 0x00, 0x00, 0x49, 0x72, 0x0d, 0x00, 0x00, 0x04,
 0x73, 0x0d, 0x00, 0x00, 0x49, 0x74, 0x0d, 0x00,
 0x00, 0x04, 0x75, 0x0d, 0x00, 0x00, 0x49, 0x76,
 0x0d, 0x00, 0x00, 0x04, 0xeb, 0x09, 0x00, 0x00,
 0x49, 0x77, 0x0d, 0x00, 0x00, 0x04, 0x18, 0x0b,
 0x00, 0x00, 0x49, 0x78, 0x0d, 0x00, 0x00, 0x04,
 0x79, 0x0d, 0x00, 0x00, 0x49, 0x7a, 0x0d, 0x00,
 0x00, 0x04, 0x7b, 0x0d, 0x00, 0x00, 0x49, 0x7c,
 0x0d, 0x00, 0x00, 0x04, 0x7d, 0x0d, 0x00, 0x00,
 0x49, 0x7e, 0x0d, 0x00, 0x00, 0x04, 0x7f, 0x0d,
 0x00, 0x00, 0x49, 0x80, 0x0d, 0x00, 0x00, 0x04,
 0x81, 0x0d, 0x00, 0x00, 0x49, 0x82, 0x0d, 0x00,
 0x00, 0x04, 0x83, 0x0d, 0x00, 0x00, 0x49, 0x84,
 0x0d, 0x00, 0x00, 0x04, 0x0c, 0x05, 0x00, 0x00,
 0x49, 0x85, 0x0d, 0x00, 0x00, 0x04, 0x21, 0x07,
 0x00, 0x00, 0x49, 0x86, 0x0d, 0x00, 0x00, 0x04,
 0x87, 0x0d, 0x00, 0x00, 0x49, 0x88, 0x0d, 0x00,
 0x00, 0x04, 0xb8, 0x01, 0x00, 0x00, 0x49, 0x89,
 0x0d, 0x00, 0x00, 0x04, 0xbd, 0x01, 0x00, 0x00,
 0x49, 0x8a, 0x0d, 0x00, 0x00, 0x04, 0x8b, 0x0d,
 0x00, 0x00, 0x49, 0x8c, 0x0d, 0x00, 0x00, 0x04,
 0x8d, 0x0d, 0x00, 0x00, 0x49, 0x8e, 0x0d, 0x00,
 0x00, 0x04, 0x8f, 0x0d, 0x00, 0x00, 0x49, 0x90,
 0x0d, 0x00, 0x00, 0x04, 0x91, 0x0d, 0x00, 0x00,
 0x49, 0x92, 0x0d, 0x00, 0x00, 0x04, 0x93, 0x0d,
 0x00, 0x00, 0x49, 0x94, 0x0d, 0x00, 0x00, 0x04,
 0x35, 0x05, 0x00, 0x00, 0x49, 0x95, 0x0d, 0x00,
 0x00, 0x04, 0xb8, 0x01, 0x00, 0x00, 0x49, 0x96,
 0x0d, 0x00, 0x00, 0x04, 0x97, 0x0d, 0x00, 0x00,
 0x49, 0x98, 0x0d, 0x00, 0x00, 0x04, 0x99, 0x0d,
 0x00, 0x00, 0x49, 0x9a, 0x0d, 0x00, 0x00, 0x04,
 0x9b, 0x0d, 0x00, 0x00, 0x49, 0x9c, 0x0d, 0x00,
 0x00, 0x04, 0x5f, 0x02, 0x00, 0x00, 0x49, 0x9d,
 0x0d, 0x00, 0x00, 0x04, 0x5f, 0x02, 0x00, 0x00,
 0x49, 0x9e, 0x0d, 0x00, 0x00, 0x04, 0x9f, 0x0d,
 0x00, 0x00, 0x49, 0xa0, 0x0d, 0x00, 0x00, 0x04,
 0x22, 0x05, 0x00, 0x00, 0x49, 0xa1, 0x0d, 0x00,
 0x00, 0x04, 0x60, 0x05, 0x00, 0x00, 0x49, 0xa2,
 0x0d, 0x00, 0x00, 0x04, 0x22, 0x05, 0x00, 0x00,
 0x49, 0xa3, 0x0d, 0x00, 0x00, 0x04, 0x5a, 0x05,
 0x00, 0x00, 0x49, 0xa4, 0x0d, 0x00, 0x00, 0x04,
 0xa5, 0x0d, 0x00, 0x00, 0x49, 0xa6, 0x0d, 0x00,
 0x00, 0x04, 0x12, 0x05, 0x00, 0x00, 0x49, 0xa7,
 0x0d, 0x00, 0x00, 0x04, 0xa8, 0x0d, 0x00, 0x00,
 0x49, 0xa9, 0x0d, 0x00, 0x00, 0x04, 0x3f, 0x05,
 0x00, 0x00, 0x49, 0xaa, 0x0d, 0x00, 0x00, 0x04,
 0xab, 0x0d, 0x00, 0x00, 0x49, 0xac, 0x0d, 0x00,
 0x00, 0x04, 0xd5, 0x02, 0x00, 0x00, 0x49, 0xad,
 0x0d, 0x00, 0x00, 0x04, 0x55, 0x05, 0x00, 0x00,
 0x49, 0xae, 0x0d, 0x00, 0x00, 0x04, 0xaf, 0x0d,
 0x00, 0x00, 0x49, 0xb0, 0x0d, 0x00, 0x00, 0x04,
 0xb1, 0x0d, 0x00, 0x00, 0x49, 0xb2, 0x0d, 0x00,
 0x00, 0x04, 0xb3, 0x0d, 0x00, 0x00, 0x49, 0xb4,
 0x0d, 0x00, 0x00, 0x04, 0x2f, 0x05, 0x00, 0x00,
 0x49, 0xb5, 0x0d, 0x00, 0x00, 0x04, 0x7d, 0x0d,
 0x00, 0x00, 0x49, 0xb6, 0x0d, 0x00, 0x00, 0x04,
 0xd5, 0x02, 0x00, 0x00, 0x49, 0xb7, 0x0d, 0x00,
 0x00, 0x04, 0x55, 0x05, 0x00, 0x00, 0x49, 0xb8,
 0x0d, 0x00, 0x00, 0x04, 0x33, 0x05, 0x00, 0x00,
 0x49, 0xb9, 0x0d, 0x00, 0x00, 0x04, 0x06, 0x03,
 0x00, 0x00, 0x49, 0xba, 0x0d, 0x00, 0x00, 0x04,
 0xbb, 0x0d, 0x00, 0x00, 0x49, 0xbc, 0x0d, 0x00,
 0x00, 0x04, 0x7f, 0x0d, 0x00, 0x00, 0x49, 0xbd,
 0x0d, 0x00, 0x00, 0x04, 0xbe, 0x0d, 0x00, 0x00,
 0x49, 0xbf, 0x0d, 0x00, 0x00, 0x04, 0xc0, 0x0d,
 0x00, 0x00, 0x49, 0xc1, 0x0d, 0x00, 0x00, 0x04,
 0x11, 0x09, 0x00, 0x00, 0x49, 0xc2, 0x0d, 0x00,
 0x00, 0x04, 0x33, 0x05, 0x00, 0x00, 0x49, 0xc3,
 0x0d, 0x00, 0x00, 0x04, 0x06, 0x03, 0x00, 0x00,
 0x49, 0xc4, 0x0d, 0x00, 0x00, 0x04, 0xc5, 0x0d,
 0x00, 0x00, 0x49, 0xc6, 0x0d, 0x00, 0x00, 0x04,
 0xc7, 0x0d, 0x00, 0x00, 0x49, 0xc8, 0x0d, 0x00,
 0x00, 0x04, 0xc7, 0x0d, 0x00, 0x00, 0x49, 0xc9,
 0x0d, 0x00, 0x00, 0x04, 0xca, 0x0d, 0x00, 0x00,
 0x49, 0xcb, 0x0d, 0x00, 0x00, 0x04, 0xcc, 0x0d,
 0x00, 0x00, 0x49, 0xcd, 0x0d, 0x00, 0x00, 0x04,
 0xce, 0x0d, 0x00, 0x00, 0x49, 0xcf, 0x0d, 0x00,
 0x00, 0x04, 0x37, 0x05, 0x00, 0x00, 0x49, 0xd0,
 0x0d, 0x00, 0x00, 0x04, 0xd1, 0x0d, 0x00, 0x00,
 0x49, 0xd2, 0x0d, 0x00, 0x00, 0x04, 0xd3, 0x0d,
 0x00, 0x00, 0x49, 0xd4, 0x0d, 0x00, 0x00, 0x04,
 0xd5, 0x0d, 0x00, 0x00, 0x49, 0xd6, 0x0d, 0x00,
 0x00, 0x04, 0xd7, 0x0d, 0x00, 0x00, 0x49, 0xd8,
 0x0d, 0x00, 0x00, 0x04, 0xb9, 0x01, 0x00, 0x00,
 0x49, 0xd9, 0x0d, 0x00, 0x00, 0x04, 0xda, 0x0d,
 0x00, 0x00, 0x49, 0xdb, 0x0d, 0x00, 0x00, 0x04,
 0xdc, 0x0d, 0x00, 0x00, 0x49, 0xdd, 0x0d, 0x00,
 0x00, 0x04, 0xbb, 0x0d, 0x00, 0x00, 0x49, 0xde,
 0x0d, 0x00, 0x00, 0x04, 0xdf, 0x0d, 0x00, 0x00,
 0x49, 0xe0, 0x0d, 0x00, 0x00, 0x04, 0xe1, 0x0d,
 0x00, 0x00, 0x49, 0xe2, 0x0d, 0x00, 0x00, 0x04,
 0x62, 0x05, 0x00, 0x00, 0x49, 0xe3, 0x0d, 0x00,
 0x00, 0x04, 0xbd, 0x01, 0x00, 0x00, 0x49, 0xe4,
 0x0d, 0x00, 0x00, 0x04, 0x61, 0x02, 0x00, 0x00,
 0x49, 0xe5, 0x0d, 0x00, 0x00, 0x04, 0x61, 0x02,
 0x00, 0x00, 0x49, 0xe6, 0x0d, 0x00, 0x00, 0x04,
 0xbe, 0x0d, 0x00, 0x00, 0x49, 0xe7, 0x0d, 0x00,
 0x00, 0x04, 0xe8, 0x0d, 0x00, 0x00, 0x49, 0xe9,
 0x0d, 0x00, 0x00, 0x04, 0xea, 0x0d, 0x00, 0x00,
 0x49, 0xeb, 0x0d, 0x00, 0x00, 0x04, 0x4b, 0x05,
 0x00, 0x00, 0x49, 0xec, 0x0d, 0x00, 0x00, 0x04,
 0x2c, 0x07, 0x00, 0x00, 0x49, 0xed, 0x0d, 0x00,
 0x00, 0x04, 0xee, 0x0d, 0x00, 0x00, 0x49, 0xef,
 0x0d, 0x00, 0x00, 0x04, 0xf0, 0x0d, 0x00, 0x00,
 0x49, 0xf1, 0x0d, 0x00, 0x00, 0x04, 0xf2, 0x0d,
 0x00, 0x00, 0x49, 0xf3, 0x0d, 0x00, 0x00, 0x04,
 0xf4, 0x0d, 0x00, 0x00, 0x49, 0xf5, 0x0d, 0x00,
 0x00, 0x04, 0x41, 0x0b, 0x00, 0x00, 0x49, 0xf6,
 0x0d, 0x00, 0x00, 0x04, 0x9e, 0x05, 0x00, 0x00,
 0x49, 0xf7, 0x0d, 0x00, 0x00, 0x04, 0xf8, 0x0d,
 0x00, 0x00, 0x49, 0xf9, 0x0d, 0x00, 0x00, 0x04,
 0xfa, 0x0d, 0x00, 0x00, 0x49, 0xfb, 0x0d, 0x00,
 0x00, 0x04, 0xfc, 0x0d, 0x00, 0x00, 0x49, 0xfd,
 0x0d, 0x00, 0x00, 0x04, 0xa2, 0x05, 0x00, 0x00,
 0x49, 0xfe, 0x0d, 0x00, 0x00, 0x04, 0xa0, 0x05,
 0x00, 0x00, 0x49, 0xff, 0x0d, 0x00, 0x00, 0x04,
 0x00, 0x0e, 0x00, 0x00, 0x49, 0x01, 0x0e, 0x00,
 0x00, 0x04, 0x02, 0x0e, 0x00, 0x00, 0x49, 0x03,
 0x0e, 0x00, 0x00, 0x04, 0x04, 0x0e, 0x00, 0x00,
 0x49, 0x05, 0x0e, 0x00, 0x00, 0x04, 0x06, 0x0e,
 0x00, 0x00, 0x49, 0x07, 0x0e, 0x00, 0x00, 0x04,
 0x08, 0x0e, 0x00, 0x00, 0x49, 0x09, 0x0e, 0x00,
 0x00, 0x04, 0x0a, 0x0e, 0x00, 0x00, 0x49, 0x0b,
 0x0e, 0x00, 0x00, 0x04, 0xa4, 0x05, 0x00, 0x00,
 0x49, 0x0c, 0x0e, 0x00, 0x00, 0x04, 0x0d, 0x0e,
 0x00, 0x00, 0x49, 0x0e, 0x0e, 0x00, 0x00, 0x04,
 0x0f, 0x0e, 0x00, 0x00, 0x49, 0x10, 0x0e, 0x00,
 0x00, 0x04, 0x9b, 0x08, 0x00, 0x00, 0x49, 0x11,
 0x0e, 0x00, 0x00, 0x04, 0x12, 0x0e, 0x00, 0x00,
 0x49, 0x13, 0x0e, 0x00, 0x00, 0x04, 0x14, 0x0e,
 0x00, 0x00, 0x49, 0x15, 0x0e, 0x00, 0x00, 0x04,
 0xe1, 0x09, 0x00, 0x00, 0x49, 0x16, 0x0e, 0x00,
 0x00, 0x04, 0x15, 0x04, 0x00, 0x00, 0x49, 0x17,
 0x0e, 0x00, 0x00, 0x04, 0x15, 0x04, 0x00, 0x00,
 0x49, 0x18, 0x0e, 0x00, 0x00, 0x04, 0x19, 0x0e,
 0x00, 0x00, 0x49, 0x1a, 0x0e, 0x00, 0x00, 0x04,
 0xba, 0x01, 0x00, 0x00, 0x49, 0x1b, 0x0e, 0x00,
 0x00, 0x04, 0x1c, 0x0e, 0x00, 0x00, 0x49, 0x1d,
 0x0e, 0x00, 0x00, 0x04, 0x21, 0x02, 0x00, 0x00,
 0x49, 0x1e, 0x0e, 0x00, 0x00, 0x04, 0x21, 0x02,
 0x00, 0x00, 0x49, 0x1f, 0x0e, 0x00, 0x00, 0x04,
 0x20, 0x0e, 0x00, 0x00, 0x49, 0x21, 0x0e, 0x00,
 0x00, 0x04, 0x22, 0x0e, 0x00, 0x00, 0x49, 0x23,
 0x0e, 0x00, 0x00, 0x04, 0x67, 0x09, 0x00, 0x00,
 0x49, 0x24, 0x0e, 0x00, 0x00, 0x04, 0x25, 0x0e,
 0x00, 0x00, 0x49, 0x26, 0x0e, 0x00, 0x00, 0x04,
 0x27, 0x0e, 0x00, 0x00, 0x49, 0x28, 0x0e, 0x00,
 0x00, 0x04, 0x29, 0x0e, 0x00, 0x00, 0x49, 0x2a,
 0x0e, 0x00, 0x00, 0x04, 0x30, 0x06, 0x00, 0x00,
 0x49, 0x2b, 0x0e, 0x00, 0x00, 0x04, 0xc1, 0x02,
 0x00, 0x00, 0x49, 0x2c, 0x0e, 0x00, 0x00, 0x04,
 0x2d, 0x0e, 0x00, 0x00, 0x49, 0x2e, 0x0e, 0x00,
 0x00, 0x04, 0x2f, 0x0e, 0x00, 0x00, 0x49, 0x30,
 0x0e, 0x00, 0x00, 0x04, 0x31, 0x0e, 0x00, 0x00,
 0x49, 0x32, 0x0e, 0x00, 0x00, 0x04, 0x31, 0x0e,
 0x00, 0x00, 0x49, 0x33, 0x0e, 0x00, 0x00, 0x04,
 0xcc, 0x05, 0x00, 0x00, 0x49, 0x34, 0x0e, 0x00,
 0x00, 0x04, 0x35, 0x0e, 0x00, 0x00, 0x49, 0x36,
 0x0e, 0x00, 0x00, 0x04, 0xce, 0x05, 0x00, 0x00,
 0x49, 0x37, 0x0e, 0x00, 0x00, 0x04, 0xce, 0x05,
 0x00, 0x00, 0x49, 0x38, 0x0e, 0x00, 0x00, 0x04,
 0x39, 0x0e, 0x00, 0x00, 0x49, 0x3a, 0x0e, 0x00,
 0x00, 0x04, 0x3b, 0x0e, 0x00, 0x00, 0x49, 0x3c,
 0x0e, 0x00, 0x00, 0x04, 0x3d, 0x0e, 0x00, 0x00,
 0x49, 0x3e, 0x0e, 0x00, 0x00, 0x04, 0x3f, 0x0e,
 0x00, 0x00, 0x49, 0x40, 0x0e, 0x00, 0x00, 0x04,
 0x41, 0x0e, 0x00, 0x00, 0x49, 0x42, 0x0e, 0x00,
 0x00, 0x04, 0x43, 0x0e, 0x00, 0x00, 0x49, 0x44,
 0x0e, 0x00, 0x00, 0x04, 0x45, 0x0e, 0x00, 0x00,
 0x49, 0x46, 0x0e, 0x00, 0x00, 0x04, 0xc4, 0x03,
 0x00, 0x00, 0x49, 0x47, 0x0e, 0x00, 0x00, 0x04,
 0x21, 0x02, 0x00, 0x00, 0x49, 0x48, 0x0e, 0x00,
 0x00, 0x04, 0x49, 0x0e, 0x00, 0x00, 0x49, 0x4a,
 0x0e, 0x00, 0x00, 0x04, 0x4b, 0x0e, 0x00, 0x00,
 0x49, 0x4c, 0x0e, 0x00, 0x00, 0x04, 0x30, 0x06,
 0x00, 0x00, 0x49, 0x4d, 0x0e, 0x00, 0x00, 0x04,
 0x4e, 0x0e, 0x00, 0x00, 0x49, 0x4f, 0x0e, 0x00,
 0x00, 0x04, 0x50, 0x0e, 0x00, 0x00, 0x49, 0x51,
 0x0e, 0x00, 0x00, 0x04, 0x52, 0x0e, 0x00, 0x00,
 0x49, 0x53, 0x0e, 0x00, 0x00, 0x04, 0x54, 0x0e,
 0x00, 0x00, 0x49, 0x55, 0x0e, 0x00, 0x00, 0x04,
 0x56, 0x0e, 0x00, 0x00, 0x49, 0x57, 0x0e, 0x00,
 0x00, 0x04, 0xd9, 0x01, 0x00, 0x00, 0x49, 0x58,
 0x0e, 0x00, 0x00, 0x04, 0x59, 0x0e, 0x00, 0x00,
 0x49, 0x5a, 0x0e, 0x00, 0x00, 0x04, 0x5b, 0x0e,
 0x00, 0x00, 0x49, 0x5c, 0x0e, 0x00, 0x00, 0x04,
 0x5d, 0x0e, 0x00, 0x00, 0x49, 0x5e, 0x0e, 0x00,
 0x00, 0x04, 0x5f, 0x0e, 0x00, 0x00, 0x49, 0x60,
 0x0e, 0x00, 0x00, 0x04, 0x5f, 0x0e, 0x00, 0x00,
 0x49, 0x61, 0x0e, 0x00, 0x00, 0x04, 0xc1, 0x02,
 0x00, 0x00, 0x49, 0x62, 0x0e, 0x00, 0x00, 0x04,
 0x89, 0x05, 0x00, 0x00, 0x49, 0x63, 0x0e, 0x00,
 0x00, 0x04, 0x64, 0x0e, 0x00, 0x00, 0x49, 0x65,
 0x0e, 0x00, 0x00, 0x04, 0x93, 0x05, 0x00, 0x00,
 0x49, 0x66, 0x0e, 0x00, 0x00, 0x04, 0x67, 0x0e,
 0x00, 0x00, 0x49, 0x68, 0x0e, 0x00, 0x00, 0x04,
 0x8b, 0x05, 0x00, 0x00, 0x49, 0x69, 0x0e, 0x00,
 0x00, 0x04, 0x8d, 0x05, 0x00, 0x00, 0x49, 0x6a,
 0x0e, 0x00, 0x00, 0x04, 0x8b, 0x05, 0x00, 0x00,
 0x49, 0x6b, 0x0e, 0x00, 0x00, 0x04, 0x8d, 0x05,
 0x00, 0x00, 0x49, 0x6c, 0x0e, 0x00, 0x00, 0x04,
 0x8f, 0x05, 0x00, 0x00, 0x49, 0x6d, 0x0e, 0x00,
 0x00, 0x04, 0x91, 0x05, 0x00, 0x00, 0x49, 0x6e,
 0x0e, 0x00, 0x00, 0x04, 0x8f, 0x05, 0x00, 0x00,
 0x49, 0x6f, 0x0e, 0x00, 0x00, 0x04, 0x91, 0x05,
 0x00, 0x00, 0x49, 0x70, 0x0e, 0x00, 0x00, 0x04,
 0x87, 0x05, 0x00, 0x00, 0x49, 0x71, 0x0e, 0x00,
 0x00, 0x04, 0x87, 0x05, 0x00, 0x00, 0x49, 0x72,
 0x0e, 0x00, 0x00, 0x04, 0x1a, 0x03, 0x00, 0x00,
 0x49, 0x73, 0x0e, 0x00, 0x00, 0x04, 0x1a, 0x03,
 0x00, 0x00, 0x49, 0x74, 0x0e, 0x00, 0x00, 0x04,
 0x2f, 0x05, 0x00, 0x00, 0x49, 0x75, 0x0e, 0x00,
 0x00, 0x04, 0x76, 0x0e, 0x00, 0x00, 0x49, 0x77,
 0x0e, 0x00, 0x00, 0x04, 0x21, 0x02, 0x00, 0x00,
 0x49, 0x78, 0x0e, 0x00, 0x00, 0x04, 0x4e, 0x0e,
 0x00, 0x00, 0x49, 0x79, 0x0e, 0x00, 0x00, 0x04,
 0x97, 0x05, 0x00, 0x00, 0x49, 0x7a, 0x0e, 0x00,
 0x00, 0x04, 0x7b, 0x0e, 0x00, 0x00, 0x49, 0x7c,
 0x0e, 0x00, 0x00, 0x04, 0x17, 0x07, 0x00, 0x00,
 0x49, 0x7d, 0x0e, 0x00, 0x00, 0x04, 0x02, 0x09,
 0x00, 0x00, 0x49, 0x7e, 0x0e, 0x00, 0x00, 0x04,
 0xf9, 0x0c, 0x00, 0x00, 0x49, 0x7f, 0x0e, 0x00,
 0x00, 0x04, 0x61, 0x0b, 0x00, 0x00, 0x49, 0x80,
 0x0e, 0x00, 0x00, 0x04, 0x81, 0x0e, 0x00, 0x00,
 0x49, 0x82, 0x0e, 0x00, 0x00, 0x04, 0x83, 0x0e,
 0x00, 0x00, 0x49, 0x84, 0x0e, 0x00, 0x00, 0x04,
 0x85, 0x0e, 0x00, 0x00, 0x49, 0x86, 0x0e, 0x00,
 0x00, 0x04, 0x9c, 0x05, 0x00, 0x00, 0x49, 0x87,
 0x0e, 0x00, 0x00, 0x04, 0x88, 0x0e, 0x00, 0x00,
 0x49, 0x89, 0x0e, 0x00, 0x00, 0x04, 0x8a, 0x0e,
 0x00, 0x00, 0x49, 0x8b, 0x0e, 0x00, 0x00, 0x04,
 0x8c, 0x0e, 0x00, 0x00, 0x49, 0x8d, 0x0e, 0x00,
 0x00, 0x04, 0x8e, 0x0e, 0x00, 0x00, 0x49, 0x8f,
 0x0e, 0x00, 0x00, 0x04, 0x90, 0x0e, 0x00, 0x00,
 0x49, 0x91, 0x0e, 0x00, 0x00, 0x04, 0x92, 0x0e,
 0x00, 0x00, 0x49, 0x93, 0x0e, 0x00, 0x00, 0x04,
 0x81, 0x0e, 0x00, 0x00, 0x49, 0x94, 0x0e, 0x00,
 0x00, 0x04, 0x9c, 0x05, 0x00, 0x00, 0x49, 0x95,
 0x0e, 0x00, 0x00, 0x04, 0x83, 0x0e, 0x00, 0x00,
 0x49, 0x96, 0x0e, 0x00, 0x00, 0x04, 0x8e, 0x0e,
 0x00, 0x00, 0x49, 0x97, 0x0e, 0x00, 0x00, 0x04,
 0x8c, 0x0e, 0x00, 0x00, 0x49, 0x98, 0x0e, 0x00,
 0x00, 0x04, 0x99, 0x0e, 0x00, 0x00, 0x49, 0x9a,
 0x0e, 0x00, 0x00, 0x04, 0x9b, 0x0e, 0x00, 0x00,
 0x49, 0x9c, 0x0e, 0x00, 0x00, 0x04, 0x9d, 0x0e,
 0x00, 0x00, 0x49, 0x9e, 0x0e, 0x00, 0x00, 0x04,
 0x9e, 0x05, 0x00, 0x00, 0x49, 0x9f, 0x0e, 0x00,
 0x00, 0x04, 0xfa, 0x0d, 0x00, 0x00, 0x49, 0xa0,
 0x0e, 0x00, 0x00, 0x04, 0xa2, 0x05, 0x00, 0x00,
 0x49, 0xa1, 0x0e, 0x00, 0x00, 0x04, 0xa0, 0x05,
 0x00, 0x00, 0x49, 0xa2, 0x0e, 0x00, 0x00, 0x04,
 0x06, 0x0e, 0x00, 0x00, 0x49, 0xa3, 0x0e, 0x00,
 0x00, 0x04, 0x04, 0x0e, 0x00, 0x00, 0x49, 0xa4,
 0x0e, 0x00, 0x00, 0x04, 0x08, 0x0e, 0x00, 0x00,
 0x49, 0xa5, 0x0e, 0x00, 0x00, 0x04, 0xa4, 0x05,
 0x00, 0x00, 0x49, 0xa6, 0x0e, 0x00, 0x00, 0x04,
 0xa7, 0x05, 0x00, 0x00, 0x49, 0xa7, 0x0e, 0x00,
 0x00, 0x04, 0xa8, 0x0e, 0x00, 0x00, 0x49, 0xa9,
 0x0e, 0x00, 0x00, 0x04, 0xaa, 0x0e, 0x00, 0x00,
 0x49, 0xab, 0x0e, 0x00, 0x00, 0x04, 0xac, 0x0e,
 0x00, 0x00, 0x49, 0xad, 0x0e, 0x00, 0x00, 0x04,
 0xae, 0x0e, 0x00, 0x00, 0x49, 0xaf, 0x0e, 0x00,
 0x00, 0x04, 0xab, 0x05, 0x00, 0x00, 0x49, 0xb0,
 0x0e, 0x00, 0x00, 0x04, 0xb1, 0x0e, 0x00, 0x00,
 0x49, 0xb2, 0x0e, 0x00, 0x00, 0x04, 0xb3, 0x0e,
 0x00, 0x00, 0x49, 0xb4, 0x0e, 0x00, 0x00, 0x04,
 0xb5, 0x0e, 0x00, 0x00, 0x49, 0xb6, 0x0e, 0x00,
 0x00, 0x04, 0xad, 0x05, 0x00, 0x00, 0x49, 0xb7,
 0x0e, 0x00, 0x00, 0x04, 0xb8, 0x0e, 0x00, 0x00,
 0x49, 0xb9, 0x0e, 0x00, 0x00, 0x04, 0xba, 0x0e,
 0x00, 0x00, 0x49, 0xbb, 0x0e, 0x00, 0x00, 0x04,
 0xbc, 0x0e, 0x00, 0x00, 0x49, 0xbd, 0x0e, 0x00,
 0x00, 0x04, 0xbe, 0x0e, 0x00, 0x00, 0x49, 0xbf,
 0x0e, 0x00, 0x00, 0x04, 0xc0, 0x0e, 0x00, 0x00,
 0x49, 0xc1, 0x0e, 0x00, 0x00, 0x04, 0xc2, 0x0e,
 0x00, 0x00, 0x49, 0xc3, 0x0e, 0x00, 0x00, 0x04,
 0xc4, 0x0e, 0x00, 0x00, 0x49, 0xc5, 0x0e, 0x00,
 0x00, 0x04, 0xc6, 0x0e, 0x00, 0x00, 0x49, 0xc7,
 0x0e, 0x00, 0x00, 0x04, 0xab, 0x05, 0x00, 0x00,
 0x49, 0xc8, 0x0e, 0x00, 0x00, 0x04, 0xad, 0x05,
 0x00, 0x00, 0x49, 0xc9, 0x0e, 0x00, 0x00, 0x04,
 0xb1, 0x0e, 0x00, 0x00, 0x49, 0xca, 0x0e, 0x00,
 0x00, 0x04, 0xc4, 0x0e, 0x00, 0x00, 0x49, 0xcb,
 0x0e, 0x00, 0x00, 0x04, 0xc2, 0x0e, 0x00, 0x00,
 0x49, 0xcc, 0x0e, 0x00, 0x00, 0x04, 0xcd, 0x0e,
 0x00, 0x00, 0x49, 0xce, 0x0e, 0x00, 0x00, 0x04,
 0xcf, 0x0e, 0x00, 0x00, 0x49, 0xd0, 0x0e, 0x00,
 0x00, 0x04, 0xd1, 0x0e, 0x00, 0x00, 0x49, 0xd2,
 0x0e, 0x00, 0x00, 0x04, 0xd3, 0x0e, 0x00, 0x00,
 0x49, 0xd4, 0x0e, 0x00, 0x00, 0x04, 0xe3, 0x09,
 0x00, 0x00, 0x49, 0xd5, 0x0e, 0x00, 0x00, 0x04,
 0x13, 0x04, 0x00, 0x00, 0x49, 0xd6, 0x0e, 0x00,
 0x00, 0x04, 0x13, 0x04, 0x00, 0x00, 0x49, 0xd7,
 0x0e, 0x00, 0x00, 0x04, 0xd8, 0x0e, 0x00, 0x00,
 0x49, 0xd9, 0x0e, 0x00, 0x00, 0x04, 0xda, 0x0e,
 0x00, 0x00, 0x49, 0xdb, 0x0e, 0x00, 0x00, 0x04,
 0xdc, 0x0e, 0x00, 0x00, 0x49, 0x5a, 0x00, 0x00,
 0x00, 0x04, 0xdd, 0x0e, 0x00, 0x00, 0x49, 0xde,
 0x0e, 0x00, 0x00, 0x04, 0xe1, 0x04, 0x00, 0x00,
 0x49, 0xdf, 0x0e, 0x00, 0x00, 0x04, 0xe0, 0x0e,
 0x00, 0x00, 0x49, 0xe1, 0x0e, 0x00, 0x00, 0x04,
 0xe2, 0x0e, 0x00, 0x00, 0x49, 0xe3, 0x0e, 0x00,
 0x00, 0x04, 0xe4, 0x0e, 0x00, 0x00, 0x49, 0xe5,
 0x0e, 0x00, 0x00, 0x04, 0xd6, 0x05, 0x00, 0x00,
 0x49, 0xe6, 0x0e, 0x00, 0x00, 0x04, 0xe7, 0x0e,
 0x00, 0x00, 0x49, 0xe8, 0x0e, 0x00, 0x00, 0x04,
 0xe9, 0x0e, 0x00, 0x00, 0x49, 0xea, 0x0e, 0x00,
 0x00, 0x04, 0xc4, 0x05, 0x00, 0x00, 0x49, 0xeb,
 0x0e, 0x00, 0x00, 0x04, 0xc4, 0x05, 0x00, 0x00,
 0x49, 0xec, 0x0e, 0x00, 0x00, 0x04, 0xed, 0x0e,
 0x00, 0x00, 0x49, 0xee, 0x0e, 0x00, 0x00, 0x04,
 0xef, 0x0e, 0x00, 0x00, 0x49, 0xf0, 0x0e, 0x00,
 0x00, 0x04, 0xef, 0x0e, 0x00, 0x00, 0x49, 0xf1,
 0x0e, 0x00, 0x00, 0x04, 0xd2, 0x05, 0x00, 0x00,
 0x49, 0xf2, 0x0e, 0x00, 0x00, 0x04, 0xcc, 0x05,
 0x00, 0x00, 0x49, 0xf3, 0x0e, 0x00, 0x00, 0x04,
 0xca, 0x05, 0x00, 0x00, 0x49, 0xf4, 0x0e, 0x00,
 0x00, 0x04, 0xd2, 0x05, 0x00, 0x00, 0x49, 0xf5,
 0x0e, 0x00, 0x00, 0x04, 0xcc, 0x05, 0x00, 0x00,
 0x49, 0xf6, 0x0e, 0x00, 0x00, 0x04, 0xf7, 0x0e,
 0x00, 0x00, 0x49, 0xf8, 0x0e, 0x00, 0x00, 0x04,
 0x9c, 0x02, 0x00, 0x00, 0x49, 0xf9, 0x0e, 0x00,
 0x00, 0x04, 0xfa, 0x0e, 0x00, 0x00, 0x49, 0xfb,
 0x0e, 0x00, 0x00, 0x04, 0x83, 0x07, 0x00, 0x00,
 0x49, 0xfc, 0x0e, 0x00, 0x00, 0x04, 0xfd, 0x0e,
 0x00, 0x00, 0x49, 0xfe, 0x0e, 0x00, 0x00, 0x04,
 0xff, 0x0e, 0x00, 0x00, 0x49, 0x00, 0x0f, 0x00,
 0x00, 0x04, 0x0c, 0x0a, 0x00, 0x00, 0x49, 0x01,
 0x0f, 0x00, 0x00, 0x04, 0xd9, 0x0b, 0x00, 0x00,
 0x49, 0x02, 0x0f, 0x00, 0x00, 0x04, 0xd9, 0x02,
 0x00, 0x00, 0x49, 0x03, 0x0f, 0x00, 0x00, 0x04,
 0x04, 0x0f, 0x00, 0x00, 0x49, 0x05, 0x0f, 0x00,
 0x00, 0x04, 0x06, 0x0f, 0x00, 0x00, 0x49, 0x07,
 0x0f, 0x00, 0x00, 0x04, 0x08, 0x0f, 0x00, 0x00,
 0x49, 0x09, 0x0f, 0x00, 0x00, 0x04, 0x0a, 0x0f,
 0x00, 0x00, 0x49, 0x0b, 0x0f, 0x00, 0x00, 0x04,
 0x1c, 0x0e, 0x00, 0x00, 0x49, 0x0c, 0x0f, 0x00,
 0x00, 0x04, 0x0d, 0x0f, 0x00, 0x00, 0x49, 0x0e,
 0x0f, 0x00, 0x00, 0x04, 0xb2, 0x05, 0x00, 0x00,
 0x49, 0x0f, 0x0f, 0x00, 0x00, 0x04, 0x10, 0x0f,
 0x00, 0x00, 0x49, 0x11, 0x0f, 0x00, 0x00, 0x04,
 0xb1, 0x08, 0x00, 0x00, 0x49, 0x12, 0x0f, 0x00,
 0x00, 0x04, 0x54, 0x0b, 0x00, 0x00, 0x49, 0x13,
 0x0f, 0x00, 0x00, 0x04, 0xe4, 0x03, 0x00, 0x00,
 0x49, 0x14, 0x0f, 0x00, 0x00, 0x04, 0x15, 0x0f,
 0x00, 0x00, 0x49, 0x16, 0x0f, 0x00, 0x00, 0x04,
 0xea, 0x0d, 0x00, 0x00, 0x49, 0x17, 0x0f, 0x00,
 0x00, 0x04, 0x4b, 0x05, 0x00, 0x00, 0x49, 0x18,
 0x0f, 0x00, 0x00, 0x04, 0x19, 0x0f, 0x00, 0x00,
 0x49, 0x1a, 0x0f, 0x00, 0x00, 0x04, 0x15, 0x0f,
 0x00, 0x00, 0x49, 0x1b, 0x0f, 0x00, 0x00, 0x04,
 0x1c, 0x0f, 0x00, 0x00, 0x49, 0x1d, 0x0f, 0x00,
 0x00, 0x04, 0x1e, 0x0f, 0x00, 0x00, 0x49, 0x1f,
 0x0f, 0x00, 0x00, 0x04, 0x20, 0x0f, 0x00, 0x00,
 0x49, 0x21, 0x0f, 0x00, 0x00, 0x04, 0x22, 0x0f,
 0x00, 0x00, 0x49, 0x23, 0x0f, 0x00, 0x00, 0x04,
 0x24, 0x0f, 0x00, 0x00, 0x49, 0x25, 0x0f, 0x00,
 0x00, 0x04, 0x26, 0x0f, 0x00, 0x00, 0x49, 0x27,
 0x0f, 0x00, 0x00, 0x04, 0x28, 0x0f, 0x00, 0x00,
 0x49, 0x29, 0x0f, 0x00, 0x00, 0x04, 0x2a, 0x0f,
 0x00, 0x00, 0x49, 0x2b, 0x0f, 0x00, 0x00, 0x04,
 0x2c, 0x0f, 0x00, 0x00, 0x49, 0x2d, 0x0f, 0x00,
 0x00, 0x04, 0x07, 0x07, 0x00, 0x00, 0x49, 0x2e,
 0x0f, 0x00, 0x00, 0x04, 0xba, 0x03, 0x00, 0x00,
 0x49, 0x2f, 0x0f, 0x00, 0x00, 0x04, 0x18, 0x05,
 0x00, 0x00, 0x49, 0x30, 0x0f, 0x00, 0x00, 0x04,
 0xbd, 0x02, 0x00, 0x00, 0x49, 0x31, 0x0f, 0x00,
 0x00, 0x04, 0x32, 0x0f, 0x00, 0x00, 0x49, 0x33,
 0x0f, 0x00, 0x00, 0x04, 0x34, 0x0f, 0x00, 0x00,
 0x49, 0x35, 0x0f, 0x00, 0x00, 0x04, 0x7d, 0x05,
 0x00, 0x00, 0x49, 0x36, 0x0f, 0x00, 0x00, 0x04,
 0x37, 0x0f, 0x00, 0x00, 0x49, 0x38, 0x0f, 0x00,
 0x00, 0x04, 0x39, 0x0f, 0x00, 0x00, 0x49, 0x3a,
 0x0f, 0x00, 0x00, 0x04, 0x3b, 0x0f, 0x00, 0x00,
 0x49, 0x3c, 0x0f, 0x00, 0x00, 0x04, 0x3d, 0x0f,
 0x00, 0x00, 0x49, 0x3e, 0x0f, 0x00, 0x00, 0x04,
 0x05, 0x06, 0x00, 0x00, 0x49, 0x3f, 0x0f, 0x00,
 0x00, 0x04, 0x40, 0x0f, 0x00, 0x00, 0x49, 0x41,
 0x0f, 0x00, 0x00, 0x04, 0x09, 0x06, 0x00, 0x00,
 0x49, 0x42, 0x0f, 0x00, 0x00, 0x04, 0x43, 0x0f,
 0x00, 0x00, 0x49, 0x44, 0x0f, 0x00, 0x00, 0x04,
 0x45, 0x0f, 0x00, 0x00, 0x49, 0x46, 0x0f, 0x00,
 0x00, 0x04, 0x47, 0x0f, 0x00, 0x00, 0x49, 0x48,
 0x0f, 0x00, 0x00, 0x04, 0xea, 0x03, 0x00, 0x00,
 0x49, 0x49, 0x0f, 0x00, 0x00, 0x04, 0x51, 0x05,
 0x00, 0x00, 0x49, 0x4a, 0x0f, 0x00, 0x00, 0x04,
 0x4b, 0x0f, 0x00, 0x00, 0x49, 0x4c, 0x0f, 0x00,
 0x00, 0x04, 0x4d, 0x0f, 0x00, 0x00, 0x49, 0x4e,
 0x0f, 0x00, 0x00, 0x04, 0x4d, 0x0f, 0x00, 0x00,
 0x49, 0x4f, 0x0f, 0x00, 0x00, 0x04, 0x50, 0x0f,
 0x00, 0x00, 0x49, 0x51, 0x0f, 0x00, 0x00, 0x04,
 0x52, 0x0f, 0x00, 0x00, 0x49, 0x53, 0x0f, 0x00,
 0x00, 0x04, 0x54, 0x0f, 0x00, 0x00, 0x49, 0x55,
 0x0f, 0x00, 0x00, 0x04, 0xa4, 0x02, 0x00, 0x00,
 0x49, 0x56, 0x0f, 0x00, 0x00, 0x04, 0x57, 0x0f,
 0x00, 0x00, 0x49, 0x58, 0x0f, 0x00, 0x00, 0x04,
 0x59, 0x0f, 0x00, 0x00, 0x49, 0x5a, 0x0f, 0x00,
 0x00, 0x04, 0x7d, 0x05, 0x00, 0x00, 0x49, 0x5b,
 0x0f, 0x00, 0x00, 0x04, 0x07, 0x06, 0x00, 0x00,
 0x49, 0x5c, 0x0f, 0x00, 0x00, 0x04, 0xea, 0x03,
 0x00, 0x00, 0x49, 0x5d, 0x0f, 0x00, 0x00, 0x04,
 0x51, 0x05, 0x00, 0x00, 0x49, 0x5e, 0x0f, 0x00,
 0x00, 0x04, 0xfc, 0x05, 0x00, 0x00, 0x49, 0x5f,
 0x0f, 0x00, 0x00, 0x04, 0x60, 0x0f, 0x00, 0x00,
 0x49, 0x61, 0x0f, 0x00, 0x00, 0x04, 0x15, 0x06,
 0x00, 0x00, 0x49, 0x62, 0x0f, 0x00, 0x00, 0x04,
 0x60, 0x0f, 0x00, 0x00, 0x49, 0x63, 0x0f, 0x00,
 0x00, 0x04, 0x64, 0x0f, 0x00, 0x00, 0x49, 0x65,
 0x0f, 0x00, 0x00, 0x04, 0x66, 0x0f, 0x00, 0x00,
 0x49, 0x67, 0x0f, 0x00, 0x00, 0x04, 0x66, 0x0f,
 0x00, 0x00, 0x49, 0x68, 0x0f, 0x00, 0x00, 0x04,
 0x69, 0x0f, 0x00, 0x00, 0x49, 0x6a, 0x0f, 0x00,
 0x00, 0x04, 0x6b, 0x0f, 0x00, 0x00, 0x49, 0x6c,
 0x0f, 0x00, 0x00, 0x04, 0x6d, 0x0f, 0x00, 0x00,
 0x49, 0x6e, 0x0f, 0x00, 0x00, 0x04, 0x6f, 0x0f,
 0x00, 0x00, 0x49, 0x70, 0x0f, 0x00, 0x00, 0x04,
 0x71, 0x0f, 0x00, 0x00, 0x49, 0x72, 0x0f, 0x00,
 0x00, 0x04, 0x73, 0x0f, 0x00, 0x00, 0x49, 0x74,
 0x0f, 0x00, 0x00, 0x04, 0x10, 0x0f, 0x00, 0x00,
 0x49, 0x75, 0x0f, 0x00, 0x00, 0x04, 0x26, 0x07,
 0x00, 0x00, 0x49, 0x76, 0x0f, 0x00, 0x00, 0x04,
 0x64, 0x0f, 0x00, 0x00, 0x49, 0x77, 0x0f, 0x00,
 0x00, 0x04, 0x78, 0x0f, 0x00, 0x00, 0x49, 0x79,
 0x0f, 0x00, 0x00, 0x04, 0x7a, 0x0f, 0x00, 0x00,
 0x49, 0x7b, 0x0f, 0x00, 0x00, 0x04, 0xbf, 0x02,
 0x00, 0x00, 0x49, 0x7c, 0x0f, 0x00, 0x00, 0x04,
 0x7d, 0x0f, 0x00, 0x00, 0x49, 0x7e, 0x0f, 0x00,
 0x00, 0x04, 0x7f, 0x0f, 0x00, 0x00, 0x49, 0x80,
 0x0f, 0x00, 0x00, 0x04, 0xbb, 0x02, 0x00, 0x00,
 0x49, 0x81, 0x0f, 0x00, 0x00, 0x04, 0x82, 0x0f,
 0x00, 0x00, 0x49, 0x83, 0x0f, 0x00, 0x00, 0x04,
 0x02, 0x09, 0x00, 0x00, 0x49, 0x84, 0x0f, 0x00,
 0x00, 0x04, 0x5f, 0x0a, 0x00, 0x00, 0x49, 0x85,
 0x0f, 0x00, 0x00, 0x04, 0xe7, 0x08, 0x00, 0x00,
 0x49, 0x86, 0x0f, 0x00, 0x00, 0x04, 0xf9, 0x0c,
 0x00, 0x00, 0x49, 0x87, 0x0f, 0x00, 0x00, 0x04,
 0x01, 0x0d, 0x00, 0x00, 0x49, 0x88, 0x0f, 0x00,
 0x00, 0x04, 0x03, 0x05, 0x00, 0x00, 0x49, 0x89,
 0x0f, 0x00, 0x00, 0x04, 0x07, 0x06, 0x00, 0x00,
 0x49, 0x8a, 0x0f, 0x00, 0x00, 0x04, 0xb3, 0x0d,
 0x00, 0x00, 0x49, 0x8b, 0x0f, 0x00, 0x00, 0x04,
 0x31, 0x0e, 0x00, 0x00, 0x49, 0x8c, 0x0f, 0x00,
 0x00, 0x04, 0x8d, 0x0f, 0x00, 0x00, 0x49, 0x8e,
 0x0f, 0x00, 0x00, 0x04, 0x8f, 0x0f, 0x00, 0x00,
 0x49, 0x90, 0x0f, 0x00, 0x00, 0x04, 0x91, 0x0f,
 0x00, 0x00, 0x49, 0x92, 0x0f, 0x00, 0x00, 0x04,
 0x93, 0x0f, 0x00, 0x00, 0x49, 0x94, 0x0f, 0x00,
 0x00, 0x04, 0xef, 0x0e, 0x00, 0x00, 0x49, 0x95,
 0x0f, 0x00, 0x00, 0x04, 0xe0, 0x03, 0x00, 0x00,
 0x49, 0x96, 0x0f, 0x00, 0x00, 0x04, 0x47, 0x05,
 0x00, 0x00, 0x49, 0x97, 0x0f, 0x00, 0x00, 0x04,
 0x98, 0x0f, 0x00, 0x00, 0x49, 0x99, 0x0f, 0x00,
 0x00, 0x04, 0x41, 0x05, 0x00, 0x00, 0x49, 0x9a,
 0x0f, 0x00, 0x00, 0x04, 0xc1, 0x0c, 0x00, 0x00,
 0x49, 0x9b, 0x0f, 0x00, 0x00, 0x04, 0x9c, 0x0f,
 0x00, 0x00, 0x49, 0x9d, 0x0f, 0x00, 0x00, 0x04,
 0x9e, 0x0f, 0x00, 0x00, 0x49, 0x9f, 0x0f, 0x00,
 0x00, 0x04, 0xa0, 0x0f, 0x00, 0x00, 0x49, 0xa1,
 0x0f, 0x00, 0x00, 0x04, 0xe9, 0x01, 0x00, 0x00,
 0x49, 0xa2, 0x0f, 0x00, 0x00, 0x04, 0xe9, 0x01,
 0x00, 0x00, 0x49, 0xa3, 0x0f, 0x00, 0x00, 0x04,
 0xa4, 0x0f, 0x00, 0x00, 0x49, 0xa5, 0x0f, 0x00,
 0x00, 0x04, 0xe0, 0x03, 0x00, 0x00, 0x49, 0xa6,
 0x0f, 0x00, 0x00, 0x04, 0x97, 0x04, 0x00, 0x00,
 0x49, 0xa7, 0x0f, 0x00, 0x00, 0x04, 0xa3, 0x04,
 0x00, 0x00, 0x49, 0xa8, 0x0f, 0x00, 0x00, 0x04,
 0xa9, 0x0f, 0x00, 0x00, 0x49, 0xaa, 0x0f, 0x00,
 0x00, 0x04, 0x03, 0x05, 0x00, 0x00, 0x49, 0xab,
 0x0f, 0x00, 0x00, 0x04, 0x47, 0x05, 0x00, 0x00,
 0x49, 0xac, 0x0f, 0x00, 0x00, 0x04, 0xad, 0x0f,
 0x00, 0x00, 0x49, 0xae, 0x0f, 0x00, 0x00, 0x04,
 0x8f, 0x0f, 0x00, 0x00, 0x49, 0xaf, 0x0f, 0x00,
 0x00, 0x04, 0x8d, 0x0f, 0x00, 0x00, 0x49, 0xb0,
 0x0f, 0x00, 0x00, 0x04, 0x93, 0x0f, 0x00, 0x00,
 0x49, 0xb1, 0x0f, 0x00, 0x00, 0x04, 0x91, 0x0f,
 0x00, 0x00, 0x49, 0xb2, 0x0f, 0x00, 0x00, 0x04,
 0xb3, 0x0f, 0x00, 0x00, 0x49, 0xb4, 0x0f, 0x00,
 0x00, 0x04, 0xb5, 0x0f, 0x00, 0x00, 0x49, 0xb6,
 0x0f, 0x00, 0x00, 0x04, 0xb7, 0x0f, 0x00, 0x00,
 0x49, 0xb8, 0x0f, 0x00, 0x00, 0x04, 0x9a, 0x06,
 0x00, 0x00, 0x49, 0xb9, 0x0f, 0x00, 0x00, 0x04,
 0xba, 0x0f, 0x00, 0x00, 0x49, 0xbb, 0x0f, 0x00,
 0x00, 0x04, 0xbc, 0x0f, 0x00, 0x00, 0x49, 0xbd,
 0x0f, 0x00, 0x00, 0x04, 0xbe, 0x0f, 0x00, 0x00,
 0x49, 0xbf, 0x0f, 0x00, 0x00, 0x04, 0xc0, 0x0f,
 0x00, 0x00, 0x49, 0xc1, 0x0f, 0x00, 0x00, 0x04,
 0xbc, 0x0f, 0x00, 0x00, 0x49, 0xc2, 0x0f, 0x00,
 0x00, 0x04, 0x35, 0x06, 0x00, 0x00, 0x49, 0xc3,
 0x0f, 0x00, 0x00, 0x04, 0x35, 0x06, 0x00, 0x00,
 0x49, 0xc4, 0x0f, 0x00, 0x00, 0x04, 0xc5, 0x0f,
 0x00, 0x00, 0x49, 0xc6, 0x0f, 0x00, 0x00, 0x04,
 0x7d, 0x03, 0x00, 0x00, 0x49, 0xc7, 0x0f, 0x00,
 0x00, 0x04, 0x0c, 0x07, 0x00, 0x00, 0x49, 0xc8,
 0x0f, 0x00, 0x00, 0x04, 0xfa, 0x05, 0x00, 0x00,
 0x49, 0xc9, 0x0f, 0x00, 0x00, 0x04, 0x19, 0x07,
 0x00, 0x00, 0x49, 0xca, 0x0f, 0x00, 0x00, 0x04,
 0xcb, 0x0f, 0x00, 0x00, 0x49, 0xcc, 0x0f, 0x00,
 0x00, 0x04, 0xb5, 0x02, 0x00, 0x00, 0x49, 0xcd,
 0x0f, 0x00, 0x00, 0x04, 0x0a, 0x04, 0x00, 0x00,
 0x49, 0xce, 0x0f, 0x00, 0x00, 0x04, 0xcf, 0x0f,
 0x00, 0x00, 0x49, 0xd0, 0x0f, 0x00, 0x00, 0x04,
 0xb3, 0x02, 0x00, 0x00, 0x49, 0xd1, 0x0f, 0x00,
 0x00, 0x04, 0x08, 0x04, 0x00, 0x00, 0x49, 0xd2,
 0x0f, 0x00, 0x00, 0x04, 0x14, 0x0b, 0x00, 0x00,
 0x49, 0xd3, 0x0f, 0x00, 0x00, 0x04, 0xd4, 0x0f,
 0x00, 0x00, 0x49, 0xd5, 0x0f, 0x00, 0x00, 0x04,
 0x0f, 0x07, 0x00, 0x00, 0x49, 0xd6, 0x0f, 0x00,
 0x00, 0x04, 0xd7, 0x0f, 0x00, 0x00, 0x49, 0xd8,
 0x0f, 0x00, 0x00, 0x04, 0x11, 0x07, 0x00, 0x00,
 0x49, 0xd9, 0x0f, 0x00, 0x00, 0x04, 0x13, 0x07,
 0x00, 0x00, 0x49, 0xda, 0x0f, 0x00, 0x00, 0x04,
 0xb7, 0x02, 0x00, 0x00, 0x49, 0xdb, 0x0f, 0x00,
 0x00, 0x04, 0x0c, 0x04, 0x00, 0x00, 0x49, 0xdc,
 0x0f, 0x00, 0x00, 0x04, 0xdd, 0x0f, 0x00, 0x00,
 0x49, 0xde, 0x0f, 0x00, 0x00, 0x04, 0x15, 0x07,
 0x00, 0x00, 0x49, 0xdf, 0x0f, 0x00, 0x00, 0x04,
 0x1d, 0x07, 0x00, 0x00, 0x49, 0xe0, 0x0f, 0x00,
 0x00, 0x04, 0x1b, 0x07, 0x00, 0x00, 0x49, 0xe1,
 0x0f, 0x00, 0x00, 0x04, 0x2b, 0x06, 0x00, 0x00,
 0x49, 0xe2, 0x0f, 0x00, 0x00, 0x04, 0x43, 0x06,
 0x00, 0x00, 0x49, 0xe3, 0x0f, 0x00, 0x00, 0x04,
 0xe4, 0x0f, 0x00, 0x00, 0x49, 0xe5, 0x0f, 0x00,
 0x00, 0x04, 0xe6, 0x0f, 0x00, 0x00, 0x49, 0xe7,
 0x0f, 0x00, 0x00, 0x04, 0xe8, 0x0f, 0x00, 0x00,
 0x49, 0xe9, 0x0f, 0x00, 0x00, 0x04, 0xea, 0x0f,
 0x00, 0x00, 0x49, 0xeb, 0x0f, 0x00, 0x00, 0x04,
 0xec, 0x0f, 0x00, 0x00, 0x49, 0xed, 0x0f, 0x00,
 0x00, 0x04, 0xee, 0x0f, 0x00, 0x00, 0x49, 0xef,
 0x0f, 0x00, 0x00, 0x04, 0xf0, 0x0f, 0x00, 0x00,
 0x49, 0xf1, 0x0f, 0x00, 0x00, 0x04, 0xf2, 0x0f,
 0x00, 0x00, 0x49, 0xf3, 0x0f, 0x00, 0x00, 0x04,
 0xf4, 0x0f, 0x00, 0x00, 0x49, 0xf5, 0x0f, 0x00,
 0x00, 0x04, 0xf6, 0x0f, 0x00, 0x00, 0x49, 0xf7,
 0x0f, 0x00, 0x00, 0x04, 0xf8, 0x0f, 0x00, 0x00,
 0x49, 0xf9, 0x0f, 0x00, 0x00, 0x04, 0xfa, 0x0f,
 0x00, 0x00, 0x49, 0xfb, 0x0f, 0x00, 0x00, 0x04,
 0xfc, 0x0f, 0x00, 0x00, 0x49, 0xfd, 0x0f, 0x00,
 0x00, 0x04, 0xfe, 0x0f, 0x00, 0x00, 0x49, 0xff,
 0x0f, 0x00, 0x00, 0x04, 0x00, 0x10, 0x00, 0x00,
 0x49, 0x01, 0x10, 0x00, 0x00, 0x04, 0x74, 0x06,
 0x00, 0x00, 0x49, 0x02, 0x10, 0x00, 0x00, 0x04,
 0x03, 0x10, 0x00, 0x00, 0x49, 0x04, 0x10, 0x00,
 0x00, 0x04, 0x05, 0x10, 0x00, 0x00, 0x49, 0x06,
 0x10, 0x00, 0x00, 0x04, 0x07, 0x10, 0x00, 0x00,
 0x49, 0x08, 0x10, 0x00, 0x00, 0x04, 0x09, 0x10,
 0x00, 0x00, 0x49, 0x0a, 0x10, 0x00, 0x00, 0x04,
 0x0b, 0x10, 0x00, 0x00, 0x49, 0x0c, 0x10, 0x00,
 0x00, 0x04, 0x0d, 0x10, 0x00, 0x00, 0x49, 0x0e,
 0x10, 0x00, 0x00, 0x04, 0x0f, 0x10, 0x00, 0x00,
 0x49, 0x10, 0x10, 0x00, 0x00, 0x04, 0x11, 0x10,
 0x00, 0x00, 0x49, 0x12, 0x10, 0x00, 0x00, 0xc1,
 0x39, 0x0b, 0x01, 0xfd, 0xff, 0x00, 0x00, 0x49,
 0x00, 0x00, 0x00, 0x80, 0xbc, 0xac, 0x20, 0x49,
 0x80, 0x00, 0x00, 0x80, 0xbc, 0x1a, 0x20, 0x49,
 0x82, 0x00, 0x00, 0x80, 0xbc, 0x92, 0x01, 0x49,
 0x83, 0x00, 0x00, 0x80, 0xbc, 0x1e, 0x20, 0x49,
 0x84, 0x00, 0x00, 0x80, 0xbc, 0x26, 0x20, 0x49,
 0x85, 0x00, 0x00, 0x80, 0xbc, 0x20, 0x20, 0x49,
 0x86, 0x00, 0x00, 0x80, 0xbc, 0x21, 0x20, 0x49,
 0x87, 0x00, 0x00, 0x80, 0xbc, 0xc6, 0x02, 0x49,
 0x88, 0x00, 0x00, 0x80, 0xbc, 0x30, 0x20, 0x49,
 0x89, 0x00, 0x00, 0x80, 0xbc, 0x60, 0x01, 0x49,
 0x8a, 0x00, 0x00, 0x80, 0xbc, 0x39, 0x20, 0x49,
 0x8b, 0x00, 0x00, 0x80, 0xbc, 0x52, 0x01, 0x49,
 0x8c, 0x00, 0x00, 0x80, 0xbc, 0x7d, 0x01, 0x49,
 0x8e, 0x00, 0x00, 0x80, 0xbc, 0x18, 0x20, 0x49,
 0x91, 0x00, 0x00, 0x80, 0xbc, 0x19, 0x20, 0x49,
 0x92, 0x00, 0x00, 0x80, 0xbc, 0x1c, 0x20, 0x49,
 0x93, 0x00, 0x00, 0x80, 0xbc, 0x1d, 0x20, 0x49,
 0x94, 0x00, 0x00, 0x80, 0xbc, 0x22, 0x20, 0x49,
 0x95, 0x00, 0x00, 0x80, 0xbc, 0x13, 0x20, 0x49,
 0x96, 0x00, 0x00, 0x80, 0xbc, 0x14, 0x20, 0x49,
 0x97, 0x00, 0x00, 0x80, 0xbc, 0xdc, 0x02, 0x49,
 0x98, 0x00, 0x00, 0x80, 0xbc, 0x22, 0x21, 0x49,
 0x99, 0x00, 0x00, 0x80, 0xbc, 0x61, 0x01, 0x49,
 0x9a, 0x00, 0x00, 0x80, 0xbc, 0x3a, 0x20, 0x49,
 0x9b, 0x00, 0x00, 0x80, 0xbc, 0x53, 0x01, 0x49,
 0x9c, 0x00, 0x00, 0x80, 0xbc, 0x7e, 0x01, 0x49,
 0x9e, 0x00, 0x00, 0x80, 0xbc, 0x78, 0x01, 0x49,
 0x9f, 0x00, 0x00, 0x80, 0xc1, 0x3a, 0x5e, 0x3f,
 0x00, 0x06, 0x5e, 0x40, 0x00, 0xbd, 0xf3, 0x53,
 0x13, 0x10, 0x00, 0x00, 0x00, 0xbe, 0xf4, 0x51,
 0x14, 0x10, 0x00, 0x00, 0x00, 0xbe, 0xf5, 0x51,
 0x15, 0x10, 0x00, 0x00, 0x00, 0xbe, 0xf6, 0x51,
 0x16, 0x10, 0x00, 0x00, 0x00, 0xbe, 0xf7, 0x51,
 0x17, 0x10, 0x00, 0x00, 0x00, 0xbe, 0xf8, 0x51,
 0x18, 0x10, 0x00, 0x00, 0x00, 0xbe, 0xf9, 0x51,
 0x19, 0x10, 0x00, 0x00, 0x00, 0xbe, 0xfa, 0x51,
 0x1a, 0x10, 0x00, 0x00, 0x00, 0xbe, 0xfb, 0x4d,
 0xc1, 0x40, 0x0e, 0xc2, 0x3f, 0x67, 0x40, 0x00,
 0x67, 0x3f, 0x00, 0xc1, 0x41, 0x5e, 0x43, 0x00,
 0x06, 0x5e, 0x44, 0x00, 0xbd, 0xfd, 0x53, 0x1b,
 0x10, 0x00, 0x00, 0x00, 0xbe, 0xfe, 0x51, 0x1c,
 0x10, 0x00, 0x00, 0x00, 0xbe, 0xff, 0x51, 0x1d,
 0x10, 0x00, 0x00, 0x00, 0x03, 0x00, 0x01, 0x00,
 0x00, 0x51, 0x1e, 0x10, 0x00, 0x00, 0x00, 0x03,
 0x01, 0x01, 0x00, 0x00, 0x51, 0x1f, 0x10, 0x00,
 0x00, 0x00, 0x03, 0x02, 0x01, 0x00, 0x00, 0x51,
 0x20, 0x10, 0x00, 0x00, 0x00, 0x03, 0x03, 0x01,
 0x00, 0x00, 0x4d, 0xc1, 0x44, 0x0e, 0xc2, 0x43,
 0x67, 0x44, 0x00, 0xc1, 0x45, 0x5e, 0x46, 0x00,
 0x06, 0x5e, 0x47, 0x00, 0x02, 0x04, 0x01, 0x00,
 0x00, 0x53, 0x21, 0x10, 0x00, 0x00, 0x00, 0x03,
 0x05, 0x01, 0x00, 0x00, 0x51, 0x22, 0x10, 0x00,
 0x00, 0x00, 0x03, 0x06, 0x01, 0x00, 0x00, 0x51,
 0x23, 0x10, 0x00, 0x00, 0x00, 0x03, 0x07, 0x01,
 0x00, 0x00, 0x51, 0x24, 0x10, 0x00, 0x00, 0x01,
 0x03, 0x08, 0x01, 0x00, 0x00, 0x51, 0x25, 0x10,
 0x00, 0x00, 0x01, 0x03, 0x09, 0x01, 0x00, 0x00,
 0x51, 0x26, 0x10, 0x00, 0x00, 0x00, 0x03, 0x0a,
 0x01, 0x00, 0x00, 0x51, 0x27, 0x10, 0x00, 0x00,
 0x00, 0x03, 0x0b, 0x01, 0x00, 0x00, 0x51, 0x28,
 0x10, 0x00, 0x00, 0x00, 0x03, 0x0c, 0x01, 0x00,
 0x00, 0x51, 0x29, 0x10, 0x00, 0x00, 0x00, 0x03,
 0x0d, 0x01, 0x00, 0x00, 0x51, 0x2a, 0x10, 0x00,
 0x00, 0x00, 0x03, 0x0e, 0x01, 0x00, 0x00, 0x51,
 0x2b, 0x10, 0x00, 0x00, 0x00, 0x03, 0x0f, 0x01,
 0x00, 0x00, 0x51, 0x2c, 0x10, 0x00, 0x00, 0x00,
 0x03, 0x10, 0x01, 0x00, 0x00, 0x4d, 0xc1, 0x47,
 0x0e, 0xc2, 0x46, 0x67, 0x47, 0x00, 0xc1, 0x48,
 0x06, 0x11, 0xf0, 0xe9, 0x0d, 0x6f, 0x11, 0x3d,
 0x2d, 0x10, 0x00, 0x00, 0xc1, 0x9a, 0x0e, 0xea,
 0x07, 0x0e, 0x38, 0x0b, 0x00, 0xea, 0xef, 0x38,
 0x02, 0x00, 0x3d, 0x3f, 0x00, 0x00, 0x00, 0x3d,
 0x2e, 0x10, 0x00, 0x00, 0x94, 0xe8, 0x0e, 0x38,
 0x0d, 0x00, 0x11, 0x04, 0x2f, 0x10, 0x00, 0x00,
 0x21, 0x01, 0x00, 0x30, 0x38, 0x02, 0x00, 0x3d,
 0x3f, 0x00, 0x00, 0x00, 0x3d, 0x30, 0x10, 0x00,
 0x00, 0x94, 0xe8, 0x0e, 0x38, 0x0d, 0x00, 0x11,
 0x04, 0x31, 0x10, 0x00, 0x00, 0x21, 0x01, 0x00,
 0x30, 0x0b, 0xb5, 0x49, 0xdc, 0x01, 0x00, 0x00,
 0xb6, 0x49, 0xf1, 0x01, 0x00, 0x00, 0xb7, 0x49,
 0xdb, 0x01, 0x00, 0x00, 0xb8, 0x49, 0xe9, 0x01,
 0x00, 0x00, 0xb9, 0x49, 0xea, 0x01, 0x00, 0x00,
 0xba, 0x49, 0xe8, 0x01, 0x00, 0x00, 0xbb, 0x08,
 0x49, 0xdf, 0x01, 0x00, 0x00, 0xbb, 0x08, 0x49,
 0xe0, 0x01, 0x00, 0x00, 0xbb, 0x08, 0x49, 0xdd,
 0x01, 0x00, 0x00, 0xbb, 0x08, 0x49, 0xde, 0x01,
 0x00, 0x00, 0xbb, 0x09, 0x49, 0xe3, 0x01, 0x00,
 0x00, 0xbb, 0x09, 0x49, 0xe4, 0x01, 0x00, 0x00,
 0xbb, 0x09, 0x49, 0xe1, 0x01, 0x00, 0x00, 0xbb,
 0x09, 0x49, 0xe2, 0x01, 0x00, 0x00, 0xbb, 0x09,
 0x49, 0x0d, 0x00, 0x00, 0x00, 0xbb, 0x09, 0x49,
 0x0e, 0x00, 0x00, 0x00, 0xbb, 0x0a, 0x49, 0xe5,
 0x01, 0x00, 0x00, 0xbb, 0x0a, 0x49, 0xe6, 0x01,
 0x00, 0x00, 0xbb, 0x0a, 0x49, 0xe7, 0x01, 0x00,
 0x00, 0xbb, 0x0b, 0x49, 0xd6, 0x01, 0x00, 0x00,
 0xbb, 0x0b, 0x49, 0xd7, 0x01, 0x00, 0x00, 0xbb,
 0x0c, 0x49, 0x82, 0x00, 0x00, 0x00, 0xbb, 0x0c,
 0x49, 0xd8, 0x01, 0x00, 0x00, 0xbb, 0x0c, 0x49,
 0xd9, 0x01, 0x00, 0x00, 0xbb, 0x0d, 0x49, 0xda,
 0x01, 0x00, 0x00, 0xc1, 0x9b, 0xbb, 0x11, 0xc1,
 0x9c, 0x0b, 0xbb, 0x14, 0x49, 0x32, 0x10, 0x00,
 0x00, 0xbb, 0x14, 0x49, 0x33, 0x10, 0x00, 0x00,
 0xbb, 0x14, 0x49, 0x34, 0x10, 0x00, 0x00, 0xbb,
 0x14, 0x49, 0x35, 0x10, 0x00, 0x00, 0xbb, 0x14,
 0x49, 0x36, 0x10, 0x00, 0x00, 0xbb, 0x12, 0x49,
 0x37, 0x10, 0x00, 0x00, 0xbb, 0x14, 0x49, 0x38,
 0x10, 0x00, 0x00, 0xbb, 0x14, 0x49, 0x39, 0x10,
 0x00, 0x00, 0xbb, 0x14, 0x49, 0x3a, 0x10, 0x00,
 0x00, 0xbb, 0x13, 0x49, 0x3b, 0x10, 0x00, 0x00,
 0xbb, 0x13, 0x49, 0x3c, 0x10, 0x00, 0x00, 0xbb,
 0x13, 0x49, 0x3d, 0x10, 0x00, 0x00, 0xbb, 0x13,
 0x49, 0x3e, 0x10, 0x00, 0x00, 0x5f, 0x9c, 0x00,
 0x49, 0x3f, 0x10, 0x00, 0x00, 0x5f, 0x9c, 0x00,
 0x49, 0x40, 0x10, 0x00, 0x00, 0x5f, 0x9c, 0x00,
 0x49, 0x41, 0x10, 0x00, 0x00, 0x5f, 0x9c, 0x00,
 0x49, 0x42, 0x10, 0x00, 0x00, 0xbb, 0x10, 0x49,
 0x43, 0x10, 0x00, 0x00, 0xbb, 0x0f, 0x49, 0x44,
 0x10, 0x00, 0x00, 0xbb, 0x0f, 0x49, 0x45, 0x10,
 0x00, 0x00, 0xbb, 0x0e, 0x49, 0x46, 0x10, 0x00,
 0x00, 0xbb, 0x0d, 0x49, 0x47, 0x10, 0x00, 0x00,
 0xb7, 0x49, 0x48, 0x10, 0x00, 0x00, 0xb6, 0x49,
 0x49, 0x10, 0x00, 0x00, 0xb5, 0x49, 0x4a, 0x10,
 0x00, 0x00, 0xb4, 0x49, 0x4b, 0x10, 0x00, 0x00,
 0xc1, 0x9d, 0x06, 0xc1, 0xa4, 0x06, 0xc1, 0xa5,
 0x06, 0xc1, 0xa6, 0x06, 0xc1, 0xa7, 0x06, 0xc1,
 0xa8, 0x06, 0xc1, 0xa9, 0x0b, 0x03, 0x68, 0x01,
 0x00, 0x00, 0x51, 0x4c, 0x10, 0x00, 0x00, 0x04,
 0x03, 0x69, 0x01, 0x00, 0x00, 0x4a, 0x4d, 0x10,
 0x00, 0x00, 0x61, 0xa9, 0x00, 0x49, 0x4e, 0x10,
 0x00, 0x00, 0x5f, 0xa9, 0x00, 0x49, 0x4f, 0x10,
 0x00, 0x00, 0x03, 0x6a, 0x01, 0x00, 0x00, 0x51,
 0x50, 0x10, 0x00, 0x00, 0x04, 0x03, 0x6b, 0x01,
 0x00, 0x00, 0x51, 0x51, 0x10, 0x00, 0x00, 0x04,
 0x03, 0x6c, 0x01, 0x00, 0x00, 0x51, 0x52, 0x10,
 0x00, 0x00, 0x04, 0x03, 0x6d, 0x01, 0x00, 0x00,
 0x51, 0x53, 0x10, 0x00, 0x00, 0x04, 0x03, 0x6e,
 0x01, 0x00, 0x00, 0x51, 0x54, 0x10, 0x00, 0x00,
 0x04, 0x03, 0x6f, 0x01, 0x00, 0x00, 0x51, 0x55,
 0x10, 0x00, 0x00, 0x04, 0x03, 0x70, 0x01, 0x00,
 0x00, 0x51, 0x56, 0x10, 0x00, 0x00, 0x04, 0x03,
 0x71, 0x01, 0x00, 0x00, 0x51, 0x57, 0x10, 0x00,
 0x00, 0x04, 0x03, 0x72, 0x01, 0x00, 0x00, 0x51,
 0x58, 0x10, 0x00, 0x00, 0x04, 0x03, 0x73, 0x01,
 0x00, 0x00, 0x51, 0x59, 0x10, 0x00, 0x00, 0x04,
 0x03, 0x74, 0x01, 0x00, 0x00, 0x51, 0x5a, 0x10,
 0x00, 0x00, 0x04, 0x03, 0x75, 0x01, 0x00, 0x00,
 0x51, 0x5b, 0x10, 0x00, 0x00, 0x04, 0x03, 0x76,
 0x01, 0x00, 0x00, 0x51, 0x5c, 0x10, 0x00, 0x00,
 0x04, 0x03, 0x77, 0x01, 0x00, 0x00, 0x51, 0x5d,
 0x10, 0x00, 0x00, 0x04, 0x03, 0x78, 0x01, 0x00,
 0x00, 0x51, 0x5e, 0x10, 0x00, 0x00, 0x04, 0x03,
 0x79, 0x01, 0x00, 0x00, 0x4a, 0x5f, 0x10, 0x00,
 0x00, 0x61, 0xa4, 0x00, 0x49, 0x60, 0x10, 0x00,
 0x00, 0x5f, 0xa4, 0x00, 0x49, 0x61, 0x10, 0x00,
 0x00, 0x03, 0x7a, 0x01, 0x00, 0x00, 0x51, 0x62,
 0x10, 0x00, 0x00, 0x04, 0x03, 0x7b, 0x01, 0x00,
 0x00, 0x4a, 0x63, 0x10, 0x00, 0x00, 0x61, 0xa5,
 0x00, 0x49, 0x64, 0x10, 0x00, 0x00, 0x5f, 0xa5,
 0x00, 0x49, 0x41, 0x10, 0x00, 0x00, 0x03, 0x7c,
 0x01, 0x00, 0x00, 0x51, 0x65, 0x10, 0x00, 0x00,
 0x04, 0x03, 0x7d, 0x01, 0x00, 0x00, 0x51, 0x66,
 0x10, 0x00, 0x00, 0x04, 0x03, 0x7e, 0x01, 0x00,
 0x00, 0x51, 0x67, 0x10, 0x00, 0x00, 0x04, 0x03,
 0x7f, 0x01, 0x00, 0x00, 0x51, 0x68, 0x10, 0x00,
 0x00, 0x04, 0x03, 0x80, 0x01, 0x00, 0x00, 0x51,
 0x69, 0x10, 0x00, 0x00, 0x04, 0x03, 0x81, 0x01,
 0x00, 0x00, 0x51, 0x6a, 0x10, 0x00, 0x00, 0x04,
 0x03, 0x82, 0x01, 0x00, 0x00, 0x51, 0x6b, 0x10,
 0x00, 0x00, 0x04, 0x03, 0x83, 0x01, 0x00, 0x00,
 0x51, 0x6c, 0x10, 0x00, 0x00, 0x04, 0x03, 0x84,
 0x01, 0x00, 0x00, 0x51, 0x6d, 0x10, 0x00, 0x00,
 0x04, 0x03, 0x85, 0x01, 0x00, 0x00, 0x51, 0x6e,
 0x10, 0x00, 0x00, 0x04, 0x03, 0x86, 0x01, 0x00,
 0x00, 0x51, 0x40, 0x10, 0x00, 0x00, 0x04, 0x03,
 0x87, 0x01, 0x00, 0x00, 0x51, 0x3f, 0x10, 0x00,
 0x00, 0x04, 0x03, 0x88, 0x01, 0x00, 0x00, 0x51,
 0x34, 0x10, 0x00, 0x00, 0x04, 0x03, 0x89, 0x01,
 0x00, 0x00, 0x51, 0x39, 0x10, 0x00, 0x00, 0x04,
 0x03, 0x8a, 0x01, 0x00, 0x00, 0x4a, 0x6f, 0x10,
 0x00, 0x00, 0x61, 0xa6, 0x00, 0x49, 0x4b, 0x10,
 0x00, 0x00, 0x5f, 0xa6, 0x00, 0x49, 0x70, 0x10,
 0x00, 0x00, 0x03, 0x8b, 0x01, 0x00, 0x00, 0x51,
 0x4a, 0x10, 0x00, 0x00, 0x04, 0x03, 0x8c, 0x01,
 0x00, 0x00, 0x51, 0x45, 0x10, 0x00, 0x00, 0x04,
 0x03, 0x8d, 0x01, 0x00, 0x00, 0x51, 0x38, 0x10,
 0x00, 0x00, 0x04, 0x03, 0x8e, 0x01, 0x00, 0x00,
 0x51, 0x71, 0x10, 0x00, 0x00, 0x04, 0x03, 0x8f,
 0x01, 0x00, 0x00, 0x51, 0x33, 0x10, 0x00, 0x00,
 0x04, 0x03, 0x90, 0x01, 0x00, 0x00, 0x4a, 0x72,
 0x10, 0x00, 0x00, 0x61, 0xa8, 0x00, 0x49, 0x32,
 0x10, 0x00, 0x00, 0x5f, 0xa8, 0x00, 0x49, 0x73,
 0x10, 0x00, 0x00, 0x03, 0x91, 0x01, 0x00, 0x00,
 0x51, 0x42, 0x10, 0x00, 0x00, 0x04, 0x03, 0x92,
 0x01, 0x00, 0x00, 0x51, 0x74, 0x10, 0x00, 0x00,
 0x04, 0x03, 0x93, 0x01, 0x00, 0x00, 0x51, 0x75,
 0x10, 0x00, 0x00, 0x04, 0x03, 0x94, 0x01, 0x00,
 0x00, 0x51, 0x76, 0x10, 0x00, 0x00, 0x04, 0x03,
 0x95, 0x01, 0x00, 0x00, 0x51, 0x3a, 0x10, 0x00,
 0x00, 0x04, 0x03, 0x96, 0x01, 0x00, 0x00, 0x51,
 0x44, 0x10, 0x00, 0x00, 0x04, 0x03, 0x97, 0x01,
 0x00, 0x00, 0x51, 0x43, 0x10, 0x00, 0x00, 0x04,
 0x03, 0x98, 0x01, 0x00, 0x00, 0x51, 0x49, 0x10,
 0x00, 0x00, 0x04, 0x03, 0x99, 0x01, 0x00, 0x00,
 0x51, 0x77, 0x10, 0x00, 0x00, 0x04, 0x03, 0x9a,
 0x01, 0x00, 0x00, 0x4a, 0x78, 0x10, 0x00, 0x00,
 0x61, 0xa7, 0x00, 0x49, 0x46, 0x10, 0x00, 0x00,
 0x5f, 0xa7, 0x00, 0x49, 0x47, 0x10, 0x00, 0x00,
 0x03, 0x9b, 0x01, 0x00, 0x00, 0x51, 0x48, 0x10,
 0x00, 0x00, 0x04, 0x03, 0x9c, 0x01, 0x00, 0x00,
 0x51, 0x3e, 0x10, 0x00, 0x00, 0x04, 0x03, 0x9d,
 0x01, 0x00, 0x00, 0x51, 0x3d, 0x10, 0x00, 0x00,
 0x04, 0x03, 0x9e, 0x01, 0x00, 0x00, 0x51, 0x3c,
 0x10, 0x00, 0x00, 0x04, 0x03, 0x9f, 0x01, 0x00,
 0x00, 0x51, 0x3b, 0x10, 0x00, 0x00, 0x04, 0x03,
 0xa0, 0x01, 0x00, 0x00, 0x51, 0x79, 0x10, 0x00,
 0x00, 0x04, 0x03, 0xa1, 0x01, 0x00, 0x00, 0x51,
 0x35, 0x10, 0x00, 0x00, 0x04, 0x03, 0xa2, 0x01,
 0x00, 0x00, 0x51, 0x36, 0x10, 0x00, 0x00, 0x04,
 0x03, 0xa3, 0x01, 0x00, 0x00, 0x51, 0x37, 0x10,
 0x00, 0x00, 0x04, 0x03, 0xa4, 0x01, 0x00, 0x00,
 0x51, 0x7a, 0x10, 0x00, 0x00, 0x04, 0xc1, 0xaa,
 0x0b, 0xc1, 0xab, 0x5e, 0xac, 0x00, 0x06, 0x5e,
 0xad, 0x00, 0x02, 0xa5, 0x01, 0x00, 0x00, 0x53,
 0x7b, 0x10, 0x00, 0x00, 0x00, 0x03, 0xa6, 0x01,
 0x00, 0x00, 0x51, 0x7c, 0x10, 0x00, 0x00, 0x00,
 0x03, 0xa7, 0x01, 0x00, 0x00, 0x51, 0x7d, 0x10,
 0x00, 0x00, 0x00, 0x03, 0xa8, 0x01, 0x00, 0x00,
 0x51, 0x7e, 0x10, 0x00, 0x00, 0x00, 0x03, 0xa9,
 0x01, 0x00, 0x00, 0x51, 0x7f, 0x10, 0x00, 0x00,
 0x00, 0x03, 0xaa, 0x01, 0x00, 0x00, 0x51, 0x68,
 0x0b, 0x00, 0x00, 0x00, 0x03, 0xab, 0x01, 0x00,
 0x00, 0x51, 0x3b, 0x00, 0x00, 0x00, 0x00, 0x06,
 0xc1, 0xad, 0x0e, 0xc2, 0xac, 0x67, 0xad, 0x00,
 0xc1, 0xae, 0x0b, 0x03, 0xac, 0x01, 0x00, 0x00,
 0x4a, 0x80, 0x10, 0x00, 0x00, 0x49, 0x80, 0x10,
 0x00, 0x00, 0xc1, 0xaf, 0x0b, 0x03, 0xad, 0x01,
 0x00, 0x00, 0x4a, 0x81, 0x10, 0x00, 0x00, 0x49,
 0x81, 0x10, 0x00, 0x00, 0xc1, 0xb0, 0xcf, 0x5f,
 0xb0, 0x00, 0x3f, 0x82, 0x10, 0x00, 0x00, 0xcf,
 0x5f, 0xaf, 0x00, 0x3f, 0x83, 0x10, 0x00, 0x00,
 0xcf, 0x28, 0x0c, 0x42, 0x02, 0x01, 0x00, 0x02,
 0x05, 0x02, 0x08, 0x00, 0x01, 0x00, 0xa4, 0x01,
 0x07, 0x00, 0x01, 0x00, 0x00, 0x00, 0x01, 0x00,
 0x00, 0x00, 0x00, 0x00, 0xb0, 0x00, 0x01, 0x00,
 0xa0, 0x00, 0x02, 0x00, 0xa0, 0x00, 0x03, 0x00,
 0xb0, 0x00, 0x04, 0x00, 0xa0, 0xf8, 0x02, 0x00,
 0x03, 0x00, 0x5e, 0x02, 0x00, 0x5e, 0x01, 0x00,
 0x5e, 0x00, 0x00, 0x38, 0x00, 0x00, 0x11, 0x01,
 0x00, 0x10, 0x01, 0x00, 0x21, 0x01, 0x00, 0xc7,
 0xb3, 0xc8, 0xb3, 0xc9, 0x5f, 0x01, 0x00, 0xbc,
 0x0b, 0x0a, 0xa1, 0xe8, 0x7e, 0x5e, 0x03, 0x00,
 0xcf, 0x5f, 0x01, 0x00, 0x8f, 0x60, 0x01, 0x00,
 0x43, 0xca, 0x5f, 0x03, 0x00, 0xb3, 0xa1, 0xe8,
 0x0d, 0x5f, 0x02, 0x00, 0x5f, 0x03, 0x00, 0x9c,
 0x60, 0x02, 0x00, 0xea, 0xd8, 0x5e, 0x04, 0x00,
 0xcf, 0x5f, 0x01, 0x00, 0x8f, 0x60, 0x01, 0x00,
 0x43, 0xc1, 0x04, 0xb5, 0x5f, 0x03, 0x00, 0xab,
 0x11, 0xe8, 0x0a, 0x0e, 0xd0, 0x5f, 0x04, 0x00,
 0x43, 0x61, 0x04, 0x00, 0x0e, 0xb4, 0x5f, 0x03,
 0x00, 0xab, 0xe8, 0x24, 0x5f, 0x00, 0x00, 0x3e,
 0x84, 0x10, 0x00, 0x00, 0x5f, 0x04, 0x00, 0x5f,
 0x02, 0x00, 0x5f, 0x02, 0x00, 0xcf, 0x5f, 0x01,
 0x00, 0x8f, 0x60, 0x01, 0x00, 0x43, 0x9b, 0x61,
 0x02, 0x00, 0x24, 0x03, 0x00, 0xea, 0x10, 0x5f,
 0x00, 0x00, 0x5f, 0x02, 0x00, 0x8f, 0x60, 0x02,
 0x00, 0x5f, 0x04, 0x00, 0x16, 0x46, 0x0e, 0xeb,
 0x7c, 0xff, 0x5f, 0x00, 0x00, 0x28, 0x06, 0x00,
 0x00, 0xe0, 0xff, 0xff, 0x9b, 0xe7, 0x41, 0x06,
 0x00, 0x00, 0x00, 0xf8, 0xfa, 0xff, 0xef, 0x41,
 0x06, 0x00, 0x00, 0x60, 0x9f, 0xff, 0xff, 0xef,
 0x41, 0x06, 0x00, 0x00, 0xe0, 0x3f, 0xc0, 0xff,
 0xef, 0x41, 0x06, 0x00, 0x00, 0xe0, 0xff, 0xff,
 0xff, 0xe7, 0x41, 0x06, 0x00, 0x00, 0xc0, 0x16,
 0xe0, 0xff, 0xef, 0x41, 0x06, 0x00, 0x00, 0xe0,
 0x7f, 0xf8, 0xff, 0xef, 0x41, 0x06, 0x00, 0x00,
 0xe0, 0xff, 0xff, 0xfd, 0xe3, 0x41, 0x06, 0x00,
 0x00, 0xe0, 0xbf, 0xff, 0xff, 0xe3, 0x41, 0x06,
 0x00, 0x00, 0xe0, 0xff, 0xfc, 0xff, 0xef, 0x41,
 0x06, 0x00, 0x00, 0xe0, 0xdf, 0x0f, 0xf0, 0xef,
 0x41, 0x06, 0x00, 0x00, 0xe0, 0xf9, 0xdf, 0xff,
 0xef, 0x41, 0x06, 0x00, 0x00, 0xe0, 0xbf, 0xbf,
 0x78, 0xee, 0x41, 0x06, 0x00, 0x00, 0xe0, 0x33,
 0x0f, 0x10, 0xe6, 0x41, 0x06, 0x00, 0x00, 0xc0,
 0xfd, 0x30, 0xff, 0xef, 0x41, 0x06, 0x00, 0x00,
 0xe0, 0xbf, 0xbf, 0x6d, 0xea, 0x41, 0x06, 0x00,
 0x00, 0xc0, 0xfd, 0x77, 0xff, 0xef, 0x41, 0x06,
 0x00, 0x00, 0xe0, 0xf9, 0x1f, 0xc0, 0xef, 0x41,
 0x06, 0x00, 0x00, 0xc0, 0xfd, 0x33, 0xff, 0xef,
 0x41, 0x06, 0x00, 0x00, 0xe0, 0x33, 0x07, 0x1c,
 0xe6, 0x41, 0x06, 0x00, 0x00, 0x80, 0xfd, 0xb8,
 0xc7, 0xea, 0x41, 0x06, 0x00, 0x00, 0x00, 0xe3,
 0xf8, 0x7f, 0xe8, 0x41, 0x06, 0x00, 0x00, 0xe0,
 0xbf, 0xff, 0x7f, 0xee, 0x41, 0x06, 0x00, 0x00,
 0xe0, 0xfd, 0xbb, 0xff, 0xef, 0x41, 0x06, 0x00,
 0x00, 0xe0, 0xbf, 0xff, 0x7d, 0xee, 0x41, 0x06,
 0x00, 0x00, 0xe0, 0xbb, 0x0f, 0x1e, 0xe0, 0x41,
 0x06, 0x00, 0x00, 0xe0, 0xf9, 0x1f, 0x80, 0xef,
 0x41, 0x06, 0x00, 0x00, 0xc0, 0xfd, 0xff, 0x8f,
 0xef, 0x41, 0x06, 0x00, 0x00, 0xe0, 0x8f, 0xf0,
 0xeb, 0xef, 0x41, 0x06, 0x00, 0x00, 0xe0, 0xeb,
 0xef, 0x7f, 0xee, 0x41, 0x06, 0x00, 0x00, 0xe0,
 0x7f, 0x00, 0x54, 0xe8, 0x41, 0x06, 0x00, 0x00,
 0xe0, 0xff, 0xc3, 0xff, 0xef, 0x41, 0x06, 0x00,
 0x00, 0xe0, 0xfb, 0xff, 0xdf, 0xef, 0x41, 0x06,
 0x00, 0x00, 0xe0, 0xff, 0xff, 0x07, 0xe0, 0x41,
 0x06, 0x00, 0x00, 0xe0, 0xff, 0xff, 0xff, 0xe3,
 0x41, 0x06, 0x00, 0x00, 0x00, 0x10, 0xe0, 0xff,
 0xe7, 0x41, 0x06, 0x00, 0x00, 0xe0, 0x7f, 0xfc,
 0xff, 0xef, 0x41, 0x06, 0x00, 0x00, 0x00, 0x00,
 0xe0, 0xfe, 0xef, 0x41, 0x06, 0x00, 0x00, 0xe0,
 0x1f, 0x10, 0x00, 0xe0, 0x41, 0x06, 0x00, 0x00,
 0xe0, 0xff, 0xff, 0xcf, 0xef, 0x41, 0x06, 0x00,
 0x00, 0xe0, 0xff, 0x1f, 0xfe, 0xe7, 0x41, 0x06,
 0x00, 0x00, 0xe0, 0xff, 0xff, 0x1f, 0xed, 0x41,
 0x06, 0x00, 0x00, 0xe0, 0xff, 0xff, 0x8f, 0xef,
 0x41, 0x06, 0x00, 0x00, 0xe0, 0x0f, 0x00, 0x1f,
 0xec, 0x41, 0x06, 0x00, 0x00, 0xe0, 0x0d, 0xfe,
 0xdd, 0xef, 0x41, 0x06, 0x00, 0x00, 0xe0, 0xff,
 0xff, 0xe7, 0xe0, 0x41, 0x06, 0x00, 0x00, 0xe0,
 0xc7, 0xf7, 0xff, 0xef, 0x41, 0x06, 0x00, 0x00,
 0x00, 0x00, 0x00, 0x00, 0xee, 0x41, 0x06, 0x00,
 0x00, 0x00, 0xf8, 0xff, 0x07, 0xe0, 0x41, 0x06,
 0x00, 0x00, 0x80, 0x00, 0xe0, 0xff, 0xef, 0x41,
 0x06, 0x00, 0x00, 0xe0, 0xbf, 0xbf, 0x7d, 0xef,
 0x41, 0x06, 0x00, 0x00, 0xe0, 0x33, 0x27, 0x10,
 0xec, 0x41, 0x06, 0x00, 0x00, 0xe0, 0xff, 0xe0,
 0x7f, 0xe8, 0x41, 0x06, 0x00, 0x00, 0xe0, 0xff,
 0xff, 0xe7, 0xef, 0x41, 0x06, 0x00, 0x00, 0xe0,
 0x7f, 0x00, 0x00, 0xe0, 0x41, 0x06, 0x00, 0x00,
 0xe0, 0xff, 0xff, 0x37, 0xef, 0x41, 0x06, 0x00,
 0x00, 0xe0, 0xff, 0xff, 0x9f, 0xef, 0x41, 0x06,
 0x00, 0x00, 0xe0, 0xff, 0xff, 0x8f, 0xe6, 0x41,
 0x06, 0x00, 0x00, 0xe0, 0xff, 0xbf, 0xff, 0xef,
 0x41, 0x06, 0x00, 0x00, 0xe0, 0xff, 0xff, 0xff,
 0xe8, 0x41, 0x06, 0x00, 0x00, 0xe0, 0xff, 0xf0,
 0xff, 0xef, 0x41, 0x06, 0x00, 0x00, 0xe0, 0x1f,
 0xf0, 0xff, 0xef, 0x41, 0x06, 0x00, 0x00, 0x00,
 0x7c, 0xfc, 0x00, 0xef, 0x41, 0x06, 0x00, 0x00,
 0xe0, 0xfe, 0xf9, 0xff, 0xef, 0x41, 0x06, 0x00,
 0x00, 0x00, 0x02, 0x00, 0x00, 0xef, 0x41, 0x06,
 0x00, 0x00, 0xe0, 0xef, 0xff, 0x3f, 0xef, 0x41,
 0x06, 0x00, 0x00, 0x60, 0xfb, 0xe0, 0xff, 0xef,
 0x41, 0x06, 0x00, 0x00, 0x00, 0x00, 0xe0, 0x9b,
 0xe7, 0x41, 0x06, 0x00, 0x00, 0x00, 0xe8, 0xfa,
 0xff, 0xef, 0x41, 0x06, 0x00, 0x00, 0x60, 0x80,
 0xff, 0xff, 0xef, 0x41, 0x06, 0x00, 0x00, 0x00,
 0x00, 0xd8, 0xff, 0xef, 0x41, 0x06, 0x00, 0x00,
 0x00, 0x0c, 0x18, 0x80, 0xe3, 0x41, 0x06, 0x00,
 0x00, 0x00, 0x00, 0xa0, 0xff, 0xef, 0x41, 0x06,
 0x00, 0x00, 0x00, 0x00, 0x20, 0xe0, 0xef, 0x41,
 0x06, 0x00, 0x00, 0x60, 0x00, 0xc0, 0xff, 0xef,
 0x41, 0x06, 0x00, 0x00, 0x20, 0xfc, 0x33, 0xff,
 0xef, 0x41, 0x06, 0x00, 0x00, 0x00, 0x00, 0x08,
 0x00, 0xe6, 0x41, 0x06, 0x00, 0x00, 0x00, 0xfc,
 0x30, 0xff, 0xef, 0x41, 0x06, 0x00, 0x00, 0x00,
 0xfc, 0x77, 0xff, 0xef, 0x41, 0x06, 0x00, 0x00,
 0x00, 0x00, 0x00, 0x00, 0xe6, 0x41, 0x06, 0x00,
 0x00, 0x00, 0xfd, 0xb8, 0xc7, 0xea, 0x41, 0x06,
 0x00, 0x00, 0x00, 0xfc, 0xbb, 0xff, 0xef, 0x41,
 0x06, 0x00, 0x00, 0x20, 0xfc, 0xbb, 0xff, 0xef,
 0x41, 0x06, 0x00, 0x00, 0x00, 0xfe, 0xbb, 0xff,
 0xef, 0x41, 0x06, 0x00, 0x00, 0x00, 0x00, 0x08,
 0x0e, 0xe0, 0x41, 0x06, 0x00, 0x00, 0x60, 0x00,
 0x00, 0x80, 0xef, 0x41, 0x06, 0x00, 0x00, 0x00,
 0xfc, 0xff, 0x8f, 0xef, 0x41, 0x06, 0x00, 0x00,
 0xe0, 0x0b, 0x00, 0x00, 0xee, 0x41, 0x06, 0x00,
 0x00, 0xe0, 0xff, 0x00, 0x00, 0xe0, 0x41, 0x06,
 0x00, 0x00, 0x40, 0x0c, 0x38, 0xfc, 0xef, 0x41,
 0x06, 0x00, 0x00, 0xe0, 0xff, 0x7f, 0x00, 0xe0,
 0x41, 0x06, 0x00, 0x00, 0xe0, 0xbf, 0xe0, 0xff,
 0xef, 0x41, 0x06, 0x00, 0x00, 0x20, 0x00, 0x18,
 0x80, 0xef, 0x41, 0x06, 0x00, 0x00, 0x00, 0x00,
 0x1c, 0x80, 0xef, 0x41, 0x06, 0x00, 0x00, 0xe0,
 0xff, 0x0f, 0x00, 0xe0, 0x41, 0x06, 0x00, 0x00,
 0x60, 0xf7, 0xfe, 0xff, 0xef, 0x41, 0x06, 0x00,
 0x00, 0xe0, 0x07, 0xe0, 0xff, 0xef, 0x41, 0x06,
 0x00, 0x00, 0xe0, 0xff, 0xff, 0x8f, 0xe8, 0x41,
 0x06, 0x00, 0x00, 0xe0, 0x0f, 0x00, 0x1f, 0xe4,
 0x41, 0x06, 0x00, 0x00, 0x20, 0x00, 0xe0, 0xdd,
 0xef, 0x41, 0x06, 0x00, 0x00, 0xe0, 0x07, 0xf0,
 0xff, 0xef, 0x41, 0x06, 0x00, 0x00, 0x00, 0x12,
 0xe0, 0xff, 0xef, 0x41, 0x06, 0x00, 0x00, 0xe0,
 0xff, 0x01, 0x00, 0xe0, 0x41, 0x06, 0x00, 0x00,
 0x00, 0x00, 0x20, 0x00, 0xec, 0x41, 0x06, 0x00,
 0x00, 0x00, 0xf0, 0x00, 0x00, 0xe0, 0x41, 0x06,
 0x00, 0x00, 0xe0, 0xff, 0x1f, 0x00, 0xe0, 0x41,
 0x06, 0x00, 0x00, 0x20, 0x00, 0xff, 0xff, 0xef,
 0x41, 0x06, 0x00, 0x00, 0x00, 0x00, 0x20, 0x00,
 0xee, 0x41, 0x06, 0x00, 0x00, 0x80, 0xfe, 0xbf,
 0xff, 0xef, 0x41, 0x06, 0x00, 0x00, 0xe0, 0xff,
 0xff, 0xff, 0xef, 0x41, 0x06, 0x00, 0x00, 0x60,
 0xff, 0xff, 0xff, 0xef, 0x41, 0x06, 0x00, 0x00,
 0xe0, 0xbf, 0xbf, 0x7d, 0xee, 0x41, 0x06, 0x00,
 0x00, 0xe0, 0xff, 0xbb, 0xff, 0xef, 0x41, 0x06,
 0x00, 0x00, 0xc0, 0xff, 0xff, 0xff, 0xef, 0x41,
 0x06, 0x00, 0x00, 0xe0, 0xff, 0xe0, 0xff, 0xef,
 0x41, 0x06, 0x00, 0x00, 0xe0, 0xff, 0xff, 0xff,
 0xec, 0x41, 0x06, 0x00, 0x00, 0xe0, 0x17, 0xe4,
 0xff, 0xef, 0x41, 0x06, 0x00, 0x00, 0xe0, 0xff,
 0xdf, 0xff, 0xef, 0x41, 0x06, 0x00, 0x00, 0x00,
 0x00, 0xe0, 0xff, 0xef, 0x41, 0x06, 0x00, 0x00,
 0xe0, 0xff, 0xff, 0xff, 0xee, 0x41, 0x06, 0x00,
 0x00, 0xe0, 0x7f, 0xe0, 0xff, 0xef, 0x41, 0x06,
 0x00, 0x00, 0xe0, 0xff, 0xe7, 0xff, 0xef, 0x41,
 0x06, 0x00, 0x00, 0xc0, 0xff, 0xff, 0xff, 0xe0,
 0x41, 0x06, 0x00, 0x00, 0x00, 0xfc, 0xff, 0xff,
 0xef, 0x41, 0x06, 0x00, 0x00, 0xe0, 0xdf, 0xff,
 0xff, 0xef, 0x41, 0x06, 0x00, 0x00, 0xe0, 0xff,
 0xff, 0x1f, 0xe8, 0x41, 0x06, 0x00, 0x00, 0xe0,
 0xfd, 0x33, 0xff, 0xef, 0x41, 0x06, 0x00, 0x00,
 0xe0, 0xff, 0xff, 0xf7, 0xef, 0x41, 0x06, 0x00,
 0x00, 0x00, 0x10, 0xe0, 0xff, 0xef, 0x41, 0x06,
 0x00, 0x00, 0xe0, 0xff, 0xff, 0xef, 0xef, 0x41,
 0x06, 0x00, 0x00, 0x00, 0x00, 0x80, 0xff, 0xef,
 0x41, 0x06, 0x00, 0x00, 0xe0, 0xff, 0x9f, 0xff,
 0xef, 0x41, 0x06, 0x00, 0x00, 0x00, 0x00, 0x00,
 0x00, 0xe0, 0x41, 0x06, 0x00, 0x00, 0x00, 0x1e,
 0xe0, 0xff, 0xef, 0x41, 0x06, 0x00, 0x00, 0xe0,
 0xff, 0xff, 0xfb, 0xef, 0x41, 0x06, 0x00, 0x00,
 0xe0, 0xbf, 0xff, 0xff, 0xef, 0x41, 0x06, 0x00,
 0x00, 0xe0, 0xfd, 0xff, 0xff, 0xef, 0x41, 0x06,
 0x00, 0x00, 0x00, 0x00, 0xfc, 0xff, 0xef, 0x41,
 0x06, 0x00, 0x00, 0xc0, 0xfa, 0xfe, 0xff, 0xef,
 0x41, 0x06, 0x00, 0x00, 0xe0, 0xbf, 0xe7, 0xff,
 0xef, 0x41, 0x06, 0x00, 0x00, 0xa0, 0xe7, 0xff,
 0xef, 0xef, 0x41, 0x06, 0x00, 0x00, 0xe0, 0xff,
 0xbf, 0xe7, 0xef, 0x41, 0x06, 0x00, 0x00, 0xe0,
 0xff, 0xf3, 0xff, 0xef, 0x41, 0x06, 0x00, 0x00,
 0xe0, 0xff, 0xe1, 0xff, 0xef, 0x41, 0x06, 0x00,
 0x00, 0xe0, 0xe7, 0xe7, 0x5f, 0xe5, 0x41, 0x06,
 0x00, 0x00, 0x00, 0x00, 0x40, 0x00, 0xe0, 0x41,
 0x06, 0x00, 0x00, 0x00, 0xaa, 0xff, 0x7f, 0xee,
 0x41, 0x06, 0x00, 0x00, 0xe0, 0xff, 0xff, 0x0f,
 0xef, 0x41, 0x06, 0x00, 0x00, 0xe0, 0xff, 0xe3,
 0xff, 0xef, 0x41, 0x06, 0x00, 0x00, 0x00, 0x00,
 0x00, 0xf0, 0xef, 0x41, 0x06, 0x00, 0x00, 0x80,
 0xff, 0xff, 0xff, 0xef, 0x41, 0x06, 0x00, 0x00,
 0xe0, 0x3f, 0xff, 0xff, 0xef, 0x41, 0x06, 0x00,
 0x00, 0x00, 0x80, 0xff, 0xff, 0xef, 0x41, 0x06,
 0x00, 0x00, 0x00, 0xfe, 0xff, 0xff, 0xef, 0x41,
 0x06, 0x00, 0x00, 0xe0, 0xef, 0xef, 0xff, 0xef,
 0x41, 0x06, 0x00, 0x00, 0xe0, 0x01, 0xe0, 0xff,
 0xef, 0x41, 0x06, 0x00, 0x00, 0xe0, 0x0f, 0xff,
 0xff, 0xef, 0x41, 0x06, 0x00, 0x00, 0x60, 0xfb,
 0xff, 0xff, 0xef, 0x41, 0x06, 0x00, 0x00, 0x00,
 0x00, 0x00, 0xff, 0xef, 0x41, 0x06, 0x00, 0x00,
 0x00, 0x00, 0xe0, 0xfb, 0xef, 0x41, 0x06, 0x00,
 0x00, 0x00, 0xf8, 0xff, 0xff, 0xef, 0x41, 0x06,
 0x00, 0x00, 0xe0, 0xff, 0xfd, 0xff, 0xef, 0x41,
 0x06, 0x00, 0x00, 0xe0, 0xef, 0xff, 0xff, 0xe6,
 0x41, 0x06, 0x00, 0x00, 0xe0, 0xff, 0xff, 0xe1,
 0xef, 0x41, 0x06, 0x00, 0x00, 0xe0, 0x1f, 0xe0,
 0xff, 0xef, 0x41, 0x06, 0x00, 0x00, 0xe0, 0x01,
 0xe0, 0xff, 0xee, 0x41, 0x06, 0x00, 0x00, 0xe0,
 0xff, 0xfe, 0xf6, 0xef, 0x41, 0x06, 0x00, 0x00,
 0xe0, 0xf7, 0xff, 0xff, 0xef, 0x41, 0x06, 0x00,
 0x00, 0xe0, 0xa7, 0xff, 0xff, 0xef, 0x41, 0x06,
 0x00, 0x00, 0xe0, 0xff, 0xff, 0x37, 0xe2, 0x41,
 0x06, 0x00, 0x00, 0x00, 0xff, 0xff, 0xff, 0xef,
 0x41, 0x06, 0x00, 0x00, 0xe0, 0xff, 0x7f, 0xff,
 0xef, 0x41, 0x06, 0x00, 0x00, 0xe0, 0xaf, 0xf7,
 0xff, 0xe7, 0x41, 0x06, 0x00, 0x00, 0xe0, 0x3f,
 0xe0, 0xff, 0xef, 0x41, 0x06, 0x00, 0x00, 0x00,
 0xfc, 0x33, 0xff, 0xef, 0x41, 0x06, 0x00, 0x00,
 0xe0, 0x7f, 0xe9, 0xff, 0xef, 0x41, 0x06, 0x00,
 0x00, 0xe0, 0x4f, 0xfe, 0xed, 0xef, 0x41, 0x06,
 0x00, 0x00, 0xe0, 0x9f, 0xff, 0xff, 0xef, 0x41,
 0x06, 0x00, 0x00, 0xe0, 0x6f, 0xff, 0xff, 0xef,
 0x41, 0x06, 0x00, 0x00, 0xe0, 0xb7, 0xff, 0xff,
 0xef, 0x41, 0x06, 0x00, 0x00, 0x00, 0xff, 0xff,
 0x1f, 0xec, 0x41, 0x06, 0x00, 0x00, 0xe0, 0xff,
 0xff, 0xff, 0xeb, 0x41, 0x06, 0x00, 0x00, 0x80,
 0xcc, 0xfb, 0x7f, 0xed, 0x41, 0x06, 0x00, 0x00,
 0xe0, 0xf7, 0xfc, 0xfb, 0xeb, 0x41, 0x06, 0x00,
 0x00, 0xe0, 0x8b, 0xbf, 0xff, 0xef, 0x41, 0x06,
 0x00, 0x00, 0xe0, 0xe7, 0xff, 0xff, 0xef, 0x41,
 0x06, 0x00, 0x00, 0xa0, 0xff, 0xff, 0xff, 0xee,
 0x41, 0x06, 0x00, 0x00, 0xe0, 0xff, 0xef, 0xff,
 0xef, 0x41, 0x06, 0x00, 0x00, 0x80, 0x50, 0xdd,
 0x52, 0xe5, 0x41, 0x06, 0x00, 0x00, 0x60, 0x00,
 0xe0, 0xff, 0xef, 0x41, 0x06, 0x00, 0x00, 0x20,
 0x00, 0xe0, 0xff, 0xef, 0x41, 0x0c, 0x42, 0x02,
 0x01, 0x00, 0x01, 0x00, 0x01, 0x04, 0x00, 0x01,
 0x00, 0x14, 0x01, 0x00, 0x01, 0x00, 0x00, 0x00,
 0x00, 0x18, 0x00, 0xb4, 0x64, 0x00, 0x00, 0xcf,
 0xb8, 0xa0, 0x01, 0x00, 0x88, 0x00, 0x00, 0x9b,
 0x43, 0xcf, 0xa0, 0xab, 0x94, 0x94, 0x28, 0x0c,
 0x43, 0x02, 0x01, 0x8a, 0x42, 0x01, 0x00, 0x01,
 0x06, 0x00, 0x00, 0x00, 0x2f, 0x01, 0x00, 0x01,
 0x00, 0x00, 0xcf, 0x3e, 0x86, 0x10, 0x00, 0x00,
 0x8d, 0x3f, 0x86, 0x10, 0x00, 0x00, 0xcf, 0xcf,
 0x3d, 0x70, 0x00, 0x00, 0x00, 0x3e, 0x87, 0x10,
 0x00, 0x00, 0xcf, 0x3e, 0x5b, 0x00, 0x00, 0x00,
 0x8d, 0x15, 0x3f, 0x5b, 0x00, 0x00, 0x00, 0x24,
 0x01, 0x00, 0x15, 0x3f, 0x88, 0x10, 0x00, 0x00,
 0x28, 0x0c, 0x43, 0x02, 0x01, 0x92, 0x42, 0x01,
 0x02, 0x01, 0x04, 0x00, 0x00, 0x00, 0x63, 0x03,
 0x00, 0x01, 0x00, 0x00, 0x00, 0x00, 0x00, 0xb0,
 0x00, 0x01, 0x00, 0xb0, 0x5e, 0x01, 0x00, 0x5e,
 0x00, 0x00, 0xcf, 0x3d, 0x88, 0x10, 0x00, 0x00,
 0xc7, 0x01, 0x00, 0xd8, 0x00, 0x00, 0x01, 0x00,
 0xfc, 0x00, 0x00, 0x5f, 0x00, 0x00, 0xab, 0xa8,
 0xe8, 0x03, 0xb3, 0x28, 0xcf, 0x3d, 0x70, 0x00,
 0x00, 0x00, 0x3e, 0x87, 0x10, 0x00, 0x00, 0xcf,
 0x3d, 0x5b, 0x00, 0x00, 0x00, 0xb4, 0x9b, 0x24,
 0x01, 0x00, 0xc8, 0x01, 0x00, 0xdc, 0x00, 0x00,
 0x01, 0x00, 0xfc, 0x00, 0x00, 0x5f, 0x01, 0x00,
 0xab, 0xa8, 0xe8, 0x03, 0xb3, 0x28, 0x01, 0x00,
 0x00, 0x01, 0x00, 0xbc, 0xff, 0x03, 0x5f, 0x00,
 0x00, 0xab, 0xbb, 0x0a, 0x9e, 0x9b, 0xbc, 0xff,
 0x03, 0x5f, 0x01, 0x00, 0xab, 0x9b, 0x28, 0x0c,
 0x43, 0x02, 0x01, 0x94, 0x42, 0x02, 0x00, 0x02,
 0x06, 0x00, 0x00, 0x00, 0x4a, 0x02, 0x00, 0x01,
 0x00, 0x00, 0x00, 0x01, 0x00, 0x00, 0xcf, 0xcf,
 0x3d, 0x70, 0x00, 0x00, 0x00, 0x3e, 0x87, 0x10,
 0x00, 0x00, 0xcf, 0x3e, 0x5b, 0x00, 0x00, 0x00,
 0x8d, 0x15, 0x3f, 0x5b, 0x00, 0x00, 0x00, 0x24,
 0x01, 0x00, 0x3f, 0x88, 0x10, 0x00, 0x00, 0xcf,
 0x3e, 0x71, 0x00, 0x00, 0x00, 0xb4, 0xad, 0x3f,
 0x71, 0x00, 0x00, 0x00, 0xb7, 0xd0, 0xab, 0x11,
 0xe9, 0x16, 0x0e, 0xcf, 0xb3, 0x3f, 0x86, 0x10,
 0x00, 0x00, 0xcf, 0x3e, 0x8b, 0x10, 0x00, 0x00,
 0x8f, 0x18, 0x3f, 0x8b, 0x10, 0x00, 0x00, 0x29,
 0x0c, 0x43, 0x02, 0x01, 0x98, 0x42, 0x01, 0x00,
 0x01, 0x06, 0x00, 0x00, 0x00, 0x42, 0x01, 0x00,
 0x01, 0x00, 0x00, 0xcf, 0x3e, 0x71, 0x00, 0x00,
 0x00, 0xb4, 0xad, 0x3f, 0x71, 0x00, 0x00, 0x00,
 0xcf, 0xcf, 0x3d, 0x70, 0x00, 0x00, 0x00, 0x3e,
 0x87, 0x10, 0x00, 0x00, 0xcf, 0x3e, 0x5b, 0x00,
